"导出时间","实时压力P1","瞬时流量M1","瞬时流量M2","温度T_R","压力P2_R"
"2026-07-13 15:29:40",0.064164,0,0,26.227507,0.000000
"2026-07-13 15:29:41",0.064164,0,0,26.114475,0.000000
"2026-07-13 15:29:41",0.064160,0,0,26.227507,0.000000
"2026-07-13 15:29:41",0.064164,0,0,26.227507,0.000000
"2026-07-13 15:29:41",0.066342,6,8,26.227507,0.142216
"2026-07-13 15:29:41",0.081798,164,148,26.227507,0.148076
"2026-07-13 15:29:42",0.096914,294,196,26.227507,0.148582
"2026-07-13 15:29:42",0.103502,405,201,26.227507,0.150535
"2026-07-13 15:29:42",0.123304,450,202,26.227507,0.150535
"2026-07-13 15:29:42",0.129691,461,202,26.227507,0.150535
"2026-07-13 15:29:42",0.144130,462,201,26.227507,0.150608
"2026-07-13 15:29:43",0.150331,461,199,26.227507,0.152778
"2026-07-13 15:29:43",0.168369,457,197,26.227507,0.153067
"2026-07-13 15:29:43",0.174244,452,194,26.227507,0.153067
"2026-07-13 15:29:43",0.188357,444,189,26.227507,0.153718
"2026-07-13 15:29:43",0.193737,439,182,26.227507,0.155310
"2026-07-13 15:29:44",0.208038,426,178,26.227507,0.155527
"2026-07-13 15:29:44",0.212889,411,169,26.227507,0.155527
"2026-07-13 15:29:44",0.224298,390,160,26.227507,0.155527
"2026-07-13 15:29:44",0.228503,380,149,26.213943,0.157986
"2026-07-13 15:29:44",0.239411,360,137,26.227507,0.157986
"2026-07-13 15:29:45",0.246292,338,132,26.227507,0.157986
"2026-07-13 15:29:45",0.250894,310,120,26.299847,0.158058
"2026-07-13 15:29:45",0.255109,278,106,26.363144,0.160446
"2026-07-13 15:29:45",0.259974,260,93,26.372185,0.160446
"2026-07-13 15:29:45",0.264613,220,87,26.304367,0.161024
"2026-07-13 15:29:46",0.267135,176,74,26.376707,0.162905
"2026-07-13 15:29:46",0.269222,138,62,26.236549,0.162688
"2026-07-13 15:29:46",0.271323,118,48,26.304367,0.162905
"2026-07-13 15:29:46",0.272915,79,42,26.376707,0.163845
"2026-07-13 15:29:46",0.273659,43,31,26.345058,0.163484
"2026-07-13 15:29:47",0.274067,27,23,26.304367,0.165365
"2026-07-13 15:29:47",0.274528,24,17,26.372185,0.165365
"2026-07-13 15:29:47",0.274861,18,12,26.232029,0.165437
"2026-07-13 15:29:47",0.275087,13,11,26.245590,0.167824
"2026-07-13 15:29:47",0.275252,10,10,26.372185,0.167824
"2026-07-13 15:29:48",0.275454,9,8,26.236549,0.167824
"2026-07-13 15:29:48",0.275709,8,7,26.376707,0.167969
"2026-07-13 15:29:48",0.275881,7,6,26.345058,0.168475
"2026-07-13 15:29:48",0.276107,7,6,26.232029,0.170284
"2026-07-13 15:29:48",0.276272,6,5,26.304367,0.170284
"2026-07-13 15:29:49",0.276565,6,5,26.345058,0.170284
"2026-07-13 15:29:49",0.276746,5,5,26.236549,0.172743
"2026-07-13 15:29:49",0.276948,5,5,26.381227,0.170862
"2026-07-13 15:29:49",0.277022,4,2,26.376707,0.172815
"2026-07-13 15:29:49",0.277379,4,4,26.245590,0.172815
"2026-07-13 15:29:50",0.277538,5,3,26.381227,0.174117
"2026-07-13 15:29:50",0.277726,4,2,26.345058,0.175275
"2026-07-13 15:29:50",0.277820,4,1,26.304367,0.175203
"2026-07-13 15:29:50",0.277989,4,2,26.304367,0.175275
"2026-07-13 15:29:50",0.278211,4,1,26.232029,0.175275
"2026-07-13 15:29:51",0.278420,4,1,26.236549,0.175347
"2026-07-13 15:29:51",0.278618,3,2,26.241070,0.175854
"2026-07-13 15:29:51",0.278766,4,2,26.227507,0.177734
"2026-07-13 15:29:51",0.279009,3,1,26.227507,0.177734
"2026-07-13 15:29:51",0.279268,3,2,26.227507,0.178964
"2026-07-13 15:29:52",0.279329,3,1,26.227507,0.180122
"2026-07-13 15:29:52",0.279605,3,1,26.227507,0.180194
"2026-07-13 15:29:52",0.279689,2,1,26.227507,0.180194
"2026-07-13 15:29:52",0.279904,2,1,26.227507,0.180194
"2026-07-13 15:29:52",0.280009,2,1,26.227507,0.180266
"2026-07-13 15:29:53",0.280291,2,1,26.227507,0.182653
"2026-07-13 15:29:53",0.280386,2,1,26.227507,0.182653
"2026-07-13 15:29:53",0.280544,2,0,26.227507,0.182653
"2026-07-13 15:29:53",0.280567,2,0,26.227507,0.183232
"2026-07-13 15:29:53",0.280847,2,1,26.227507,0.182653
"2026-07-13 15:29:54",0.281032,2,1,26.150646,0.184100
"2026-07-13 15:29:54",0.281140,2,1,26.227507,0.185113
"2026-07-13 15:29:54",0.281281,2,0,26.200380,0.185113
"2026-07-13 15:29:54",0.281409,2,0,26.227507,0.185113
"2026-07-13 15:29:54",0.281544,2,0,26.227507,0.186270
"2026-07-13 15:29:55",0.281651,2,0,26.227507,0.185402
"2026-07-13 15:29:55",0.281749,1,0,26.227507,0.187428
"2026-07-13 15:29:55",0.281843,1,0,26.227507,0.187572
"2026-07-13 15:29:55",0.282029,1,0,26.227507,0.187572
"2026-07-13 15:29:55",0.282109,1,0,26.227507,0.188802
"2026-07-13 15:29:56",0.282197,1,0,26.227507,0.187572
"2026-07-13 15:29:56",0.282251,1,0,26.227507,0.190104
"2026-07-13 15:29:56",0.282392,1,0,26.227507,0.190104
"2026-07-13 15:29:56",0.282429,1,0,26.227507,0.190104
"2026-07-13 15:29:56",0.282406,1,0,26.227507,0.190104
"2026-07-13 15:29:57",0.282443,0,0,26.227507,0.190104
"2026-07-13 15:29:57",0.282581,0,0,26.227507,0.191189
"2026-07-13 15:29:57",0.282715,0,0,26.227507,0.192564
"2026-07-13 15:29:57",0.282870,1,0,26.227507,0.192564
"2026-07-13 15:29:57",0.282907,1,0,26.227507,0.192564
"2026-07-13 15:29:58",0.282961,1,0,26.227507,0.192564
"2026-07-13 15:29:58",0.282914,1,0,26.227507,0.192636
"2026-07-13 15:29:58",0.282924,0,0,26.227507,0.194734
"2026-07-13 15:29:58",0.282964,0,0,26.227507,0.194878
"2026-07-13 15:29:58",0.282958,0,0,26.227507,0.195023
"2026-07-13 15:29:59",0.283069,0,0,26.227507,0.195023
"2026-07-13 15:29:59",0.283146,0,0,26.227507,0.195023
"2026-07-13 15:29:59",0.283126,0,0,26.227507,0.195095
"2026-07-13 15:29:59",0.283200,0,0,26.227507,0.195964
"2026-07-13 15:29:59",0.283177,0,0,26.227507,0.197338
"2026-07-13 15:30:00",0.283281,0,0,26.227507,0.195602
"2026-07-13 15:30:00",0.283224,0,0,26.227507,0.197266
"2026-07-13 15:30:00",0.283150,0,0,26.227507,0.197483
"2026-07-13 15:30:00",0.283106,0,0,26.222986,0.197483
"2026-07-13 15:30:00",0.283055,0,0,26.227507,0.197483
"2026-07-13 15:30:01",0.283001,0,0,26.105434,0.197483
"2026-07-13 15:30:01",0.282874,0,0,26.150646,0.198929
"2026-07-13 15:30:01",0.282927,0,0,26.078308,0.198857
"2026-07-13 15:30:01",0.282800,0,0,26.096392,0.199942
"2026-07-13 15:30:01",0.282823,0,0,26.150646,0.199942
"2026-07-13 15:30:02",0.282678,0,0,26.073786,0.199942
"2026-07-13 15:30:02",0.282655,0,0,26.132563,0.199942
"2026-07-13 15:30:02",0.282614,0,0,26.073786,0.199942
"2026-07-13 15:30:02",0.282503,0,0,26.073786,0.199942
"2026-07-13 15:30:02",0.282375,0,0,26.091871,0.201172
"2026-07-13 15:30:03",0.282274,0,0,26.073786,0.202329
"2026-07-13 15:30:03",0.282520,0,0,26.078308,0.202402
"2026-07-13 15:30:03",0.282688,0,1,26.191336,0.202402
"2026-07-13 15:30:03",0.283045,2,2,26.218466,0.202402
"2026-07-13 15:30:03",0.283335,2,1,26.073786,0.202402
"2026-07-13 15:30:04",0.283591,3,1,26.146126,0.202402
"2026-07-13 15:30:04",0.283803,3,2,26.073786,0.202474
"2026-07-13 15:30:04",0.284106,4,1,26.078308,0.204861
"2026-07-13 15:30:04",0.284442,4,2,26.091871,0.204861
"2026-07-13 15:30:04",0.284681,4,2,26.073786,0.204861
"2026-07-13 15:30:05",0.284954,3,2,26.091871,0.204861
"2026-07-13 15:30:05",0.285133,3,1,26.132563,0.205802
"2026-07-13 15:30:05",0.285422,3,1,26.073786,0.204861
"2026-07-13 15:30:05",0.285638,3,1,26.082829,0.206380
"2026-07-13 15:30:05",0.285954,3,1,26.114475,0.207321
"2026-07-13 15:30:06",0.286089,3,1,26.150646,0.207321
"2026-07-13 15:30:06",0.286217,3,1,26.109955,0.207321
"2026-07-13 15:30:06",0.286577,3,1,26.150646,0.207321
"2026-07-13 15:30:06",0.286880,3,1,26.209423,0.209780
"2026-07-13 15:30:06",0.287045,3,2,26.073786,0.209780
"2026-07-13 15:30:07",0.287210,3,1,26.222986,0.209852
"2026-07-13 15:30:07",0.287519,3,1,26.073786,0.209852
"2026-07-13 15:30:07",0.287799,3,1,26.109955,0.209852
"2026-07-13 15:30:07",0.287900,3,1,26.132563,0.209997
"2026-07-13 15:30:07",0.288267,3,1,26.073786,0.210142
"2026-07-13 15:30:08",0.288368,2,1,26.141605,0.211733
"2026-07-13 15:30:08",0.288644,2,1,26.150646,0.212095
"2026-07-13 15:30:08",0.288785,3,1,26.073786,0.212095
"2026-07-13 15:30:08",0.289152,3,1,26.100912,0.212312
"2026-07-13 15:30:08",0.289257,3,1,26.073786,0.212312
"2026-07-13 15:30:09",0.289526,2,1,26.073786,0.213542
"2026-07-13 15:30:09",0.289647,2,1,26.100912,0.212601
"2026-07-13 15:30:09",0.289964,3,1,26.073786,0.212457
"2026-07-13 15:30:09",0.290182,2,1,26.078308,0.212891
"2026-07-13 15:30:09",0.290354,2,1,26.146126,0.214771
"2026-07-13 15:30:10",0.290526,2,1,26.073786,0.214771
"2026-07-13 15:30:10",0.290738,2,1,26.082829,0.214771
"2026-07-13 15:30:10",0.290926,2,1,26.191336,0.214771
"2026-07-13 15:30:10",0.291159,2,1,26.150646,0.215061
"2026-07-13 15:30:10",0.291277,2,1,26.078308,0.214916
"2026-07-13 15:30:11",0.291495,2,1,26.105434,0.217014
"2026-07-13 15:30:11",0.291697,2,1,26.073786,0.217231
"2026-07-13 15:30:11",0.291839,2,0,26.082829,0.217231
"2026-07-13 15:30:11",0.291960,2,0,26.218466,0.217231
"2026-07-13 15:30:11",0.292209,2,1,26.073786,0.217231
"2026-07-13 15:30:12",0.292408,2,1,26.073786,0.217231
"2026-07-13 15:30:12",0.292583,2,1,26.191336,0.217303
"2026-07-13 15:30:12",0.292785,2,1,26.073786,0.217810
"2026-07-13 15:30:12",0.292876,2,0,26.078308,0.219690
"2026-07-13 15:30:12",0.293155,2,1,26.218466,0.219690
"2026-07-13 15:30:13",0.293320,2,1,26.073786,0.219690
"2026-07-13 15:30:13",0.293461,2,1,26.091871,0.219690
"2026-07-13 15:30:13",0.293539,2,0,26.091871,0.219690
"2026-07-13 15:30:13",0.293690,2,1,26.073786,0.219763
"2026-07-13 15:30:13",0.293929,2,0,26.132563,0.221571
"2026-07-13 15:30:14",0.294145,2,0,26.191336,0.222150
"2026-07-13 15:30:14",0.294276,2,0,26.073786,0.221861
"2026-07-13 15:30:14",0.294414,2,1,26.091871,0.222150
"2026-07-13 15:30:14",0.294576,2,0,26.109955,0.222150
"2026-07-13 15:30:14",0.294815,2,0,26.073786,0.222150
"2026-07-13 15:30:15",0.294902,2,0,26.082829,0.222150
"2026-07-13 15:30:15",0.295040,2,0,26.209423,0.222295
"2026-07-13 15:30:15",0.295215,2,0,26.073786,0.223380
"2026-07-13 15:30:15",0.295417,2,0,26.100912,0.222439
"2026-07-13 15:30:15",0.295512,1,0,26.150646,0.224609
"2026-07-13 15:30:16",0.295791,2,0,26.073786,0.223524
"2026-07-13 15:30:16",0.295842,2,0,26.146126,0.224609
"2026-07-13 15:30:16",0.296060,2,0,26.150646,0.224609
"2026-07-13 15:30:16",0.296138,2,0,26.073786,0.224609
"2026-07-13 15:30:16",0.296427,1,0,26.109955,0.224609
"2026-07-13 15:30:17",0.296535,2,1,26.191336,0.224609
"2026-07-13 15:30:17",0.296663,2,0,26.073786,0.224609
"2026-07-13 15:30:17",0.296774,1,0,26.141605,0.226780
"2026-07-13 15:30:17",0.296936,1,0,26.073786,0.225839
"2026-07-13 15:30:17",0.297107,1,0,26.082829,0.227069
"2026-07-13 15:30:18",0.297232,1,0,26.209423,0.227069
"2026-07-13 15:30:18",0.297296,1,0,26.073786,0.227069
"2026-07-13 15:30:18",0.297478,1,0,26.073786,0.227069
"2026-07-13 15:30:18",0.297680,1,0,26.091871,0.228299
"2026-07-13 15:30:18",0.297791,1,0,26.150646,0.227069
"2026-07-13 15:30:19",0.297909,1,0,26.073786,0.227431
"2026-07-13 15:30:19",0.298067,1,0,26.069265,0.228371
"2026-07-13 15:30:19",0.298252,1,0,26.055702,0.229456
"2026-07-13 15:30:19",0.298350,1,0,25.956234,0.229456
"2026-07-13 15:30:19",0.298545,1,0,26.069265,0.229601
"2026-07-13 15:30:20",0.298643,1,0,26.055702,0.229601
"2026-07-13 15:30:20",0.298771,2,0,25.956234,0.229601
"2026-07-13 15:30:20",0.298909,1,0,26.069265,0.229601
"2026-07-13 15:30:20",0.299084,2,0,26.055702,0.229601
"2026-07-13 15:30:20",0.299188,1,0,25.924587,0.229745
"2026-07-13 15:30:21",0.299276,1,0,26.069265,0.229673
"2026-07-13 15:30:21",0.299481,1,0,26.037615,0.231120
"2026-07-13 15:30:21",0.299649,1,0,25.956234,0.231481
"2026-07-13 15:30:21",0.299710,1,0,26.073786,0.231120
"2026-07-13 15:30:21",0.299895,1,0,26.037615,0.232060
"2026-07-13 15:30:22",0.299999,1,0,25.992405,0.232060
"2026-07-13 15:30:22",0.300134,1,0,26.069265,0.232060
"2026-07-13 15:30:22",0.300245,1,0,25.920067,0.232060
"2026-07-13 15:30:22",0.300353,1,0,25.924587,0.232060
"2026-07-13 15:30:22",0.300471,1,0,26.069265,0.232060
"2026-07-13 15:30:23",0.300669,1,0,26.055702,0.232060
"2026-07-13 15:30:23",0.300764,1,0,25.992405,0.232205
"2026-07-13 15:30:23",0.300966,1,0,26.069265,0.234447
"2026-07-13 15:30:23",0.301040,1,0,26.037615,0.234520
"2026-07-13 15:30:23",0.301215,1,0,25.956234,0.234520
"2026-07-13 15:30:24",0.301302,1,0,26.055702,0.234520
"2026-07-13 15:30:24",0.301400,1,0,25.920067,0.234520
"2026-07-13 15:30:24",0.301568,1,0,26.073786,0.234520
"2026-07-13 15:30:24",0.301733,1,0,26.069265,0.234520
"2026-07-13 15:30:24",0.301841,1,1,25.996927,0.236400
"2026-07-13 15:30:25",0.301955,2,0,25.956234,0.235749
"2026-07-13 15:30:25",0.302184,1,0,26.055702,0.234592
"2026-07-13 15:30:25",0.302336,1,1,26.037615,0.236907
"2026-07-13 15:30:25",0.302289,1,0,25.956234,0.236979
"2026-07-13 15:30:25",0.302383,1,0,26.064745,0.236979
"2026-07-13 15:30:26",0.302561,1,0,25.924587,0.236979
"2026-07-13 15:30:26",0.302709,1,0,26.069265,0.236979
"2026-07-13 15:30:26",0.302784,1,1,26.033094,0.236979
"2026-07-13 15:30:26",0.302922,1,0,25.920067,0.236979
"2026-07-13 15:30:26",0.303056,1,0,25.956234,0.236979
"2026-07-13 15:30:27",0.303194,1,0,26.037615,0.236979
"2026-07-13 15:30:27",0.303356,1,0,25.956234,0.237052
"2026-07-13 15:30:27",0.303447,1,0,26.073786,0.239149
"2026-07-13 15:30:27",0.303581,1,0,26.055702,0.238860
"2026-07-13 15:30:27",0.303787,1,1,25.933630,0.238932
"2026-07-13 15:30:28",0.304076,2,1,26.073786,0.239439
"2026-07-13 15:30:28",0.304134,2,1,26.064745,0.239439
"2026-07-13 15:30:28",0.304288,2,0,25.924587,0.239439
"2026-07-13 15:30:28",0.304416,2,0,26.073786,0.239439
"2026-07-13 15:30:28",0.304517,1,0,26.055702,0.239439
"2026-07-13 15:30:29",0.304554,1,0,25.933630,0.239439
"2026-07-13 15:30:29",0.304676,1,0,26.069265,0.239583
"2026-07-13 15:30:29",0.304847,1,0,25.996927,0.239511
"2026-07-13 15:30:29",0.304965,1,0,25.924587,0.241609
"2026-07-13 15:30:29",0.304999,1,0,26.069265,0.239800
"2026-07-13 15:30:30",0.305255,1,0,26.037615,0.241898
"2026-07-13 15:30:30",0.305265,1,0,25.956234,0.241681
"2026-07-13 15:30:30",0.305453,1,0,26.069265,0.241898
"2026-07-13 15:30:30",0.305510,1,0,26.069265,0.241898
"2026-07-13 15:30:30",0.305719,1,0,25.956234,0.241898
"2026-07-13 15:30:31",0.305746,1,0,26.069265,0.241898
"2026-07-13 15:30:31",0.305931,1,0,26.064745,0.241970
"2026-07-13 15:30:31",0.306005,1,0,25.956234,0.241898
"2026-07-13 15:30:31",0.306153,1,0,26.073786,0.242188
"2026-07-13 15:30:31",0.306228,1,0,26.001448,0.242115
"2026-07-13 15:30:32",0.306278,1,0,25.992405,0.244213
"2026-07-13 15:30:32",0.306302,1,0,26.073786,0.243417
"2026-07-13 15:30:32",0.306359,0,0,26.001448,0.244141
"2026-07-13 15:30:32",0.306531,0,0,25.924587,0.244285
"2026-07-13 15:30:32",0.306803,1,0,26.069265,0.244358
"2026-07-13 15:30:33",0.306874,2,1,26.055702,0.244358
"2026-07-13 15:30:33",0.306921,1,0,26.073786,0.244358
"2026-07-13 15:30:33",0.307059,1,0,26.069265,0.244358
"2026-07-13 15:30:33",0.307106,1,0,26.037615,0.244358
"2026-07-13 15:30:33",0.307224,1,0,25.956234,0.244358
"2026-07-13 15:30:34",0.307291,1,0,26.069265,0.244358
"2026-07-13 15:30:34",0.307426,1,0,25.920067,0.245660
"2026-07-13 15:30:34",0.307611,1,0,25.992405,0.245804
"2026-07-13 15:30:34",0.307766,1,0,26.069265,0.244430
"2026-07-13 15:30:34",0.307763,1,0,25.920067,0.246889
"2026-07-13 15:30:35",0.307881,1,0,26.069265,0.246889
"2026-07-13 15:30:35",0.308015,1,0,26.073786,0.246889
"2026-07-13 15:30:35",0.308136,1,0,25.924587,0.246889
"2026-07-13 15:30:35",0.308163,1,0,25.933630,0.246889
"2026-07-13 15:30:35",0.308274,1,0,26.064745,0.246889
"2026-07-13 15:30:36",0.308561,2,1,25.920067,0.246889
"2026-07-13 15:30:36",0.308655,2,0,25.992405,0.246889
"2026-07-13 15:30:36",0.308729,1,0,26.064745,0.249060
"2026-07-13 15:30:36",0.308810,1,0,26.001448,0.248119
"2026-07-13 15:30:36",0.308975,1,0,26.073786,0.246962
"2026-07-13 15:30:37",0.309062,1,0,26.069265,0.248770
"2026-07-13 15:30:37",0.309183,1,0,25.920067,0.248843
"2026-07-13 15:30:37",0.309288,1,0,26.069265,0.249349
"2026-07-13 15:30:37",0.309352,1,0,26.055702,0.249277
"2026-07-13 15:30:37",0.309564,1,0,25.933630,0.249349
"2026-07-13 15:30:38",0.309658,1,0,26.073786,0.249349
"2026-07-13 15:30:38",0.309830,1,0,26.055702,0.249349
"2026-07-13 15:30:38",0.309961,1,0,25.956234,0.249349
"2026-07-13 15:30:38",0.310059,1,0,25.951714,0.249349
"2026-07-13 15:30:38",0.310136,1,0,26.055702,0.250579
"2026-07-13 15:30:39",0.310331,1,0,25.956234,0.251302
"2026-07-13 15:30:39",0.310389,1,0,26.069265,0.250289
"2026-07-13 15:30:39",0.310476,1,0,26.037615,0.251664
"2026-07-13 15:30:39",0.310530,1,0,25.924587,0.250506
"2026-07-13 15:30:39",0.310661,1,0,26.069265,0.251664
"2026-07-13 15:30:40",0.310783,1,0,26.033094,0.251808
"2026-07-13 15:30:40",0.310947,1,0,25.956234,0.251808
"2026-07-13 15:30:40",0.311240,2,1,26.069265,0.251808
"2026-07-13 15:30:40",0.311281,2,1,26.069265,0.251808
"2026-07-13 15:30:40",0.311432,1,0,25.933630,0.251808
"2026-07-13 15:30:41",0.311506,1,0,26.069265,0.251808
"2026-07-13 15:30:41",0.311654,1,0,26.055702,0.251808
"2026-07-13 15:30:41",0.311712,1,0,25.956234,0.253111
"2026-07-13 15:30:41",0.311752,1,0,26.069265,0.253183
"2026-07-13 15:30:41",0.311877,0,0,26.055702,0.253834
"2026-07-13 15:30:42",0.312025,1,0,25.956234,0.251808
"2026-07-13 15:30:42",0.312015,1,0,26.064745,0.252098
"2026-07-13 15:30:42",0.312102,1,0,25.996927,0.254051
"2026-07-13 15:30:42",0.312203,1,0,25.933630,0.254268
"2026-07-13 15:30:42",0.312301,1,0,26.069265,0.254268
"2026-07-13 15:30:43",0.312345,1,0,25.920067,0.254268
"2026-07-13 15:30:43",0.312563,1,0,25.992405,0.254268
"2026-07-13 15:30:43",0.312611,1,0,26.069265,0.254268
"2026-07-13 15:30:43",0.312705,1,0,26.033094,0.254268
"2026-07-13 15:30:43",0.312735,1,0,25.933630,0.255498
"2026-07-13 15:30:44",0.312944,1,0,26.069265,0.255570
"2026-07-13 15:30:44",0.313173,1,0,25.920067,0.254774
"2026-07-13 15:30:44",0.313223,1,0,25.933630,0.256727
"2026-07-13 15:30:44",0.313355,1,0,26.064745,0.256583
"2026-07-13 15:30:44",0.313392,1,0,25.933630,0.256727
"2026-07-13 15:30:45",0.313513,1,0,25.992405,0.256727
"2026-07-13 15:30:45",0.313624,0,0,26.069265,0.256655
"2026-07-13 15:30:45",0.313698,1,0,26.037615,0.256727
"2026-07-13 15:30:45",0.313843,1,0,25.933630,0.256727
"2026-07-13 15:30:45",0.314028,1,0,26.069265,0.256727
"2026-07-13 15:30:46",0.314018,1,0,25.920067,0.256727
"2026-07-13 15:30:46",0.314119,1,0,25.992405,0.256727
"2026-07-13 15:30:46",0.314220,1,0,26.037615,0.256800
"2026-07-13 15:30:46",0.314391,1,0,26.001448,0.257957
"2026-07-13 15:30:46",0.314543,1,0,25.992405,0.258608
"2026-07-13 15:30:47",0.314668,2,0,26.055702,0.258608
"2026-07-13 15:30:47",0.314715,1,0,25.920067,0.258247
"2026-07-13 15:30:47",0.314789,1,0,26.069265,0.257957
"2026-07-13 15:30:47",0.314913,1,0,26.069265,0.258898
"2026-07-13 15:30:47",0.314997,1,0,25.920067,0.259187
"2026-07-13 15:30:48",0.315045,1,0,26.073786,0.259187
"2026-07-13 15:30:48",0.315193,1,0,26.064745,0.259187
"2026-07-13 15:30:48",0.315348,1,0,25.924587,0.259187
"2026-07-13 15:30:48",0.315442,1,0,25.992405,0.259187
"2026-07-13 15:30:48",0.315469,1,0,26.064745,0.259187
"2026-07-13 15:30:49",0.315775,1,0,25.924587,0.259187
"2026-07-13 15:30:49",0.315866,1,0,26.073786,0.261357
"2026-07-13 15:30:49",0.316041,2,0,26.064745,0.260561
"2026-07-13 15:30:49",0.316095,2,0,26.005968,0.259910
"2026-07-13 15:30:49",0.316314,1,0,26.073786,0.260706
"2026-07-13 15:30:50",0.316418,1,0,26.064745,0.261429
"2026-07-13 15:30:50",0.316489,1,0,25.933630,0.261646
"2026-07-13 15:30:50",0.316576,1,0,26.073786,0.261646
"2026-07-13 15:30:50",0.316785,1,0,26.064745,0.261646
"2026-07-13 15:30:50",0.316910,1,0,25.924587,0.261646
"2026-07-13 15:30:51",0.316990,1,0,26.073786,0.261646
"2026-07-13 15:30:51",0.317105,1,0,26.055702,0.261646
"2026-07-13 15:30:51",0.317192,1,0,25.933630,0.261646
"2026-07-13 15:30:51",0.317391,1,0,25.992405,0.262804
"2026-07-13 15:30:51",0.317485,1,0,26.055702,0.262225
"2026-07-13 15:30:52",0.317667,1,0,25.933630,0.263600
"2026-07-13 15:30:52",0.317714,1,0,26.069265,0.263889
"2026-07-13 15:30:52",0.317795,1,0,26.037615,0.263600
"2026-07-13 15:30:52",0.317876,1,0,25.933630,0.264106
"2026-07-13 15:30:52",0.318051,1,0,26.069265,0.264106
"2026-07-13 15:30:53",0.318115,1,0,25.956234,0.264106
"2026-07-13 15:30:53",0.318209,1,0,25.992405,0.264106
"2026-07-13 15:30:53",0.318307,1,0,26.069265,0.264106
"2026-07-13 15:30:53",0.318415,1,0,26.037615,0.264106
"2026-07-13 15:30:53",0.318529,1,0,25.933630,0.264106
"2026-07-13 15:30:54",0.318788,1,0,26.064745,0.265408
"2026-07-13 15:30:54",0.318849,1,0,25.915545,0.264178
"2026-07-13 15:30:54",0.319004,1,0,25.992405,0.266348
"2026-07-13 15:30:54",0.319017,1,0,26.073786,0.265625
"2026-07-13 15:30:54",0.319182,1,0,26.037615,0.265697
"2026-07-13 15:30:55",0.319270,1,0,25.992405,0.266638
"2026-07-13 15:30:55",0.319297,1,0,26.069265,0.266638
"2026-07-13 15:30:55",0.319438,1,0,25.996927,0.266638
"2026-07-13 15:30:55",0.319563,1,0,25.924587,0.266638
"2026-07-13 15:30:55",0.319684,1,0,26.069265,0.266638
"2026-07-13 15:30:56",0.319788,1,0,26.001448,0.266638
"2026-07-13 15:30:56",0.319839,1,0,25.956234,0.266638
"2026-07-13 15:30:56",0.319967,1,0,26.069265,0.266638
"2026-07-13 15:30:56",0.320108,1,0,26.037615,0.266638
"2026-07-13 15:30:56",0.320273,1,0,25.992405,0.267867
"2026-07-13 15:30:57",0.320397,1,0,26.069265,0.267723
"2026-07-13 15:30:57",0.320387,1,0,26.001448,0.268591
"2026-07-13 15:30:57",0.320421,1,0,25.992405,0.268953
"2026-07-13 15:30:57",0.320667,1,0,26.069265,0.269097
"2026-07-13 15:30:57",0.320865,1,0,26.001448,0.269097
"2026-07-13 15:30:58",0.320943,1,0,25.992405,0.269097
"2026-07-13 15:30:58",0.321034,1,0,26.069265,0.269097
"2026-07-13 15:30:58",0.321205,1,0,26.015011,0.269097
"2026-07-13 15:30:58",0.321313,1,0,25.933630,0.269097
"2026-07-13 15:30:58",0.321374,1,0,26.064745,0.269097
"2026-07-13 15:30:59",0.321562,1,0,25.920067,0.269097
"2026-07-13 15:30:59",0.321586,1,0,26.073786,0.269097
"2026-07-13 15:30:59",0.321771,1,0,26.064745,0.271267
"2026-07-13 15:30:59",0.321865,1,0,26.037615,0.271557
"2026-07-13 15:30:59",0.321990,1,0,25.956234,0.270327
"2026-07-13 15:31:00",0.322155,1,0,26.069265,0.271557
"2026-07-13 15:31:00",0.322303,1,0,26.001448,0.271557
"2026-07-13 15:31:00",0.322384,1,0,25.956234,0.271557
"2026-07-13 15:31:00",0.322458,1,0,26.069265,0.271557
"2026-07-13 15:31:00",0.322609,1,0,25.920067,0.271557
"2026-07-13 15:31:01",0.322670,1,0,26.073786,0.271557
"2026-07-13 15:31:01",0.322848,1,0,26.055702,0.271557
"2026-07-13 15:31:01",0.322875,1,0,25.920067,0.271557
"2026-07-13 15:31:01",0.323050,1,0,25.924587,0.271557
"2026-07-13 15:31:01",0.323165,1,0,26.033094,0.273510
"2026-07-13 15:31:02",0.323316,1,0,25.924587,0.272859
"2026-07-13 15:31:02",0.323289,1,0,25.992405,0.274016
"2026-07-13 15:31:02",0.323387,1,0,26.064745,0.272859
"2026-07-13 15:31:02",0.323522,1,0,26.001448,0.272135
"2026-07-13 15:31:02",0.323633,1,0,26.073786,0.273872
"2026-07-13 15:31:03",0.323720,1,0,26.055702,0.274016
"2026-07-13 15:31:03",0.323872,1,0,25.924587,0.274016
"2026-07-13 15:31:03",0.323956,1,0,26.073786,0.274016
"2026-07-13 15:31:03",0.324070,1,0,26.069265,0.274016
"2026-07-13 15:31:03",0.324107,1,0,25.933630,0.274016
"2026-07-13 15:31:04",0.324282,0,0,26.069265,0.274016
"2026-07-13 15:31:04",0.324427,1,0,26.055702,0.274161
"2026-07-13 15:31:04",0.324515,1,0,25.956234,0.274016
"2026-07-13 15:31:04",0.324626,1,0,26.073786,0.275174
"2026-07-13 15:31:04",0.324774,1,0,26.001448,0.276331
"2026-07-13 15:31:05",0.324899,1,0,25.956234,0.276476
"2026-07-13 15:31:05",0.324993,1,0,26.069265,0.276476
"2026-07-13 15:31:05",0.325097,1,0,25.920067,0.276042
"2026-07-13 15:31:05",0.325245,1,0,25.956234,0.276476
"2026-07-13 15:31:05",0.325434,1,0,26.064745,0.276476
"2026-07-13 15:31:06",0.325562,1,0,25.920067,0.276476
"2026-07-13 15:31:06",0.325720,1,0,26.073786,0.276476
"2026-07-13 15:31:06",0.325808,1,0,26.069265,0.276476
"2026-07-13 15:31:06",0.325932,1,0,25.920067,0.276476
"2026-07-13 15:31:06",0.326033,1,0,26.073786,0.277705
"2026-07-13 15:31:07",0.326151,1,0,26.037615,0.277054
"2026-07-13 15:31:07",0.326178,1,0,26.001448,0.276837
"2026-07-13 15:31:07",0.326296,1,0,26.073786,0.277054
"2026-07-13 15:31:07",0.326451,1,0,26.069265,0.277561
"2026-07-13 15:31:07",0.326565,1,0,25.933630,0.278935
"2026-07-13 15:31:08",0.326642,1,0,26.073786,0.278935
"2026-07-13 15:31:08",0.326770,1,0,26.055702,0.278935
"2026-07-13 15:31:08",0.326962,1,0,25.933630,0.278935
"2026-07-13 15:31:08",0.327131,1,0,26.073786,0.278935
"2026-07-13 15:31:08",0.327137,1,0,25.996927,0.278935
"2026-07-13 15:31:09",0.327326,1,0,25.956234,0.280744
"2026-07-13 15:31:09",0.327339,1,0,26.069265,0.278935
"2026-07-13 15:31:09",0.327525,1,0,26.055702,0.281322
"2026-07-13 15:31:09",0.327588,1,0,25.933630,0.280816
"2026-07-13 15:31:09",0.327723,1,0,26.064745,0.279152
"2026-07-13 15:31:10",0.327865,1,0,25.920067,0.280237
"2026-07-13 15:31:10",0.328009,1,0,26.073786,0.281395
"2026-07-13 15:31:10",0.328070,1,0,26.064745,0.281395
"2026-07-13 15:31:10",0.328134,1,0,26.001448,0.281395
"2026-07-13 15:31:10",0.328191,1,0,26.073786,0.281395
"2026-07-13 15:31:11",0.328292,1,0,26.055702,0.281395
"2026-07-13 15:31:11",0.328390,1,0,25.933630,0.281395
"2026-07-13 15:31:11",0.328494,1,0,26.069265,0.281395
"2026-07-13 15:31:11",0.328649,1,0,26.069265,0.281395
"2026-07-13 15:31:11",0.328774,1,0,25.933630,0.282624
"2026-07-13 15:31:12",0.328928,1,0,26.073786,0.282624
"2026-07-13 15:31:12",0.329036,1,0,26.037615,0.283275
"2026-07-13 15:31:12",0.329151,2,0,25.956234,0.283709
"2026-07-13 15:31:12",0.329258,2,0,26.069265,0.282624
"2026-07-13 15:31:12",0.329518,1,0,25.996927,0.283854
"2026-07-13 15:31:13",0.329575,1,0,25.956234,0.283854
"2026-07-13 15:31:13",0.329649,1,0,26.069265,0.283854
"2026-07-13 15:31:13",0.329878,1,0,25.920067,0.283854
"2026-07-13 15:31:13",0.329962,1,0,25.933630,0.283854
"2026-07-13 15:31:13",0.330039,1,0,26.064745,0.283854
"2026-07-13 15:31:14",0.330235,1,0,25.920067,0.285084
"2026-07-13 15:31:14",0.330265,1,0,26.073786,0.285156
"2026-07-13 15:31:14",0.330403,1,0,26.064745,0.286097
"2026-07-13 15:31:14",0.330497,1,0,25.933630,0.285156
"2026-07-13 15:31:14",0.330699,1,0,26.069265,0.284144
"2026-07-13 15:31:15",0.330864,1,0,26.033094,0.286386
"2026-07-13 15:31:15",0.330938,1,0,25.956234,0.286386
"2026-07-13 15:31:15",0.331049,1,0,26.069265,0.286097
"2026-07-13 15:31:15",0.331204,1,0,26.055702,0.286386
"2026-07-13 15:31:15",0.331268,1,0,25.956234,0.286386
"2026-07-13 15:31:16",0.331403,1,0,26.069265,0.286386
"2026-07-13 15:31:16",0.331554,1,0,26.037615,0.286386
"2026-07-13 15:31:16",0.331615,1,0,25.956234,0.286386
"2026-07-13 15:31:16",0.331800,1,0,26.069265,0.286386
"2026-07-13 15:31:16",0.331871,1,0,25.920067,0.286386
"2026-07-13 15:31:17",0.332026,1,0,26.073786,0.287616
"2026-07-13 15:31:17",0.332036,1,0,26.069265,0.288701
"2026-07-13 15:31:17",0.332191,1,0,25.924587,0.286603
"2026-07-13 15:31:17",0.332302,1,0,25.992405,0.286386
"2026-07-13 15:31:17",0.332460,1,0,26.064745,0.288845
"2026-07-13 15:31:18",0.332521,1,0,25.933630,0.288845
"2026-07-13 15:31:18",0.332669,1,0,26.073786,0.288845
"2026-07-13 15:31:18",0.332743,1,0,26.037615,0.288845
"2026-07-13 15:31:18",0.332911,1,0,25.933630,0.288845
"2026-07-13 15:31:18",0.332965,1,0,26.073786,0.288845
"2026-07-13 15:31:19",0.333106,1,0,26.055702,0.288845
"2026-07-13 15:31:19",0.333275,1,0,26.073786,0.288845
"2026-07-13 15:31:19",0.333349,1,0,26.069265,0.288845
"2026-07-13 15:31:19",0.333433,1,0,25.920067,0.288918
"2026-07-13 15:31:19",0.333551,1,0,26.073786,0.289424
"2026-07-13 15:31:20",0.333645,1,0,26.064745,0.291305
"2026-07-13 15:31:20",0.333712,1,0,25.924587,0.290799
"2026-07-13 15:31:20",0.333780,1,0,26.073786,0.291233
"2026-07-13 15:31:20",0.333800,0,0,26.064745,0.291305
"2026-07-13 15:31:20",0.333817,0,0,25.933630,0.291305
"2026-07-13 15:31:21",0.333810,0,0,26.069265,0.291305
"2026-07-13 15:31:21",0.333803,0,0,26.037615,0.291305
"2026-07-13 15:31:21",0.333793,0,0,25.956234,0.291305
"2026-07-13 15:31:21",0.333796,0,0,26.069265,0.291305
"2026-07-13 15:31:21",0.333796,0,0,26.001448,0.291450
"2026-07-13 15:31:22",0.333790,0,0,25.956234,0.293620
"2026-07-13 15:31:22",0.333776,0,0,26.069265,0.292390
"2026-07-13 15:31:22",0.333776,0,0,25.920067,0.293475
"2026-07-13 15:31:22",0.333773,0,0,25.933630,0.293692
"2026-07-13 15:31:22",0.333770,0,0,26.033094,0.293620
"2026-07-13 15:31:23",0.333773,0,0,25.924587,0.293764
"2026-07-13 15:31:23",0.333763,0,0,26.069265,0.293764
"2026-07-13 15:31:23",0.333759,0,0,26.037615,0.293764
"2026-07-13 15:31:23",0.333756,0,0,25.924587,0.293764
"2026-07-13 15:31:23",0.333756,0,0,26.069265,0.293764
"2026-07-13 15:31:24",0.333749,0,0,26.037615,0.293764
"2026-07-13 15:31:24",0.333746,0,0,25.956234,0.293764
"2026-07-13 15:31:24",0.333739,0,0,26.073786,0.296007
"2026-07-13 15:31:24",0.333739,0,0,26.037615,0.296079
"2026-07-13 15:31:24",0.333739,0,0,25.992405,0.295067
"2026-07-13 15:31:25",0.333736,0,0,26.069265,0.295284
"2026-07-13 15:31:25",0.333732,0,0,26.001448,0.296152
"2026-07-13 15:31:25",0.333729,0,0,25.992405,0.296224
"2026-07-13 15:31:25",0.333726,0,0,26.073786,0.294343
"2026-07-13 15:31:25",0.333722,0,0,25.933630,0.296224
"2026-07-13 15:31:26",0.333726,0,0,26.073786,0.296224
"2026-07-13 15:31:26",0.333716,0,0,26.064745,0.296224
"2026-07-13 15:31:26",0.333716,0,0,25.933630,0.296224
"2026-07-13 15:31:26",0.333702,0,0,26.073786,0.296224
"2026-07-13 15:31:26",0.333709,0,0,26.037615,0.296224
"2026-07-13 15:31:27",0.333702,0,0,25.956234,0.296658
"2026-07-13 15:31:27",0.333699,0,0,26.064745,0.297526
"2026-07-13 15:31:27",0.333695,0,0,26.037615,0.297454
"2026-07-13 15:31:27",0.333689,0,0,25.924587,0.298466
"2026-07-13 15:31:27",0.333685,0,0,26.069265,0.298683
"2026-07-13 15:31:28",0.333682,0,0,26.001448,0.298683
"2026-07-13 15:31:28",0.333682,0,0,25.992405,0.298683
"2026-07-13 15:31:28",0.333675,0,0,26.064745,0.298683
"2026-07-13 15:31:28",0.333672,0,0,25.920067,0.298683
"2026-07-13 15:31:28",0.333669,0,0,26.069265,0.298683
"2026-07-13 15:31:29",0.333669,0,0,26.055702,0.298683
"2026-07-13 15:31:29",0.333662,0,0,26.005968,0.299913
"2026-07-13 15:31:29",0.333662,0,0,26.069265,0.299045
"2026-07-13 15:31:29",0.333655,0,0,26.055702,0.298756
"2026-07-13 15:31:29",0.333658,0,0,25.933630,0.299769
"2026-07-13 15:31:30",0.333652,0,0,26.073786,0.299769
"2026-07-13 15:31:30",0.333648,0,0,26.055702,0.299262
"2026-07-13 15:31:30",0.333645,0,0,25.933630,0.301143
"2026-07-13 15:31:30",0.333642,0,0,26.064745,0.301143
"2026-07-13 15:31:30",0.333638,0,0,26.037615,0.301143
"2026-07-13 15:31:31",0.333632,0,0,25.992405,0.301143
"2026-07-13 15:31:31",0.333632,0,0,26.069265,0.301143
"2026-07-13 15:31:31",0.333625,0,0,25.920067,0.301143
"2026-07-13 15:31:31",0.333621,0,0,25.992405,0.301143
"2026-07-13 15:31:31",0.333618,0,0,26.055702,0.301143
"2026-07-13 15:31:32",0.333618,0,0,25.920067,0.301505
"2026-07-13 15:31:32",0.333621,0,0,26.073786,0.301288
"2026-07-13 15:31:32",0.333618,0,0,25.996927,0.303602
"2026-07-13 15:31:32",0.333615,0,0,25.933630,0.303458
"2026-07-13 15:31:32",0.333608,0,0,26.069265,0.303096
"2026-07-13 15:31:33",0.333605,0,0,26.037615,0.303602
"2026-07-13 15:31:33",0.333605,0,0,25.956234,0.303602
"2026-07-13 15:31:33",0.333598,0,0,26.069265,0.303602
"2026-07-13 15:31:33",0.333594,0,0,26.037615,0.303602
"2026-07-13 15:31:33",0.333591,0,0,25.992405,0.303602
"2026-07-13 15:31:34",0.333591,0,0,26.064745,0.303602
"2026-07-13 15:31:34",0.333588,0,0,25.924587,0.303675
"2026-07-13 15:31:34",0.333574,0,0,26.073786,0.305917
"2026-07-13 15:31:34",0.333578,0,0,26.064745,0.304905
"2026-07-13 15:31:34",0.333581,0,0,26.005968,0.304326
"2026-07-13 15:31:35",0.333574,0,0,26.069265,0.303964
"2026-07-13 15:31:35",0.333574,0,0,26.037615,0.305049
"2026-07-13 15:31:35",0.333574,0,0,25.933630,0.306134
"2026-07-13 15:31:35",0.333568,0,0,26.073786,0.306134
"2026-07-13 15:31:35",0.333557,0,0,25.996927,0.306134
"2026-07-13 15:31:36",0.333557,0,0,25.992405,0.306134
"2026-07-13 15:31:36",0.333561,0,0,26.064745,0.306134
"2026-07-13 15:31:36",0.333554,0,0,25.915545,0.306134
"2026-07-13 15:31:36",0.333551,0,0,25.956234,0.306713
"2026-07-13 15:31:36",0.333544,0,0,26.069265,0.306424
"2026-07-13 15:31:37",0.333541,0,0,25.920067,0.306134
"2026-07-13 15:31:37",0.333544,0,0,25.992405,0.306279
"2026-07-13 15:31:37",0.333541,0,0,26.055702,0.307364
"2026-07-13 15:31:37",0.333537,0,0,26.037615,0.308160
"2026-07-13 15:31:37",0.333531,0,0,25.992405,0.308449
"2026-07-13 15:31:38",0.333531,0,0,26.055702,0.306930
"2026-07-13 15:31:38",0.333527,0,0,25.933630,0.308594
"2026-07-13 15:31:38",0.333524,0,0,26.073786,0.308594
"2026-07-13 15:31:38",0.333524,0,0,26.069265,0.308594
"2026-07-13 15:31:38",0.333520,0,0,25.933630,0.308594
"2026-07-13 15:31:39",0.333514,0,0,26.073786,0.308594
"2026-07-13 15:31:39",0.333514,0,0,26.055702,0.308594
"2026-07-13 15:31:39",0.333504,0,0,25.933630,0.310402
"2026-07-13 15:31:39",0.333500,0,0,26.073786,0.308594
"2026-07-13 15:31:39",0.333497,0,0,25.996927,0.308594
"2026-07-13 15:31:40",0.333497,0,0,25.956234,0.308666
"2026-07-13 15:31:40",0.333493,0,0,26.064745,0.309100
"2026-07-13 15:31:40",0.333487,0,0,26.055702,0.311053
"2026-07-13 15:31:40",0.333480,0,0,25.933630,0.311053
"2026-07-13 15:31:40",0.333483,0,0,26.069265,0.310909
"2026-07-13 15:31:41",0.333480,0,0,25.978840,0.309172
"2026-07-13 15:31:41",0.333477,0,0,26.073786,0.311053
"2026-07-13 15:31:41",0.333477,0,0,26.055702,0.311053
"2026-07-13 15:31:41",0.333477,0,0,25.960754,0.311053
"2026-07-13 15:31:41",0.333467,0,0,26.073786,0.311053
"2026-07-13 15:31:42",0.333463,0,0,26.037615,0.311632
"2026-07-13 15:31:42",0.333460,0,0,25.933630,0.311126
"2026-07-13 15:31:42",0.333463,0,0,26.069265,0.312283
"2026-07-13 15:31:42",0.333460,0,0,26.069265,0.313006
"2026-07-13 15:31:42",0.333450,0,0,25.956234,0.312572
"2026-07-13 15:31:43",0.333446,0,0,26.064745,0.313440
"2026-07-13 15:31:43",0.333446,0,0,26.073786,0.313296
"2026-07-13 15:31:43",0.333443,0,0,25.992405,0.313513
"2026-07-13 15:31:43",0.333436,0,0,26.069265,0.313513
"2026-07-13 15:31:43",0.333440,0,0,25.920067,0.313513
"2026-07-13 15:31:44",0.333433,0,0,25.956234,0.313513
"2026-07-13 15:31:44",0.333436,0,0,26.069265,0.313513
"2026-07-13 15:31:44",0.333430,0,0,25.920067,0.313513
"2026-07-13 15:31:44",0.333430,0,0,25.992405,0.313513
"2026-07-13 15:31:44",0.333426,0,0,26.064745,0.314742
"2026-07-13 15:31:45",0.333423,0,0,25.924587,0.314091
"2026-07-13 15:31:45",0.333416,0,0,26.073786,0.315755
"2026-07-13 15:31:45",0.333416,0,0,26.064745,0.315972
"2026-07-13 15:31:45",0.333416,0,0,25.933630,0.315538
"2026-07-13 15:31:45",0.333413,0,0,26.069265,0.315900
"2026-07-13 15:31:46",0.333413,0,0,26.055702,0.315032
"2026-07-13 15:31:46",0.333409,0,0,25.933630,0.315972
"2026-07-13 15:31:46",0.333403,0,0,26.069265,0.315972
"2026-07-13 15:31:46",0.333406,0,0,26.064745,0.315972
"2026-07-13 15:31:46",0.333396,0,0,26.073786,0.315972
"2026-07-13 15:31:47",0.333396,0,0,26.055702,0.315972
"2026-07-13 15:31:47",0.333396,0,0,25.996927,0.315972
"2026-07-13 15:31:47",0.333389,0,0,25.956234,0.316117
"2026-07-13 15:31:47",0.333386,0,0,26.069265,0.315972
"2026-07-13 15:31:47",0.333382,0,0,26.005968,0.316623
"2026-07-13 15:31:48",0.333382,0,0,25.992405,0.316551
"2026-07-13 15:31:48",0.333376,0,0,26.064745,0.318432
"2026-07-13 15:31:48",0.333372,0,0,25.920067,0.316985
"2026-07-13 15:31:48",0.333369,0,0,25.956234,0.318432
"2026-07-13 15:31:48",0.333366,0,0,25.996927,0.318432
"2026-07-13 15:31:49",0.333369,0,0,25.956234,0.318432
"2026-07-13 15:31:49",0.333369,0,0,26.069265,0.318432
"2026-07-13 15:31:49",0.333362,0,0,26.037615,0.318432
"2026-07-13 15:31:49",0.333355,0,0,25.924587,0.318432
"2026-07-13 15:31:49",0.333349,0,0,26.069265,0.318432
"2026-07-13 15:31:50",0.333345,0,0,26.037615,0.318432
"2026-07-13 15:31:50",0.333342,0,0,25.956234,0.318576
"2026-07-13 15:31:50",0.333342,0,0,26.064745,0.318504
"2026-07-13 15:31:50",0.333339,0,0,26.037615,0.318576
"2026-07-13 15:31:50",0.333335,0,0,25.992405,0.319444
"2026-07-13 15:31:51",0.333335,0,0,26.069265,0.320457
"2026-07-13 15:31:51",0.333329,0,0,25.996927,0.320747
"2026-07-13 15:31:51",0.333325,0,0,26.073786,0.320891
"2026-07-13 15:31:51",0.333322,0,0,26.069265,0.320891
"2026-07-13 15:31:51",0.333318,0,0,25.924587,0.320891
"2026-07-13 15:31:52",0.333318,0,0,25.992405,0.320891
"2026-07-13 15:31:52",0.333308,0,0,26.055702,0.320891
"2026-07-13 15:31:52",0.333312,0,0,25.933630,0.320891
"2026-07-13 15:31:52",0.333305,0,0,26.073786,0.320891
"2026-07-13 15:31:52",0.333302,0,0,26.064745,0.320891
"2026-07-13 15:31:53",0.333302,0,0,25.956234,0.321108
"2026-07-13 15:31:53",0.333302,0,0,26.069265,0.321398
"2026-07-13 15:31:53",0.333295,0,0,25.996927,0.323134
"2026-07-13 15:31:53",0.333295,0,0,25.965277,0.322338
"2026-07-13 15:31:53",0.333291,0,0,26.069265,0.323278
"2026-07-13 15:31:54",0.333291,0,0,25.924587,0.323423
"2026-07-13 15:31:54",0.333285,0,0,25.992405,0.323423
"2026-07-13 15:31:54",0.333291,0,0,26.069265,0.323423
"2026-07-13 15:31:54",0.333275,0,0,26.001448,0.323423
"2026-07-13 15:31:54",0.333278,0,0,26.073786,0.323423
"2026-07-13 15:31:55",0.333271,0,0,26.055702,0.323423
"2026-07-13 15:31:55",0.333275,0,0,26.005968,0.323423
"2026-07-13 15:31:55",0.333268,0,0,26.073786,0.323423
"2026-07-13 15:31:55",0.333268,0,0,26.064745,0.323423
"2026-07-13 15:31:55",0.333261,0,0,25.956234,0.324146
"2026-07-13 15:31:56",0.333258,0,0,26.073786,0.325738
"2026-07-13 15:31:56",0.333254,0,0,26.037615,0.324653
"2026-07-13 15:31:56",0.333258,0,0,25.992405,0.325883
"2026-07-13 15:31:56",0.333258,0,0,26.069265,0.324653
"2026-07-13 15:31:56",0.333244,0,0,26.037615,0.325883
"2026-07-13 15:31:57",0.333251,0,0,25.992405,0.325883
"2026-07-13 15:31:57",0.333248,0,0,26.069265,0.325883
"2026-07-13 15:31:57",0.333238,0,0,25.920067,0.325883
"2026-07-13 15:31:57",0.333241,0,0,26.073786,0.325883
"2026-07-13 15:31:57",0.333238,0,0,26.055702,0.325883
"2026-07-13 15:31:58",0.333228,0,0,25.924587,0.325883
"2026-07-13 15:31:58",0.333224,0,0,26.073786,0.325883
"2026-07-13 15:31:58",0.333217,0,0,26.037615,0.325883
"2026-07-13 15:31:58",0.333224,0,0,25.933630,0.326461
"2026-07-13 15:31:58",0.333224,0,0,26.069265,0.327257
"2026-07-13 15:31:59",0.333214,0,0,26.055702,0.328342
"2026-07-13 15:31:59",0.333214,0,0,25.933630,0.328197
"2026-07-13 15:31:59",0.333207,0,0,26.069265,0.328342
"2026-07-13 15:31:59",0.333207,0,0,26.037615,0.328342
"2026-07-13 15:31:59",0.333207,0,0,25.956234,0.328342
"2026-07-13 15:32:00",0.333197,0,0,26.073786,0.328342
"2026-07-13 15:32:00",0.333201,0,0,25.920067,0.328342
"2026-07-13 15:32:00",0.333197,0,0,25.992405,0.328342
"2026-07-13 15:32:00",0.333190,0,0,26.064745,0.328342
"2026-07-13 15:32:00",0.333190,0,0,25.920067,0.328342
"2026-07-13 15:32:01",0.333187,0,0,26.073786,0.328342
"2026-07-13 15:32:01",0.333187,0,0,26.064745,0.328487
"2026-07-13 15:32:01",0.333180,0,0,25.924587,0.330295
"2026-07-13 15:32:01",0.333177,0,0,26.073786,0.328704
"2026-07-13 15:32:01",0.333177,0,0,26.055702,0.330802
"2026-07-13 15:32:02",0.333174,0,0,25.933630,0.328921
"2026-07-13 15:32:02",0.333167,0,0,26.069265,0.330802
"2026-07-13 15:32:02",0.333167,0,0,25.938150,0.329572
"2026-07-13 15:32:02",0.333167,0,0,25.924587,0.330802
"2026-07-13 15:32:02",0.333167,0,0,26.069265,0.330802
"2026-07-13 15:32:03",0.333164,0,0,26.037615,0.330802
"2026-07-13 15:32:03",0.333160,0,0,25.992405,0.330802
"2026-07-13 15:32:03",0.333153,0,0,26.069265,0.330802
"2026-07-13 15:32:03",0.333150,0,0,26.064745,0.330802
"2026-07-13 15:32:03",0.333153,0,0,26.073786,0.330802
"2026-07-13 15:32:04",0.333147,0,0,26.055702,0.331163
"2026-07-13 15:32:04",0.333147,0,0,25.920067,0.331959
"2026-07-13 15:32:04",0.333147,0,0,26.146126,0.333261
"2026-07-13 15:32:04",0.333140,0,0,26.209423,0.333116
"2026-07-13 15:32:04",0.333137,0,0,26.078308,0.333044
"2026-07-13 15:32:05",0.333137,0,0,26.087349,0.333116
"2026-07-13 15:32:05",0.333133,0,0,26.073786,0.333261
"2026-07-13 15:32:05",0.333130,0,0,26.082829,0.333261
"2026-07-13 15:32:05",0.333123,0,0,26.100912,0.333261
"2026-07-13 15:32:05",0.333120,0,0,26.150646,0.333261
"2026-07-13 15:32:06",0.333116,0,0,26.073786,0.333261
"2026-07-13 15:32:06",0.333120,0,0,26.209423,0.333261
"2026-07-13 15:32:06",0.333116,0,0,26.073786,0.333261
"2026-07-13 15:32:06",0.333113,0,0,26.078308,0.333261
"2026-07-13 15:32:06",0.333113,0,0,26.209423,0.333550
"2026-07-13 15:32:07",0.333103,0,0,26.073786,0.334708
"2026-07-13 15:32:07",0.333113,0,0,26.082829,0.334057
"2026-07-13 15:32:07",0.333100,0,0,26.191336,0.334635
"2026-07-13 15:32:07",0.333100,0,0,26.073786,0.335720
"2026-07-13 15:32:07",0.333096,0,0,26.109955,0.335720
"2026-07-13 15:32:08",0.333096,0,0,26.150646,0.335720
"2026-07-13 15:32:08",0.333096,0,0,26.073786,0.335720
"2026-07-13 15:32:08",0.333089,0,0,26.082829,0.335720
"2026-07-13 15:32:08",0.333086,0,0,26.191336,0.335720
"2026-07-13 15:32:08",0.333083,0,0,26.073786,0.335720
"2026-07-13 15:32:09",0.333086,0,0,26.146126,0.335720
"2026-07-13 15:32:09",0.333076,0,0,26.191336,0.335720
"2026-07-13 15:32:09",0.333076,0,0,26.078308,0.335720
"2026-07-13 15:32:09",0.333073,0,0,26.109955,0.335720
"2026-07-13 15:32:09",0.333073,0,0,26.073786,0.337891
"2026-07-13 15:32:10",0.333069,0,0,26.078308,0.336950
"2026-07-13 15:32:10",0.333066,0,0,26.100912,0.336444
"2026-07-13 15:32:10",0.333066,0,0,26.073786,0.338180
"2026-07-13 15:32:10",0.333056,0,0,26.082829,0.338108
"2026-07-13 15:32:10",0.333052,0,0,26.191336,0.338180
"2026-07-13 15:32:11",0.333052,0,0,26.073786,0.336950
"2026-07-13 15:32:11",0.333052,0,0,26.109955,0.338180
"2026-07-13 15:32:11",0.333049,0,0,26.209423,0.338180
"2026-07-13 15:32:11",0.333046,0,0,26.073786,0.338180
"2026-07-13 15:32:11",0.333039,0,0,26.073786,0.338180
"2026-07-13 15:32:12",0.333039,0,0,26.150646,0.338180
"2026-07-13 15:32:12",0.333039,0,0,26.073786,0.338180
"2026-07-13 15:32:12",0.333029,0,0,26.082829,0.338180
"2026-07-13 15:32:12",0.333029,0,0,26.209423,0.338180
"2026-07-13 15:32:12",0.333022,0,0,26.078308,0.339410
"2026-07-13 15:32:13",0.333022,0,0,26.105434,0.339120
"2026-07-13 15:32:13",0.333019,0,0,26.150646,0.338397
"2026-07-13 15:32:13",0.333019,0,0,26.073786,0.340495
"2026-07-13 15:32:13",0.333019,0,0,26.073786,0.340639
"2026-07-13 15:32:13",0.333019,0,0,26.073786,0.339482
"2026-07-13 15:32:14",0.333009,0,0,26.078308,0.340639
"2026-07-13 15:32:14",0.333002,0,0,26.218466,0.340639
"2026-07-13 15:32:14",0.333005,0,0,26.073786,0.340639
"2026-07-13 15:32:14",0.332995,0,0,26.073786,0.340639
"2026-07-13 15:32:14",0.332995,0,0,26.218466,0.340639
"2026-07-13 15:32:15",0.332992,0,0,26.073786,0.340639
"2026-07-13 15:32:15",0.332992,0,0,26.078308,0.340639
"2026-07-13 15:32:15",0.332989,0,0,26.209423,0.340639
"2026-07-13 15:32:15",0.332985,0,0,26.073786,0.340639
"2026-07-13 15:32:15",0.332989,0,0,26.109955,0.340929
"2026-07-13 15:32:16",0.332982,0,0,26.191336,0.340639
"2026-07-13 15:32:16",0.332978,0,0,26.078308,0.340929
"2026-07-13 15:32:16",0.332978,0,0,26.100912,0.341725
"2026-07-13 15:32:16",0.332968,0,0,26.209423,0.341869
"2026-07-13 15:32:16",0.332972,0,0,26.073786,0.343099
"2026-07-13 15:32:17",0.332968,0,0,26.146126,0.343171
"2026-07-13 15:32:17",0.332965,0,0,26.191336,0.343171
"2026-07-13 15:32:17",0.332965,0,0,26.078308,0.343171
"2026-07-13 15:32:17",0.332962,0,0,26.091871,0.343171
"2026-07-13 15:32:17",0.332958,0,0,26.150646,0.343171
"2026-07-13 15:32:18",0.332958,0,0,26.078308,0.343171
"2026-07-13 15:32:18",0.332951,0,0,26.218466,0.343171
"2026-07-13 15:32:18",0.332945,0,0,26.150646,0.343171
"2026-07-13 15:32:18",0.332948,0,0,26.078308,0.343171
"2026-07-13 15:32:18",0.332941,0,0,26.141605,0.343822
"2026-07-13 15:32:19",0.332941,0,0,26.150646,0.343822
"2026-07-13 15:32:19",0.332935,0,0,26.078308,0.344184
"2026-07-13 15:32:19",0.332931,0,0,26.218466,0.344184
"2026-07-13 15:32:19",0.332931,0,0,26.150646,0.344618
"2026-07-13 15:32:19",0.332928,0,0,26.082829,0.343750
"2026-07-13 15:32:20",0.332928,0,0,26.218466,0.344401
"2026-07-13 15:32:20",0.332925,0,0,26.073786,0.344473
"2026-07-13 15:32:20",0.332918,0,0,26.082829,0.343750
"2026-07-13 15:32:20",0.332918,0,0,26.141605,0.345631
"2026-07-13 15:32:20",0.332921,0,0,26.073786,0.345631
"2026-07-13 15:32:21",0.332914,0,0,26.091871,0.345631
"2026-07-13 15:32:21",0.332911,0,0,26.218466,0.345631
"2026-07-13 15:32:21",0.332911,0,0,26.073786,0.345631
"2026-07-13 15:32:21",0.332908,0,0,26.082829,0.345631
"2026-07-13 15:32:21",0.332898,0,0,26.209423,0.345631
"2026-07-13 15:32:22",0.332894,0,0,26.073786,0.345631
"2026-07-13 15:32:22",0.332891,0,0,26.087349,0.345703
"2026-07-13 15:32:22",0.332891,0,0,26.209423,0.347801
"2026-07-13 15:32:22",0.332891,0,0,26.073786,0.345775
"2026-07-13 15:32:22",0.332891,0,0,26.091871,0.346933
"2026-07-13 15:32:23",0.332888,0,0,26.209423,0.347946
"2026-07-13 15:32:23",0.332888,0,0,26.073786,0.347656
"2026-07-13 15:32:23",0.332884,0,0,26.082829,0.348090
"2026-07-13 15:32:23",0.332877,0,0,26.218466,0.348090
"2026-07-13 15:32:23",0.332874,0,0,26.073786,0.348090
"2026-07-13 15:32:24",0.332874,0,0,26.109955,0.348090
"2026-07-13 15:32:24",0.332867,0,0,26.150646,0.348090
"2026-07-13 15:32:24",0.332867,0,0,26.073786,0.348090
"2026-07-13 15:32:24",0.332867,0,0,26.073786,0.348090
"2026-07-13 15:32:24",0.332861,0,0,26.191336,0.348090
"2026-07-13 15:32:25",0.332857,0,0,26.073786,0.348090
"2026-07-13 15:32:25",0.332861,0,0,26.091871,0.348090
"2026-07-13 15:32:25",0.332854,0,0,26.191336,0.349971
"2026-07-13 15:32:25",0.332854,0,0,26.073786,0.348524
"2026-07-13 15:32:25",0.332850,0,0,26.091871,0.348380
"2026-07-13 15:32:26",0.332850,0,0,26.150646,0.349971
"2026-07-13 15:32:26",0.332847,0,0,26.073786,0.350550
"2026-07-13 15:32:26",0.332847,0,0,26.109955,0.350477
"2026-07-13 15:32:26",0.332840,0,0,26.218466,0.350550
"2026-07-13 15:32:26",0.332840,0,0,26.073786,0.348669
"2026-07-13 15:32:27",0.332834,0,0,26.109955,0.350550
"2026-07-13 15:32:27",0.332830,0,0,26.191336,0.350550
"2026-07-13 15:32:27",0.332834,0,0,26.073786,0.350550
"2026-07-13 15:32:27",0.332830,0,0,26.109955,0.350550
"2026-07-13 15:32:27",0.332827,0,0,26.209423,0.350550
"2026-07-13 15:32:28",0.332820,0,0,26.073786,0.350550
"2026-07-13 15:32:28",0.332817,0,0,26.105434,0.350550
"2026-07-13 15:32:28",0.332820,0,0,26.191336,0.350550
"2026-07-13 15:32:28",0.332820,0,0,26.073786,0.350550
"2026-07-13 15:32:28",0.332813,0,0,26.146126,0.350550
"2026-07-13 15:32:29",0.332810,0,0,26.191336,0.350550
"2026-07-13 15:32:29",0.332807,0,0,26.073786,0.353009
"2026-07-13 15:32:29",0.332803,0,0,26.087349,0.351635
"2026-07-13 15:32:29",0.332803,0,0,26.209423,0.351345
"2026-07-13 15:32:29",0.332800,0,0,26.073786,0.351128
"2026-07-13 15:32:30",0.332793,0,0,26.141605,0.350911
"2026-07-13 15:32:30",0.332793,0,0,26.073786,0.352937
"2026-07-13 15:32:30",0.332793,0,0,26.073786,0.353009
"2026-07-13 15:32:30",0.332793,0,0,26.109955,0.353009
"2026-07-13 15:32:30",0.332787,0,0,26.073786,0.353009
"2026-07-13 15:32:31",0.332790,0,0,26.082829,0.353009
"2026-07-13 15:32:31",0.332783,0,0,26.091871,0.353009
"2026-07-13 15:32:31",0.332776,0,0,26.191336,0.353009
"2026-07-13 15:32:31",0.332780,0,0,26.073786,0.353009
"2026-07-13 15:32:31",0.332770,0,0,26.146126,0.353009
"2026-07-13 15:32:32",0.332773,0,0,26.191336,0.353009
"2026-07-13 15:32:32",0.332770,0,0,26.073786,0.353009
"2026-07-13 15:32:32",0.332770,0,0,26.109955,0.353154
"2026-07-13 15:32:32",0.332766,0,0,26.073786,0.353660
"2026-07-13 15:32:32",0.332760,0,0,26.078308,0.353371
"2026-07-13 15:32:33",0.332760,0,0,26.146126,0.354311
"2026-07-13 15:32:33",0.332756,0,0,26.150646,0.355469
"2026-07-13 15:32:33",0.332753,0,0,26.073786,0.355035
"2026-07-13 15:32:33",0.332753,0,0,26.109955,0.355469
"2026-07-13 15:32:33",0.332746,0,0,26.191336,0.355469
"2026-07-13 15:32:34",0.332746,0,0,26.082829,0.355469
"2026-07-13 15:32:34",0.332746,0,0,26.141605,0.355469
"2026-07-13 15:32:34",0.332739,0,0,26.073786,0.355469
"2026-07-13 15:32:34",0.332739,0,0,26.073786,0.355469
"2026-07-13 15:32:34",0.332736,0,0,26.191336,0.355469
"2026-07-13 15:32:35",0.332736,0,0,26.150646,0.355469
"2026-07-13 15:32:35",0.332733,0,0,26.078308,0.355469
"2026-07-13 15:32:35",0.332736,0,0,26.132563,0.355469
"2026-07-13 15:32:35",0.332726,0,0,26.191336,0.355469
"2026-07-13 15:32:35",0.332726,0,0,26.073786,0.356409
"2026-07-13 15:32:36",0.332723,0,0,26.141605,0.355613
"2026-07-13 15:32:36",0.332723,0,0,26.150646,0.355469
"2026-07-13 15:32:36",0.332712,0,0,26.073786,0.355830
"2026-07-13 15:32:36",0.332716,0,0,26.082829,0.355758
"2026-07-13 15:32:36",0.332712,0,0,26.073786,0.355758
"2026-07-13 15:32:37",0.332706,0,0,26.082829,0.356698
"2026-07-13 15:32:37",0.332706,0,0,26.146126,0.356047
"2026-07-13 15:32:37",0.332699,0,0,26.073786,0.357928
"2026-07-13 15:32:37",0.332699,0,0,26.078308,0.357928
"2026-07-13 15:32:37",0.332696,0,0,26.218466,0.357711
"2026-07-13 15:32:38",0.332696,0,0,26.073786,0.357928
"2026-07-13 15:32:38",0.332696,0,0,26.078308,0.357928
"2026-07-13 15:32:38",0.332692,0,0,26.159689,0.357928
"2026-07-13 15:32:38",0.332689,0,0,26.209423,0.357928
"2026-07-13 15:32:38",0.332686,0,0,26.082829,0.357928
"2026-07-13 15:32:39",0.332682,0,0,26.218466,0.357928
"2026-07-13 15:32:39",0.332675,0,0,26.073786,0.357928
"2026-07-13 15:32:39",0.332679,0,0,26.227507,0.357928
"2026-07-13 15:32:39",0.332675,0,0,26.227507,0.357928
"2026-07-13 15:32:39",0.332672,0,0,26.227507,0.350839
"2026-07-13 15:32:40",0.332665,0,0,26.227507,0.348380
"2026-07-13 15:32:40",0.332672,0,0,26.227507,0.348090
"2026-07-13 15:32:40",0.332662,0,0,26.227507,0.347946
"2026-07-13 15:32:40",0.332659,0,0,26.227507,0.345631
"2026-07-13 15:32:40",0.332659,0,0,26.227507,0.345631
"2026-07-13 15:32:41",0.332662,0,0,26.227507,0.343316
"2026-07-13 15:32:41",0.332652,0,0,26.227507,0.343171
"2026-07-13 15:32:41",0.332648,0,0,26.227507,0.343171
"2026-07-13 15:32:41",0.332645,0,0,26.227507,0.343171
"2026-07-13 15:32:41",0.332645,0,0,26.227507,0.343171
"2026-07-13 15:32:42",0.332638,0,0,26.227507,0.340639
"2026-07-13 15:32:42",0.332642,0,0,26.227507,0.340639
"2026-07-13 15:32:42",0.332642,0,0,26.227507,0.340639
"2026-07-13 15:32:42",0.332635,0,0,26.227507,0.340639
"2026-07-13 15:32:42",0.332632,0,0,26.227507,0.338759
"2026-07-13 15:32:43",0.332628,0,0,26.114475,0.339337
"2026-07-13 15:32:43",0.332628,0,0,26.227507,0.338180
"2026-07-13 15:32:43",0.332628,0,0,26.227507,0.338180
"2026-07-13 15:32:43",0.332625,0,0,26.227507,0.338180
"2026-07-13 15:32:43",0.332622,0,0,26.227507,0.338180
"2026-07-13 15:32:44",0.332615,0,0,26.227507,0.338180
"2026-07-13 15:32:44",0.332618,0,0,26.200380,0.338180
"2026-07-13 15:32:44",0.332611,0,0,26.227507,0.338180
"2026-07-13 15:32:44",0.332611,0,0,26.227507,0.338180
"2026-07-13 15:32:44",0.332605,0,0,26.227507,0.338180
"2026-07-13 15:32:45",0.332605,0,0,26.227507,0.338180
"2026-07-13 15:32:45",0.332601,0,0,26.218466,0.338180
"2026-07-13 15:32:45",0.332598,0,0,26.200380,0.336299
"2026-07-13 15:32:45",0.332598,0,0,26.227507,0.337746
"2026-07-13 15:32:45",0.332595,0,0,26.227507,0.337746
"2026-07-13 15:32:46",0.332595,0,0,26.227507,0.338180
"2026-07-13 15:32:46",0.332591,0,0,26.227507,0.336299
"2026-07-13 15:32:46",0.332588,0,0,26.218466,0.338180
"2026-07-13 15:32:46",0.332578,0,0,26.227507,0.336950
"2026-07-13 15:32:46",0.332578,0,0,26.227507,0.338108
"2026-07-13 15:32:47",0.332574,0,0,26.227507,0.336950
"2026-07-13 15:32:47",0.332574,0,0,26.227507,0.337240
"2026-07-13 15:32:47",0.332564,0,0,26.227507,0.337746
"2026-07-13 15:32:47",0.332571,0,0,26.227507,0.336082
"2026-07-13 15:32:47",0.332568,0,0,26.227507,0.336661
"2026-07-13 15:32:48",0.332564,0,0,26.227507,0.338108
"2026-07-13 15:32:48",0.332558,0,0,26.213943,0.338180
"2026-07-13 15:32:48",0.332564,0,0,26.227507,0.336950
"2026-07-13 15:32:48",0.332558,0,0,26.227507,0.336661
"2026-07-13 15:32:48",0.332551,0,0,26.227507,0.335720
"2026-07-13 15:32:49",0.332551,0,0,26.227507,0.335720
"2026-07-13 15:32:49",0.332551,0,0,26.227507,0.336372
"2026-07-13 15:32:49",0.332547,0,0,26.227507,0.336010
"2026-07-13 15:32:49",0.332541,0,0,26.168732,0.335720
"2026-07-13 15:32:49",0.332541,0,0,26.227507,0.337095
"2026-07-13 15:32:50",0.332541,0,0,26.227507,0.335720
"2026-07-13 15:32:50",0.332534,0,0,26.227507,0.335720
"2026-07-13 15:32:50",0.332537,0,0,26.227507,0.335720
"2026-07-13 15:32:50",0.332527,0,0,26.227507,0.335720
"2026-07-13 15:32:50",0.332527,0,0,26.227507,0.335720
"2026-07-13 15:32:51",0.332527,0,0,26.227507,0.335720
"2026-07-13 15:32:51",0.332524,0,0,26.227507,0.335720
"2026-07-13 15:32:51",0.332521,0,0,26.227507,0.335720
"2026-07-13 15:32:51",0.332521,0,0,26.227507,0.335793
"2026-07-13 15:32:51",0.332517,0,0,26.227507,0.335720
"2026-07-13 15:32:52",0.332510,0,0,26.150646,0.335720
"2026-07-13 15:32:52",0.332510,0,0,26.227507,0.335720
"2026-07-13 15:32:52",0.332507,0,0,26.227507,0.335720
"2026-07-13 15:32:52",0.332500,0,0,26.227507,0.335720
"2026-07-13 15:32:52",0.332504,0,0,26.227507,0.335720
"2026-07-13 15:32:53",0.332500,0,0,26.227507,0.335720
"2026-07-13 15:32:53",0.332500,0,0,26.227507,0.335720
"2026-07-13 15:32:53",0.332494,0,0,26.227507,0.335720
"2026-07-13 15:32:53",0.332494,0,0,26.227507,0.335720
"2026-07-13 15:32:53",0.332494,0,0,26.227507,0.335720
"2026-07-13 15:32:54",0.332487,0,0,26.227507,0.335720
"2026-07-13 15:32:54",0.332487,0,0,26.227507,0.335720
"2026-07-13 15:32:54",0.332473,0,0,26.227507,0.335720
"2026-07-13 15:32:54",0.332484,0,0,26.227507,0.335720
"2026-07-13 15:32:54",0.332477,0,0,26.227507,0.335720
"2026-07-13 15:32:55",0.332473,0,0,26.227507,0.335720
"2026-07-13 15:32:55",0.332470,0,0,26.222986,0.335720
"2026-07-13 15:32:55",0.332473,0,0,26.227507,0.335720
"2026-07-13 15:32:55",0.332463,0,0,26.227507,0.335720
"2026-07-13 15:32:55",0.332463,0,0,26.227507,0.335720
"2026-07-13 15:32:56",0.332463,0,0,26.227507,0.335720
"2026-07-13 15:32:56",0.332460,0,0,26.227507,0.335720
"2026-07-13 15:32:56",0.332453,0,0,26.372185,0.335720
"2026-07-13 15:32:56",0.332457,0,0,26.232029,0.335720
"2026-07-13 15:32:56",0.332450,0,0,26.376707,0.335720
"2026-07-13 15:32:57",0.332450,0,0,26.345058,0.335720
"2026-07-13 15:32:57",0.332443,0,0,26.236549,0.335720
"2026-07-13 15:32:57",0.332446,0,0,26.376707,0.335720
"2026-07-13 15:32:57",0.332443,0,0,26.363144,0.335720
"2026-07-13 15:32:57",0.332436,0,0,26.245590,0.335720
"2026-07-13 15:32:58",0.332440,0,0,26.381227,0.335648
"2026-07-13 15:32:58",0.332436,0,0,26.345058,0.334491
"2026-07-13 15:32:58",0.332433,0,0,26.304367,0.335503
"2026-07-13 15:32:58",0.332430,0,0,26.304367,0.335720
"2026-07-13 15:32:58",0.332426,0,0,26.345058,0.335720
"2026-07-13 15:32:59",0.332426,0,0,26.263678,0.335503
"2026-07-13 15:32:59",0.332420,0,0,26.376707,0.335720
"2026-07-13 15:32:59",0.332413,0,0,26.232029,0.333767
"2026-07-13 15:32:59",0.332416,0,0,26.245590,0.333550
"2026-07-13 15:32:59",0.332413,0,0,26.376707,0.335720
"2026-07-13 15:33:00",0.332413,0,0,26.232029,0.334563
"2026-07-13 15:33:00",0.332413,0,0,26.304367,0.334780
"2026-07-13 15:33:00",0.332409,0,0,26.376707,0.335142
"2026-07-13 15:33:00",0.332409,0,0,26.345058,0.334780
"2026-07-13 15:33:00",0.332406,0,0,26.304367,0.333333
"2026-07-13 15:33:01",0.332399,0,0,26.372185,0.335720
"2026-07-13 15:33:01",0.332396,0,0,26.313410,0.334346
"2026-07-13 15:33:01",0.332393,0,0,26.381227,0.333333
"2026-07-13 15:33:01",0.332393,0,0,26.381227,0.334635
"2026-07-13 15:33:01",0.332386,0,0,26.232029,0.334201
"2026-07-13 15:33:02",0.332393,0,0,26.304367,0.335214
"2026-07-13 15:33:02",0.332386,0,0,26.363144,0.333333
"2026-07-13 15:33:02",0.332383,0,0,26.313410,0.333478
"2026-07-13 15:33:02",0.332379,0,0,26.263678,0.335431
"2026-07-13 15:33:02",0.332379,0,0,26.376707,0.333261
"2026-07-13 15:33:03",0.332376,0,0,26.245590,0.333912
"2026-07-13 15:33:03",0.332376,0,0,26.381227,0.335142
"2026-07-13 15:33:03",0.332369,0,0,26.363144,0.333333
"2026-07-13 15:33:03",0.332376,0,0,26.232029,0.333333
"2026-07-13 15:33:03",0.332362,0,0,26.381227,0.333478
"2026-07-13 15:33:04",0.332366,0,0,26.345058,0.333261
"2026-07-13 15:33:04",0.332362,0,0,26.263678,0.333695
"2026-07-13 15:33:04",0.332362,0,0,26.381227,0.333333
"2026-07-13 15:33:04",0.332359,0,0,26.372185,0.333261
"2026-07-13 15:33:04",0.332359,0,0,26.245590,0.333261
"2026-07-13 15:33:05",0.332349,0,0,26.376707,0.333261
"2026-07-13 15:33:05",0.332349,0,0,26.345058,0.333261
"2026-07-13 15:33:05",0.332339,0,0,26.245590,0.333261
"2026-07-13 15:33:05",0.332342,0,0,26.381227,0.335142
"2026-07-13 15:33:05",0.332339,0,0,26.308887,0.333261
"2026-07-13 15:33:06",0.332335,0,0,26.263678,0.333261
"2026-07-13 15:33:06",0.332335,0,0,26.376707,0.333261
"2026-07-13 15:33:06",0.332335,0,0,26.345058,0.333261
"2026-07-13 15:33:06",0.332335,0,0,26.236549,0.333261
"2026-07-13 15:33:06",0.332332,0,0,26.376707,0.333261
"2026-07-13 15:33:07",0.332329,0,0,26.304367,0.333261
"2026-07-13 15:33:07",0.332329,0,0,26.263678,0.333261
"2026-07-13 15:33:07",0.332325,0,0,26.376707,0.333261
"2026-07-13 15:33:07",0.332319,0,0,26.345058,0.333261
"2026-07-13 15:33:07",0.332319,0,0,26.263678,0.333261
"2026-07-13 15:33:08",0.332315,0,0,26.376707,0.333261
"2026-07-13 15:33:08",0.332312,0,0,26.345058,0.333261
"2026-07-13 15:33:08",0.332312,0,0,26.304367,0.333261
"2026-07-13 15:33:08",0.332302,0,0,26.372185,0.333261
"2026-07-13 15:33:08",0.332305,0,0,26.236549,0.333261
"2026-07-13 15:33:09",0.332305,0,0,26.304367,0.333261
"2026-07-13 15:33:09",0.332302,0,0,26.363144,0.333261
"2026-07-13 15:33:09",0.332298,0,0,26.232029,0.333261
"2026-07-13 15:33:09",0.332298,0,0,26.245590,0.333261
"2026-07-13 15:33:09",0.332292,0,0,26.372185,0.343171
"2026-07-13 15:33:10",0.332288,0,0,26.232029,0.343678
"2026-07-13 15:33:10",0.332288,0,0,26.381227,0.345558
"2026-07-13 15:33:10",0.332285,0,0,26.381227,0.345631
"2026-07-13 15:33:10",0.332288,0,0,26.381227,0.346716
"2026-07-13 15:33:10",0.332285,0,0,26.417398,0.345703
"2026-07-13 15:33:11",0.332282,0,0,26.381227,0.348090
"2026-07-13 15:33:11",0.332275,0,0,26.381227,0.348090
"2026-07-13 15:33:11",0.332275,0,0,26.381227,0.348090
"2026-07-13 15:33:11",0.332275,0,0,26.345058,0.348380
"2026-07-13 15:33:11",0.332268,0,0,26.232029,0.349537
"2026-07-13 15:33:12",0.332268,0,0,26.381227,0.350550
"2026-07-13 15:33:12",0.332265,0,0,26.345058,0.350550
"2026-07-13 15:33:12",0.332261,0,0,26.236549,0.350550
"2026-07-13 15:33:12",0.332258,0,0,26.263678,0.350550
"2026-07-13 15:33:12",0.332255,0,0,26.363144,0.350550
"2026-07-13 15:33:13",0.332255,0,0,26.245590,0.353009
"2026-07-13 15:33:13",0.332251,0,0,26.372185,0.352937
"2026-07-13 15:33:13",0.332251,0,0,26.345058,0.353009
"2026-07-13 15:33:13",0.332244,0,0,26.308887,0.353009
"2026-07-13 15:33:13",0.332244,0,0,26.376707,0.353009
"2026-07-13 15:33:14",0.332238,0,0,26.363144,0.353009
"2026-07-13 15:33:14",0.332238,0,0,26.304367,0.353009
"2026-07-13 15:33:14",0.332234,0,0,26.376707,0.353009
"2026-07-13 15:33:14",0.332238,0,0,26.372185,0.354890
"2026-07-13 15:33:14",0.332228,0,0,26.263678,0.353733
"2026-07-13 15:33:15",0.332234,0,0,26.367664,0.355469
"2026-07-13 15:33:15",0.332228,0,0,26.345058,0.355469
"2026-07-13 15:33:15",0.332228,0,0,26.245590,0.355469
"2026-07-13 15:33:15",0.332224,0,0,26.376707,0.355469
"2026-07-13 15:33:15",0.332221,0,0,26.345058,0.355469
"2026-07-13 15:33:16",0.332218,0,0,26.245590,0.355469
"2026-07-13 15:33:16",0.332214,0,0,26.376707,0.355469
"2026-07-13 15:33:16",0.332214,0,0,26.363144,0.355541
"2026-07-13 15:33:16",0.332211,0,0,26.232029,0.355469
"2026-07-13 15:33:16",0.332207,0,0,26.376707,0.355469
"2026-07-13 15:33:17",0.332204,0,0,26.345058,0.356988
"2026-07-13 15:33:17",0.332204,0,0,26.236549,0.357639
"2026-07-13 15:33:17",0.332194,0,0,26.381227,0.357856
"2026-07-13 15:33:17",0.332194,0,0,26.345058,0.357928
"2026-07-13 15:33:17",0.332194,0,0,26.245590,0.357928
"2026-07-13 15:33:18",0.332191,0,0,26.381227,0.357928
"2026-07-13 15:33:18",0.332191,0,0,26.345058,0.357928
"2026-07-13 15:33:18",0.332184,0,0,26.263678,0.357928
"2026-07-13 15:33:18",0.332184,0,0,26.381227,0.357928
"2026-07-13 15:33:18",0.332174,0,0,26.345058,0.357928
"2026-07-13 15:33:19",0.332177,0,0,26.263678,0.359158
"2026-07-13 15:33:19",0.332174,0,0,26.376707,0.357928
"2026-07-13 15:33:19",0.332170,0,0,26.227507,0.351924
"2026-07-13 15:33:19",0.332170,0,0,26.245590,0.350550
"2026-07-13 15:33:19",0.332167,0,0,26.381227,0.348741
"2026-07-13 15:33:20",0.332164,0,0,26.232029,0.349031
"2026-07-13 15:33:20",0.332164,0,0,26.304367,0.348090
"2026-07-13 15:33:20",0.332167,0,0,26.372185,0.348090
"2026-07-13 15:33:20",0.332164,0,0,26.345058,0.348090
"2026-07-13 15:33:20",0.332164,0,0,26.304367,0.348090
"2026-07-13 15:33:21",0.332157,0,0,26.372185,0.345631
"2026-07-13 15:33:21",0.332157,0,0,26.345058,0.345631
"2026-07-13 15:33:21",0.332150,0,0,26.322451,0.345631
"2026-07-13 15:33:21",0.332157,0,0,26.381227,0.345631
"2026-07-13 15:33:21",0.332147,0,0,26.304367,0.344690
"2026-07-13 15:33:22",0.332147,0,0,26.263678,0.343750
"2026-07-13 15:33:22",0.332143,0,0,26.376707,0.343750
"2026-07-13 15:33:22",0.332140,0,0,26.308887,0.343171
"2026-07-13 15:33:22",0.332140,0,0,26.245590,0.344112
"2026-07-13 15:33:22",0.332133,0,0,26.376707,0.343244
"2026-07-13 15:33:23",0.332130,0,0,26.308887,0.343171
"2026-07-13 15:33:23",0.332127,0,0,26.263678,0.343316
"2026-07-13 15:33:23",0.332123,0,0,26.376707,0.343461
"2026-07-13 15:33:23",0.332127,0,0,26.345058,0.343171
"2026-07-13 15:33:23",0.332120,0,0,26.304367,0.343171
"2026-07-13 15:33:24",0.332123,0,0,26.376707,0.343171
"2026-07-13 15:33:24",0.332117,0,0,26.236549,0.343171
"2026-07-13 15:33:24",0.332117,0,0,26.263678,0.343171
"2026-07-13 15:33:24",0.332117,0,0,26.381227,0.343171
"2026-07-13 15:33:24",0.332113,0,0,26.236549,0.343171
"2026-07-13 15:33:25",0.332106,0,0,26.263678,0.343171
"2026-07-13 15:33:25",0.332100,0,0,26.376707,0.343171
"2026-07-13 15:33:25",0.332106,0,0,26.345058,0.343171
"2026-07-13 15:33:25",0.332100,0,0,26.245590,0.343171
"2026-07-13 15:33:25",0.332096,0,0,26.376707,0.343171
"2026-07-13 15:33:26",0.332096,0,0,26.232029,0.343171
"2026-07-13 15:33:26",0.332096,0,0,26.304367,0.343171
"2026-07-13 15:33:26",0.332093,0,0,26.363144,0.343171
"2026-07-13 15:33:26",0.332090,0,0,26.308887,0.343171
"2026-07-13 15:33:26",0.332086,0,0,26.381227,0.343171
"2026-07-13 15:33:27",0.332090,0,0,26.376707,0.343171
"2026-07-13 15:33:27",0.332083,0,0,26.232029,0.343171
"2026-07-13 15:33:27",0.332083,0,0,26.304367,0.343171
"2026-07-13 15:33:27",0.332083,0,0,26.376707,0.343171
"2026-07-13 15:33:27",0.332079,0,0,26.381227,0.343171
"2026-07-13 15:33:28",0.332069,0,0,26.381227,0.343171
"2026-07-13 15:33:28",0.332066,0,0,26.458088,0.343171
"2026-07-13 15:33:28",0.332066,0,0,26.381227,0.343171
"2026-07-13 15:33:28",0.332066,0,0,26.412878,0.343171
"2026-07-13 15:33:28",0.332059,0,0,26.498779,0.343171
"2026-07-13 15:33:29",0.332056,0,0,26.381227,0.343171
"2026-07-13 15:33:29",0.332063,0,0,26.399311,0.343171
"2026-07-13 15:33:29",0.332056,0,0,26.498779,0.343171
"2026-07-13 15:33:29",0.332053,0,0,26.381227,0.343171
"2026-07-13 15:33:29",0.332053,0,0,26.453568,0.343171
"2026-07-13 15:33:30",0.332053,0,0,26.458088,0.343171
"2026-07-13 15:33:30",0.332042,0,0,26.381227,0.342665
"2026-07-13 15:33:30",0.332042,0,0,26.403835,0.342231
"2026-07-13 15:33:30",0.332046,0,0,26.498779,0.343171
"2026-07-13 15:33:30",0.332036,0,0,26.381227,0.343171
"2026-07-13 15:33:31",0.332039,0,0,26.399311,0.343171
"2026-07-13 15:33:31",0.332042,0,0,26.516863,0.340929
"2026-07-13 15:33:31",0.332036,0,0,26.381227,0.343171
"2026-07-13 15:33:31",0.332026,0,0,26.390270,0.343171
"2026-07-13 15:33:31",0.332026,0,0,26.381227,0.343171
"2026-07-13 15:33:32",0.332019,0,0,26.385748,0.342593
"2026-07-13 15:33:32",0.332019,0,0,26.390270,0.343171
"2026-07-13 15:33:32",0.332012,0,0,26.381227,0.343171
"2026-07-13 15:33:32",0.332016,0,0,26.381227,0.343171
"2026-07-13 15:33:32",0.332012,0,0,26.394791,0.343171
"2026-07-13 15:33:33",0.332009,0,0,26.381227,0.341869
"2026-07-13 15:33:33",0.332002,0,0,26.381227,0.343171
"2026-07-13 15:33:33",0.332005,0,0,26.390270,0.341869
"2026-07-13 15:33:33",0.332005,0,0,26.381227,0.343171
"2026-07-13 15:33:33",0.332002,0,0,26.381227,0.343171
"2026-07-13 15:33:34",0.331999,0,0,26.399311,0.343171
"2026-07-13 15:33:34",0.331995,0,0,26.458088,0.342086
"2026-07-13 15:33:34",0.331999,0,0,26.381227,0.343171
"2026-07-13 15:33:34",0.331992,0,0,26.412878,0.342665
"2026-07-13 15:33:34",0.331989,0,0,26.381227,0.343171
"2026-07-13 15:33:35",0.331992,0,0,26.381227,0.343171
"2026-07-13 15:33:35",0.331985,0,0,26.516863,0.343171
"2026-07-13 15:33:35",0.331982,0,0,26.458088,0.341291
"2026-07-13 15:33:35",0.331978,0,0,26.381227,0.343171
"2026-07-13 15:33:35",0.331978,0,0,26.399311,0.343171
"2026-07-13 15:33:36",0.331975,0,0,26.381227,0.343171
"2026-07-13 15:33:36",0.331972,0,0,26.381227,0.340712
"2026-07-13 15:33:36",0.331968,0,0,26.390270,0.341291
"2026-07-13 15:33:36",0.331972,0,0,26.458088,0.341218
"2026-07-13 15:33:36",0.331962,0,0,26.381227,0.340929
"2026-07-13 15:33:37",0.331965,0,0,26.390270,0.341652
"2026-07-13 15:33:37",0.331958,0,0,26.381227,0.343099
"2026-07-13 15:33:37",0.331962,0,0,26.381227,0.341942
"2026-07-13 15:33:37",0.331955,0,0,26.390270,0.340639
"2026-07-13 15:33:37",0.331955,0,0,26.440004,0.342593
"2026-07-13 15:33:38",0.331945,0,0,26.381227,0.342520
"2026-07-13 15:33:38",0.331945,0,0,26.399311,0.341001
"2026-07-13 15:33:38",0.331945,0,0,26.381227,0.343171
"2026-07-13 15:33:38",0.331945,0,0,26.381227,0.341146
"2026-07-13 15:33:38",0.331945,0,0,26.399311,0.340784
"2026-07-13 15:33:39",0.331941,0,0,26.498779,0.341218
"2026-07-13 15:33:39",0.331938,0,0,26.381227,0.341942
"2026-07-13 15:33:39",0.331938,0,0,26.385748,0.341725
"2026-07-13 15:33:39",0.331935,0,0,26.516863,0.340784
"2026-07-13 15:33:39",0.331928,0,0,26.381227,0.340639
"2026-07-13 15:33:40",0.331931,0,0,26.390270,0.341218
"2026-07-13 15:33:40",0.331925,0,0,26.516863,0.340784
"2026-07-13 15:33:40",0.331925,0,0,26.381227,0.340712
"2026-07-13 15:33:40",0.331925,0,0,26.381227,0.340712
"2026-07-13 15:33:40",0.331915,0,0,26.498779,0.340639
"2026-07-13 15:33:41",0.331915,0,0,26.381227,0.341363
"2026-07-13 15:33:41",0.331908,0,0,26.381227,0.340784
"2026-07-13 15:33:41",0.331911,0,0,26.498779,0.340784
"2026-07-13 15:33:41",0.331908,0,0,26.381227,0.340712
"2026-07-13 15:33:41",0.331904,0,0,26.390270,0.340639
"2026-07-13 15:33:42",0.331904,0,0,26.421919,0.340639
"2026-07-13 15:33:42",0.331898,0,0,26.381227,0.340639
"2026-07-13 15:33:42",0.331898,0,0,26.390270,0.340639
"2026-07-13 15:33:42",0.331894,0,0,26.516863,0.340639
"2026-07-13 15:33:42",0.331894,0,0,26.381227,0.340784
"2026-07-13 15:33:43",0.331891,0,0,26.385748,0.340639
"2026-07-13 15:33:43",0.331891,0,0,26.498779,0.340639
"2026-07-13 15:33:43",0.331891,0,0,26.381227,0.340639
"2026-07-13 15:33:43",0.331888,0,0,26.381227,0.340639
"2026-07-13 15:33:43",0.331881,0,0,26.516863,0.340639
"2026-07-13 15:33:44",0.331881,0,0,26.458088,0.340639
"2026-07-13 15:33:44",0.331874,0,0,26.534948,0.342593
"2026-07-13 15:33:44",0.331881,0,0,26.534948,0.340639
"2026-07-13 15:33:44",0.331874,0,0,26.534948,0.340639
"2026-07-13 15:33:44",0.331867,0,0,26.534948,0.340639
"2026-07-13 15:33:45",0.331867,0,0,26.534948,0.340639
"2026-07-13 15:33:45",0.331871,0,0,26.476175,0.340639
"2026-07-13 15:33:45",0.331864,0,0,26.476175,0.340639
"2026-07-13 15:33:45",0.331864,0,0,26.534948,0.340639
"2026-07-13 15:33:45",0.331861,0,0,26.534948,0.340639
"2026-07-13 15:33:46",0.331857,0,0,26.534948,0.340639
"2026-07-13 15:33:46",0.331857,0,0,26.534948,0.341291
"2026-07-13 15:33:46",0.331851,0,0,26.521385,0.340639
"2026-07-13 15:33:46",0.331851,0,0,26.534948,0.340639
"2026-07-13 15:33:46",0.331851,0,0,26.534948,0.340639
"2026-07-13 15:33:47",0.331851,0,0,26.507822,0.340639
"2026-07-13 15:33:47",0.331844,0,0,26.534948,0.340639
"2026-07-13 15:33:47",0.331837,0,0,26.534948,0.340639
"2026-07-13 15:33:47",0.331844,0,0,26.521385,0.340639
"2026-07-13 15:33:47",0.331837,0,0,26.458088,0.340639
"2026-07-13 15:33:48",0.331834,0,0,26.534948,0.340639
"2026-07-13 15:33:48",0.331834,0,0,26.534948,0.340639
"2026-07-13 15:33:48",0.331827,0,0,26.534948,0.340639
"2026-07-13 15:33:48",0.331827,0,0,26.534948,0.340639
"2026-07-13 15:33:48",0.331820,0,0,26.476175,0.340639
"2026-07-13 15:33:49",0.331820,0,0,26.534948,0.340639
"2026-07-13 15:33:49",0.331817,0,0,26.534948,0.340639
"2026-07-13 15:33:49",0.331820,0,108,26.534948,0.340856
"2026-07-13 15:33:49",0.345704,0,132,26.534948,0.340639
"2026-07-13 15:33:49",0.345761,0,30,26.534948,0.340639
"2026-07-13 15:33:50",0.345724,0,4,26.534948,0.340639
"2026-07-13 15:33:50",0.345728,0,0,26.534948,0.340639
"2026-07-13 15:33:50",0.345714,0,0,26.534948,0.340639
"2026-07-13 15:33:50",0.345694,0,0,26.534948,0.340639
"2026-07-13 15:33:50",0.345677,0,0,26.534948,0.340639
"2026-07-13 15:33:51",0.345674,0,0,26.534948,0.340639
"2026-07-13 15:33:51",0.345660,0,0,26.534948,0.340639
"2026-07-13 15:33:51",0.345640,0,0,26.534948,0.340639
"2026-07-13 15:33:51",0.345627,0,0,26.534948,0.340639
"2026-07-13 15:33:51",0.345600,0,0,26.534948,0.340639
"2026-07-13 15:33:52",0.345593,0,0,26.534948,0.340639
"2026-07-13 15:33:52",0.345576,0,0,26.534948,0.340639
"2026-07-13 15:33:52",0.345563,0,0,26.507822,0.340639
"2026-07-13 15:33:52",0.345546,0,0,26.534948,0.340639
"2026-07-13 15:33:52",0.345536,0,0,26.534948,0.340639
"2026-07-13 15:33:53",0.345522,0,0,26.534948,0.340639
"2026-07-13 15:33:53",0.345502,0,0,26.534948,0.340639
"2026-07-13 15:33:53",0.345489,0,0,26.534948,0.340639
"2026-07-13 15:33:53",0.345482,0,0,26.534948,0.340639
"2026-07-13 15:33:53",0.345455,0,0,26.534948,0.340639
"2026-07-13 15:33:54",0.345448,0,0,26.534948,0.340639
"2026-07-13 15:33:54",0.345428,0,0,26.534948,0.340639
"2026-07-13 15:33:54",0.345418,0,0,26.458088,0.340639
"2026-07-13 15:33:54",0.345401,0,0,26.534948,0.340639
"2026-07-13 15:33:54",0.345388,0,0,26.534948,0.340639
"2026-07-13 15:33:55",0.345374,0,0,26.534948,0.340639
"2026-07-13 15:33:55",0.345357,0,0,26.534948,0.340639
"2026-07-13 15:33:55",0.345344,0,0,26.534948,0.340639
"2026-07-13 15:33:55",0.345324,0,0,26.534948,0.339410
"2026-07-13 15:33:55",0.345314,0,0,26.534948,0.340639
"2026-07-13 15:33:56",0.345307,0,0,26.534948,0.340639
"2026-07-13 15:33:56",0.345287,0,0,26.534948,0.339265
"2026-07-13 15:33:56",0.345270,0,0,26.534948,0.340639
"2026-07-13 15:33:56",0.345260,0,0,26.534948,0.340639
"2026-07-13 15:33:56",0.345236,0,0,26.534948,0.338325
"2026-07-13 15:33:57",0.345233,0,0,26.534948,0.340495
"2026-07-13 15:33:57",0.345216,0,0,26.534948,0.340639
"2026-07-13 15:33:57",0.345202,0,0,26.534948,0.339410
"2026-07-13 15:33:57",0.345186,0,0,26.534948,0.340422
"2026-07-13 15:33:57",0.345182,0,0,26.534948,0.340639
"2026-07-13 15:33:58",0.345162,0,0,26.534948,0.340639
"2026-07-13 15:33:58",0.345149,0,0,26.534948,0.339410
"2026-07-13 15:33:58",0.345128,0,0,26.534948,0.339265
"2026-07-13 15:33:58",0.345128,0,0,26.534948,0.340205
"2026-07-13 15:33:58",0.345108,0,0,26.530426,0.340639
"2026-07-13 15:33:59",0.345098,0,0,26.534948,0.340639
"2026-07-13 15:33:59",0.345081,0,0,26.534948,0.340639
"2026-07-13 15:33:59",0.345081,0,0,26.534948,0.340350
"2026-07-13 15:33:59",0.345064,0,0,26.534948,0.340639
"2026-07-13 15:33:59",0.345048,0,0,26.534948,0.340639
"2026-07-13 15:34:00",0.345034,0,0,26.534948,0.340495
"2026-07-13 15:34:00",0.345027,0,0,26.476175,0.340639
"2026-07-13 15:34:00",0.345014,0,0,26.534948,0.340495
"2026-07-13 15:34:00",0.344994,0,0,26.530426,0.340639
"2026-07-13 15:34:00",0.344984,0,0,26.534948,0.340639
"2026-07-13 15:34:01",0.344967,0,0,26.534948,0.339410
"2026-07-13 15:34:01",0.344957,0,0,26.534948,0.340639
"2026-07-13 15:34:01",0.344940,0,0,26.534948,0.340495
"2026-07-13 15:34:01",0.344936,0,0,26.534948,0.340495
"2026-07-13 15:34:01",0.344916,0,0,26.534948,0.340639
"2026-07-13 15:34:02",0.344903,0,0,26.534948,0.339699
"2026-07-13 15:34:02",0.344896,0,0,26.534948,0.340639
"2026-07-13 15:34:02",0.344883,0,0,26.534948,0.340639
"2026-07-13 15:34:02",0.344866,0,0,26.507822,0.338469
"2026-07-13 15:34:02",0.344862,0,0,26.534948,0.339699
"2026-07-13 15:34:03",0.344835,0,0,26.534948,0.340639
"2026-07-13 15:34:03",0.344829,0,0,26.534948,0.340639
"2026-07-13 15:34:03",0.344822,0,0,26.534948,0.338759
"2026-07-13 15:34:03",0.344812,0,0,26.534948,0.340061
"2026-07-13 15:34:03",0.344792,0,0,26.534948,0.339265
"2026-07-13 15:34:04",0.344782,0,0,26.534948,0.339410
"2026-07-13 15:34:04",0.344768,0,0,26.534948,0.339265
"2026-07-13 15:34:04",0.344758,0,0,26.534948,0.340639
"2026-07-13 15:34:04",0.344745,0,0,26.534948,0.340567
"2026-07-13 15:34:04",0.344731,0,0,26.417398,0.340495
"2026-07-13 15:34:05",0.344721,0,0,26.534948,0.340639
"2026-07-13 15:34:05",0.344714,0,0,26.534948,0.339699
"2026-07-13 15:34:05",0.344701,0,0,26.399311,0.338252
"2026-07-13 15:34:05",0.344677,0,0,26.534948,0.338686
"2026-07-13 15:34:05",0.344667,0,0,26.534948,0.338252
"2026-07-13 15:34:06",0.344654,0,0,26.534948,0.339699
"2026-07-13 15:34:06",0.344647,0,0,26.534948,0.340639
"2026-07-13 15:34:06",0.344637,0,0,26.476175,0.340495
"2026-07-13 15:34:06",0.344630,0,0,26.534948,0.339554
"2026-07-13 15:34:06",0.344613,0,0,26.534948,0.340061
"2026-07-13 15:34:07",0.344607,0,0,26.476175,0.340061
"2026-07-13 15:34:07",0.344593,0,0,26.534948,0.339482
"2026-07-13 15:34:07",0.344586,0,0,26.534948,0.338325
"2026-07-13 15:34:07",0.344566,0,0,26.534948,0.340350
"2026-07-13 15:34:07",0.344559,0,0,26.534948,0.338542
"2026-07-13 15:34:08",0.344543,0,0,26.534948,0.339337
"2026-07-13 15:34:08",0.344529,0,0,26.534948,0.338903
"2026-07-13 15:34:08",0.344516,0,0,26.534948,0.339482
"2026-07-13 15:34:08",0.344512,0,0,26.534948,0.338180
"2026-07-13 15:34:08",0.344499,0,0,26.534948,0.338903
"2026-07-13 15:34:09",0.344482,0,0,26.534948,0.338325
"2026-07-13 15:34:09",0.344479,0,0,26.525906,0.340422
"2026-07-13 15:34:09",0.344469,0,0,26.534948,0.339410
"2026-07-13 15:34:09",0.344452,0,0,26.534948,0.338325
"2026-07-13 15:34:09",0.344435,0,0,26.530426,0.338469
"2026-07-13 15:34:10",0.344428,0,0,26.534948,0.338180
"2026-07-13 15:34:10",0.344415,0,0,26.534948,0.339337
"2026-07-13 15:34:10",0.344401,0,0,26.534948,0.338252
"2026-07-13 15:34:10",0.344391,0,0,26.534948,0.338180
"2026-07-13 15:34:10",0.344384,0,0,26.534948,0.338325
"2026-07-13 15:34:11",0.344371,0,0,26.507822,0.340495
"2026-07-13 15:34:11",0.344368,0,0,26.534948,0.338180
"2026-07-13 15:34:11",0.344354,0,0,26.534948,0.338180
"2026-07-13 15:34:11",0.344337,0,0,26.534948,0.338542
"2026-07-13 15:34:11",0.344320,0,0,26.534948,0.338469
"2026-07-13 15:34:12",0.344317,0,0,26.534948,0.339410
"2026-07-13 15:34:12",0.344297,0,0,26.534948,0.338397
"2026-07-13 15:34:12",0.344297,0,0,26.534948,0.339265
"2026-07-13 15:34:12",0.344283,0,0,26.534948,0.338252
"2026-07-13 15:34:12",0.344277,0,0,26.534948,0.338903
"2026-07-13 15:34:13",0.344256,0,0,26.534948,0.338397
"2026-07-13 15:34:13",0.344246,0,0,26.534948,0.338325
"2026-07-13 15:34:13",0.344240,0,0,26.534948,0.339627
"2026-07-13 15:34:13",0.344229,0,0,26.534948,0.338180
"2026-07-13 15:34:13",0.344216,0,0,26.534948,0.338252
"2026-07-13 15:34:14",0.344203,0,0,26.534948,0.338469
"2026-07-13 15:34:14",0.344199,0,0,26.534948,0.338252
"2026-07-13 15:34:14",0.344189,0,0,26.534948,0.340133
"2026-07-13 15:34:14",0.344176,0,0,26.534948,0.338180
"2026-07-13 15:34:14",0.344159,0,0,26.534948,0.338469
"2026-07-13 15:34:15",0.344155,0,0,26.534948,0.338325
"2026-07-13 15:34:15",0.344139,0,0,26.534948,0.338180
"2026-07-13 15:34:15",0.344135,0,0,26.534948,0.338252
"2026-07-13 15:34:15",0.344122,0,0,26.534948,0.338252
"2026-07-13 15:34:15",0.344105,0,0,26.534948,0.339410
"2026-07-13 15:34:16",0.344098,0,0,26.534948,0.338252
"2026-07-13 15:34:16",0.344091,0,0,26.534948,0.339554
"2026-07-13 15:34:16",0.344078,0,0,26.534948,0.338180
"2026-07-13 15:34:16",0.344068,0,0,26.534948,0.338180
"2026-07-13 15:34:16",0.344058,0,0,26.539469,0.338180
"2026-07-13 15:34:17",0.344054,0,0,26.611809,0.338180
"2026-07-13 15:34:17",0.344038,0,0,26.679626,0.338252
"2026-07-13 15:34:17",0.344021,0,0,26.539469,0.338180
"2026-07-13 15:34:17",0.344011,0,0,26.611809,0.338180
"2026-07-13 15:34:17",0.344001,0,0,26.652500,0.338180
"2026-07-13 15:34:18",0.343997,0,0,26.543993,0.338180
"2026-07-13 15:34:18",0.343980,0,0,26.684151,0.338180
"2026-07-13 15:34:18",0.343974,0,0,26.670584,0.338180
"2026-07-13 15:34:18",0.343967,0,0,26.534948,0.338180
"2026-07-13 15:34:18",0.343953,0,0,26.670584,0.338180
"2026-07-13 15:34:19",0.343943,0,0,26.611809,0.338831
"2026-07-13 15:34:19",0.343930,0,0,26.611809,0.338180
"2026-07-13 15:34:19",0.343916,0,0,26.684151,0.338180
"2026-07-13 15:34:19",0.343913,0,0,26.684151,0.338180
"2026-07-13 15:34:19",0.343900,0,0,26.620853,0.338252
"2026-07-13 15:34:20",0.343889,0,0,26.684151,0.338180
"2026-07-13 15:34:20",0.343886,0,0,26.539469,0.338180
"2026-07-13 15:34:20",0.343876,0,0,26.571119,0.338180
"2026-07-13 15:34:20",0.343869,0,0,26.684151,0.338180
"2026-07-13 15:34:20",0.343856,0,0,26.611809,0.338180
"2026-07-13 15:34:21",0.343836,0,0,26.607286,0.338180
"2026-07-13 15:34:21",0.343836,0,0,26.652500,0.338180
"2026-07-13 15:34:21",0.343819,0,0,26.539469,0.338180
"2026-07-13 15:34:21",0.343812,0,0,26.571119,0.338180
"2026-07-13 15:34:21",0.343802,0,0,26.670584,0.339410
"2026-07-13 15:34:22",0.343795,0,0,26.553036,0.338180
"2026-07-13 15:34:22",0.343785,0,0,26.684151,0.338180
"2026-07-13 15:34:22",0.343772,0,0,26.652500,0.338180
"2026-07-13 15:34:22",0.343765,0,0,26.543993,0.338180
"2026-07-13 15:34:22",0.343762,0,0,26.670584,0.338180
"2026-07-13 15:34:23",0.343755,0,0,26.611809,0.338180
"2026-07-13 15:34:23",0.343731,0,0,26.553036,0.338180
"2026-07-13 15:34:23",0.343725,0,0,26.679626,0.338180
"2026-07-13 15:34:23",0.343714,0,0,26.611809,0.338180
"2026-07-13 15:34:23",0.343708,0,0,26.611809,0.338180
"2026-07-13 15:34:24",0.343694,0,0,26.530426,0.338180
"2026-07-13 15:34:24",0.343687,0,0,26.534948,0.338180
"2026-07-13 15:34:24",0.343684,0,0,26.534948,0.338180
"2026-07-13 15:34:24",0.343671,0,0,26.534948,0.338180
"2026-07-13 15:34:24",0.343664,0,0,26.534948,0.338180
"2026-07-13 15:34:25",0.343650,0,0,26.534948,0.338180
"2026-07-13 15:34:25",0.343640,0,0,26.521385,0.338180
"2026-07-13 15:34:25",0.343630,0,0,26.476175,0.338180
"2026-07-13 15:34:25",0.343620,0,0,26.534948,0.338180
"2026-07-13 15:34:25",0.343607,0,0,26.525906,0.338180
"2026-07-13 15:34:26",0.343607,0,0,26.534948,0.338180
"2026-07-13 15:34:26",0.343593,0,0,26.534948,0.338180
"2026-07-13 15:34:26",0.343586,0,0,26.534948,0.338180
"2026-07-13 15:34:26",0.343573,0,0,26.458088,0.338180
"2026-07-13 15:34:26",0.343566,0,0,26.534948,0.338180
"2026-07-13 15:34:27",0.343556,0,0,26.534948,0.338180
"2026-07-13 15:34:27",0.343546,0,0,26.534948,0.338180
"2026-07-13 15:34:27",0.343536,0,0,26.534948,0.338180
"2026-07-13 15:34:27",0.343523,0,0,26.503300,0.338180
"2026-07-13 15:34:27",0.343519,0,0,26.534948,0.338180
"2026-07-13 15:34:28",0.343519,0,0,26.534948,0.338469
"2026-07-13 15:34:28",0.343509,0,0,26.534948,0.338180
"2026-07-13 15:34:28",0.343496,0,0,26.534948,0.338180
"2026-07-13 15:34:28",0.343489,0,0,26.534948,0.338180
"2026-07-13 15:34:28",0.343485,0,0,26.417398,0.338180
"2026-07-13 15:34:29",0.343462,0,0,26.534948,0.338180
"2026-07-13 15:34:29",0.343462,0,0,26.521385,0.338180
"2026-07-13 15:34:29",0.343448,0,0,26.534948,0.338180
"2026-07-13 15:34:29",0.343442,0,0,26.534948,0.338180
"2026-07-13 15:34:29",0.343428,0,0,26.534948,0.338180
"2026-07-13 15:34:30",0.343422,0,0,26.534948,0.338180
"2026-07-13 15:34:30",0.343411,0,0,26.534948,0.338180
"2026-07-13 15:34:30",0.343401,0,0,26.476175,0.338180
"2026-07-13 15:34:30",0.343395,0,0,26.534948,0.338180
"2026-07-13 15:34:30",0.343384,0,0,26.534948,0.338180
"2026-07-13 15:34:31",0.343371,0,0,26.534948,0.338180
"2026-07-13 15:34:31",0.343358,0,0,26.534948,0.338180
"2026-07-13 15:34:31",0.343354,0,0,26.525906,0.338180
"2026-07-13 15:34:31",0.343347,0,0,26.534948,0.338180
"2026-07-13 15:34:31",0.343337,0,0,26.534948,0.338180
"2026-07-13 15:34:32",0.343327,0,0,26.534948,0.338180
"2026-07-13 15:34:32",0.343324,0,0,26.534948,0.338180
"2026-07-13 15:34:32",0.343317,0,0,26.534948,0.338180
"2026-07-13 15:34:32",0.343307,0,0,26.534948,0.338180
"2026-07-13 15:34:32",0.343294,0,0,26.417398,0.338180
"2026-07-13 15:34:33",0.343287,0,0,26.670584,0.338180
"2026-07-13 15:34:33",0.343273,0,0,26.539469,0.338180
"2026-07-13 15:34:33",0.343260,0,0,26.553036,0.338180
"2026-07-13 15:34:33",0.343257,0,0,26.688671,0.338180
"2026-07-13 15:34:33",0.343253,0,0,26.534948,0.338180
"2026-07-13 15:34:34",0.343240,0,0,26.607286,0.338180
"2026-07-13 15:34:34",0.343233,0,0,26.670584,0.338180
"2026-07-13 15:34:34",0.343223,0,0,26.543993,0.338180
"2026-07-13 15:34:34",0.343216,0,0,26.571119,0.338180
"2026-07-13 15:34:34",0.343199,0,0,26.652500,0.338180
"2026-07-13 15:34:35",0.343196,0,0,26.553036,0.338180
"2026-07-13 15:34:35",0.343183,0,0,26.684151,0.338180
"2026-07-13 15:34:35",0.343172,0,0,26.534948,0.338180
"2026-07-13 15:34:35",0.343169,0,0,26.539469,0.338180
"2026-07-13 15:34:35",0.343152,0,0,26.679626,0.338180
"2026-07-13 15:34:36",0.343149,0,0,26.534948,0.338180
"2026-07-13 15:34:36",0.343139,0,0,26.553036,0.338180
"2026-07-13 15:34:36",0.343139,0,0,26.679626,0.338180
"2026-07-13 15:34:36",0.343132,0,0,26.652500,0.338180
"2026-07-13 15:34:36",0.343119,0,0,26.543993,0.338180
"2026-07-13 15:34:37",0.343105,0,0,26.684151,0.338180
"2026-07-13 15:34:37",0.343105,0,0,26.539469,0.338180
"2026-07-13 15:34:37",0.343092,1,0,26.571119,0.338180
"2026-07-13 15:34:37",0.343085,2,0,26.607286,0.338180
"2026-07-13 15:34:37",0.343078,5,0,26.539469,0.338180
"2026-07-13 15:34:38",0.343071,8,0,26.553036,0.338180
"2026-07-13 15:34:38",0.343065,10,0,26.670584,0.338180
"2026-07-13 15:34:38",0.343055,15,0,26.611809,0.338180
"2026-07-13 15:34:38",0.343051,21,0,26.571119,0.338180
"2026-07-13 15:34:38",0.343051,26,0,26.670584,0.338180
"2026-07-13 15:34:39",0.343048,31,0,26.539469,0.338180
"2026-07-13 15:34:39",0.343038,52,0,26.679626,0.338180
"2026-07-13 15:34:39",0.343034,98,0,26.534948,0.338180
"2026-07-13 15:34:39",0.343031,162,0,26.652500,0.338180
"2026-07-13 15:34:39",0.343038,223,0,26.684151,0.338180
"2026-07-13 15:34:40",0.343034,254,0,26.539469,0.338180
"2026-07-13 15:34:40",0.343038,314,0,26.611809,0.338180
"2026-07-13 15:34:40",0.343038,361,0,26.684151,0.338180
"2026-07-13 15:34:40",0.343044,417,0,26.611809,0.338180
"2026-07-13 15:34:40",0.343044,468,0,26.553036,0.338180
"2026-07-13 15:34:41",0.343048,521,0,26.670584,0.338180
"2026-07-13 15:34:41",0.343051,549,0,26.611809,0.338180
"2026-07-13 15:34:41",0.343055,603,0,26.571119,0.338180
"2026-07-13 15:34:41",0.343065,663,0,26.688671,0.338180
"2026-07-13 15:34:41",0.343071,718,0,26.534948,0.338180
"2026-07-13 15:34:42",0.343082,775,0,26.571119,0.338035
"2026-07-13 15:34:42",0.343085,801,0,26.652500,0.338180
"2026-07-13 15:34:42",0.343095,855,0,26.543993,0.338180
"2026-07-13 15:34:42",0.343102,908,0,26.611809,0.337963
"2026-07-13 15:34:42",0.343112,966,0,26.670584,0.338180
"2026-07-13 15:34:43",0.343119,1015,0,26.543993,0.338180
"2026-07-13 15:34:43",0.343129,1039,0,26.684151,0.338180
"2026-07-13 15:34:43",0.343139,1086,0,26.652500,0.338180
"2026-07-13 15:34:43",0.343142,1132,0,26.539469,0.338180
"2026-07-13 15:34:43",0.343145,1182,0,26.611809,0.338180
"2026-07-13 15:34:44",0.343152,1226,0,26.652500,0.338180
"2026-07-13 15:34:44",0.343169,1247,0,26.543993,0.338180
"2026-07-13 15:34:44",0.343183,1287,0,26.670584,0.338180
"2026-07-13 15:34:44",0.343193,1325,0,26.670584,0.338180
"2026-07-13 15:34:44",0.343196,1366,0,26.553036,0.338180
"2026-07-13 15:34:45",0.343206,1400,0,26.684151,0.338180
"2026-07-13 15:34:45",0.343209,1417,0,26.539469,0.338180
"2026-07-13 15:34:45",0.343223,1450,0,26.571119,0.338180
"2026-07-13 15:34:45",0.343226,1479,0,26.571119,0.338180
"2026-07-13 15:34:45",0.343246,1512,0,26.652500,0.338180
"2026-07-13 15:34:46",0.343246,1539,0,26.684151,0.338180
"2026-07-13 15:34:46",0.343257,1553,0,26.679626,0.338180
"2026-07-13 15:34:46",0.343257,1578,0,26.553036,0.338180
"2026-07-13 15:34:46",0.343273,1601,0,26.611809,0.338180
"2026-07-13 15:34:46",0.343273,1625,0,26.652500,0.338180
"2026-07-13 15:34:47",0.343287,1649,0,26.543993,0.338180
"2026-07-13 15:34:47",0.343297,1668,0,26.611809,0.338180
"2026-07-13 15:34:47",0.343300,1677,0,26.652500,0.338180
"2026-07-13 15:34:47",0.343321,1694,0,26.539469,0.338180
"2026-07-13 15:34:47",0.343324,1712,0,26.684151,0.338180
"2026-07-13 15:34:48",0.343324,1730,0,26.539469,0.338180
"2026-07-13 15:34:48",0.343334,1746,0,26.571119,0.338180
"2026-07-13 15:34:48",0.343347,1753,0,26.679626,0.338180
"2026-07-13 15:34:48",0.343354,1768,0,26.611809,0.338180
"2026-07-13 15:34:48",0.343368,1782,0,26.571119,0.338180
"2026-07-13 15:34:49",0.343368,1798,0,26.670584,0.338180
"2026-07-13 15:34:49",0.343374,1810,0,26.611809,0.338180
"2026-07-13 15:34:49",0.343384,1822,0,26.571119,0.338180
"2026-07-13 15:34:49",0.343395,1827,0,26.684151,0.338180
"2026-07-13 15:34:49",0.343401,1838,0,26.539469,0.338180
"2026-07-13 15:34:50",0.343408,1848,0,26.607286,0.338180
"2026-07-13 15:34:50",0.343415,1857,0,26.679626,0.338180
"2026-07-13 15:34:50",0.343422,1867,0,26.539469,0.338180
"2026-07-13 15:34:50",0.343425,1871,0,26.553036,0.338180
"2026-07-13 15:34:50",0.343442,1879,0,26.616331,0.338180
"2026-07-13 15:34:51",0.343445,1887,0,26.543993,0.338180
"2026-07-13 15:34:51",0.343452,1895,0,26.684151,0.338180
"2026-07-13 15:34:51",0.343462,1902,0,26.539469,0.338180
"2026-07-13 15:34:51",0.343465,1905,0,26.539469,0.338180
"2026-07-13 15:34:51",0.343479,1912,0,26.684151,0.338180
"2026-07-13 15:34:52",0.343482,1917,0,26.539469,0.338180
"2026-07-13 15:34:52",0.343489,1923,0,26.571119,0.338180
"2026-07-13 15:34:52",0.343492,1928,0,26.679626,0.338180
"2026-07-13 15:34:52",0.343499,1933,0,26.652500,0.338180
"2026-07-13 15:34:52",0.343506,1935,0,26.688671,0.338180
"2026-07-13 15:34:53",0.343512,1940,0,26.670584,0.338180
"2026-07-13 15:34:53",0.343519,1944,0,26.539469,0.338180
"2026-07-13 15:34:53",0.343533,1949,0,26.688671,0.338180
"2026-07-13 15:34:53",0.343533,1952,0,26.670584,0.338180
"2026-07-13 15:34:53",0.343543,1954,0,26.539469,0.338180
"2026-07-13 15:34:54",0.343543,1956,0,26.688671,0.338180
"2026-07-13 15:34:54",0.343556,1959,0,26.652500,0.338180
"2026-07-13 15:34:54",0.343566,1963,0,26.553036,0.338180
"2026-07-13 15:34:54",0.343576,1966,0,26.679626,0.338180
"2026-07-13 15:34:54",0.343573,1968,0,26.611809,0.338180
"2026-07-13 15:34:55",0.343590,1969,0,26.553036,0.338180
"2026-07-13 15:34:55",0.343590,1970,0,26.679626,0.338180
"2026-07-13 15:34:55",0.343600,1971,0,26.539469,0.338180
"2026-07-13 15:34:55",0.343607,1974,0,26.553036,0.338180
"2026-07-13 15:34:55",0.343613,1974,0,26.611809,0.338180
"2026-07-13 15:34:56",0.343620,1975,0,26.543993,0.338180
"2026-07-13 15:34:56",0.343620,1975,0,26.571119,0.338180
"2026-07-13 15:34:56",0.343634,1976,0,26.684151,0.338180
"2026-07-13 15:34:56",0.343644,1978,0,26.539469,0.338180
"2026-07-13 15:34:56",0.343637,1978,0,26.688671,0.338180
"2026-07-13 15:34:57",0.343647,1978,0,26.652500,0.338180
"2026-07-13 15:34:57",0.343664,1978,0,26.553036,0.338180
"2026-07-13 15:34:57",0.343667,1978,0,26.684151,0.338180
"2026-07-13 15:34:57",0.343667,1978,0,26.679626,0.338180
"2026-07-13 15:34:57",0.343677,1978,0,26.543993,0.338180
"2026-07-13 15:34:58",0.343684,1978,0,26.684151,0.338180
"2026-07-13 15:34:58",0.343687,1978,0,26.616331,0.338180
"2026-07-13 15:34:58",0.343698,1977,0,26.543993,0.338180
"2026-07-13 15:34:58",0.343701,1976,0,26.607286,0.338180
"2026-07-13 15:34:58",0.343701,1976,0,26.611809,0.338180
"2026-07-13 15:34:59",0.343711,1974,0,26.553036,0.338180
"2026-07-13 15:34:59",0.343721,1974,0,26.670584,0.338180
"2026-07-13 15:34:59",0.343725,1973,0,26.652500,0.338180
"2026-07-13 15:34:59",0.343728,1972,0,26.611809,0.338180
"2026-07-13 15:34:59",0.343728,1971,0,26.652500,0.338180
"2026-07-13 15:35:00",0.343735,1969,0,26.539469,0.338180
"2026-07-13 15:35:00",0.343741,1968,0,26.688671,0.338180
"2026-07-13 15:35:00",0.343745,1965,0,26.670584,0.338180
"2026-07-13 15:35:00",0.343755,1965,0,26.620853,0.338180
"2026-07-13 15:35:00",0.343758,1963,0,26.684151,0.338180
"2026-07-13 15:35:01",0.343765,1962,0,26.611809,0.338180
"2026-07-13 15:35:01",0.343772,1959,0,26.539469,0.338180
"2026-07-13 15:35:01",0.343778,1956,0,26.684151,0.338180
"2026-07-13 15:35:01",0.343778,1954,0,26.684151,0.338180
"2026-07-13 15:35:01",0.343782,1953,0,26.543993,0.338180
"2026-07-13 15:35:02",0.343792,1949,0,26.652500,0.338180
"2026-07-13 15:35:02",0.343795,1947,0,26.539469,0.338180
"2026-07-13 15:35:02",0.343795,1942,0,26.611809,0.338180
"2026-07-13 15:35:02",0.343805,1938,0,26.684151,0.338180
"2026-07-13 15:35:02",0.343812,1936,0,26.616331,0.338180
"2026-07-13 15:35:03",0.343819,1933,0,26.607286,0.338180
"2026-07-13 15:35:03",0.343822,1929,0,26.652500,0.338180
"2026-07-13 15:35:03",0.343822,1924,0,26.539469,0.338180
"2026-07-13 15:35:03",0.343822,1921,0,26.571119,0.338180
"2026-07-13 15:35:03",0.343836,1916,0,26.684151,0.338180
"2026-07-13 15:35:04",0.343842,1913,0,26.543993,0.338180
"2026-07-13 15:35:04",0.343839,1908,0,26.684151,0.338180
"2026-07-13 15:35:04",0.343852,1902,0,26.652500,0.338180
"2026-07-13 15:35:04",0.343852,1896,0,26.616331,0.338180
"2026-07-13 15:35:04",0.343856,1890,0,26.684151,0.338180
"2026-07-13 15:35:05",0.343856,1884,0,26.652500,0.338180
"2026-07-13 15:35:05",0.343859,1880,0,26.553036,0.338180
"2026-07-13 15:35:05",0.343863,1874,0,26.679626,0.338180
"2026-07-13 15:35:05",0.343866,1868,0,26.670584,0.338180
"2026-07-13 15:35:05",0.343866,1859,0,26.571119,0.338180
"2026-07-13 15:35:06",0.343866,1851,0,26.679626,0.338180
"2026-07-13 15:35:06",0.343873,1847,0,26.611809,0.338180
"2026-07-13 15:35:06",0.343873,1838,0,26.688671,0.338180
"2026-07-13 15:35:06",0.343883,1830,0,26.679626,0.338180
"2026-07-13 15:35:06",0.343883,1819,0,26.539469,0.338180
"2026-07-13 15:35:07",0.343879,1810,0,26.571119,0.338180
"2026-07-13 15:35:07",0.343886,1800,0,26.679626,0.338831
"2026-07-13 15:35:07",0.343886,1794,0,26.539469,0.338180
"2026-07-13 15:35:07",0.343889,1785,0,26.571119,0.338180
"2026-07-13 15:35:07",0.343889,1774,0,26.611809,0.338180
"2026-07-13 15:35:08",0.343896,1763,0,26.553036,0.338180
"2026-07-13 15:35:08",0.343900,1751,0,26.688671,0.338180
"2026-07-13 15:35:08",0.343900,1739,0,26.534948,0.338180
"2026-07-13 15:35:08",0.343900,1733,0,26.652500,0.338180
"2026-07-13 15:35:08",0.343896,1721,0,26.684151,0.338180
"2026-07-13 15:35:09",0.343889,1709,0,26.616331,0.338180
"2026-07-13 15:35:09",0.343896,1694,0,26.553036,0.338180
"2026-07-13 15:35:09",0.343900,1682,0,26.684151,0.338180
"2026-07-13 15:35:09",0.343900,1675,0,26.679626,0.338180
"2026-07-13 15:35:09",0.343900,1661,0,26.571119,0.338180
"2026-07-13 15:35:10",0.343900,1647,0,26.679626,0.338180
"2026-07-13 15:35:10",0.343896,1630,0,26.534948,0.338180
"2026-07-13 15:35:10",0.343896,1614,0,26.611809,0.338469
"2026-07-13 15:35:10",0.343896,1599,0,26.611809,0.338180
"2026-07-13 15:35:10",0.343889,1591,0,26.543993,0.338180
"2026-07-13 15:35:11",0.343896,1575,0,26.571119,0.338180
"2026-07-13 15:35:11",0.343896,1557,0,26.679626,0.338180
"2026-07-13 15:35:11",0.343889,1540,0,26.539469,0.338180
"2026-07-13 15:35:11",0.343886,1523,0,26.543993,0.338252
"2026-07-13 15:35:11",0.343889,1515,0,26.679626,0.338180
"2026-07-13 15:35:12",0.343889,1498,0,26.543993,0.338180
"2026-07-13 15:35:12",0.343886,1481,0,26.611809,0.338180
"2026-07-13 15:35:12",0.343883,1460,0,26.611809,0.338180
"2026-07-13 15:35:12",0.343876,1442,0,26.534948,0.338180
"2026-07-13 15:35:12",0.343876,1433,0,26.679626,0.338180
"2026-07-13 15:35:13",0.343873,1415,0,26.539469,0.338180
"2026-07-13 15:35:13",0.343873,1396,0,26.571119,0.338180
"2026-07-13 15:35:13",0.343873,1378,0,26.684151,0.338180
"2026-07-13 15:35:13",0.343869,1356,0,26.670584,0.338180
"2026-07-13 15:35:13",0.343859,1338,0,26.611809,0.338180
"2026-07-13 15:35:14",0.343863,1329,0,26.670584,0.338180
"2026-07-13 15:35:14",0.343856,1310,0,26.543993,0.339482
"2026-07-13 15:35:14",0.343859,1292,0,26.611809,0.338180
"2026-07-13 15:35:14",0.343849,1271,0,26.688671,0.338180
"2026-07-13 15:35:14",0.343846,1252,0,26.539469,0.338180
"2026-07-13 15:35:15",0.343849,1233,0,26.611809,0.338180
"2026-07-13 15:35:15",0.343849,1223,0,26.611809,0.338180
"2026-07-13 15:35:15",0.343842,1205,0,26.553036,0.338180
"2026-07-13 15:35:15",0.343839,1187,0,26.571119,0.339410
"2026-07-13 15:35:15",0.343829,1165,0,26.539469,0.338180
"2026-07-13 15:35:16",0.343826,1148,0,26.611809,0.338180
"2026-07-13 15:35:16",0.343826,1140,0,26.607286,0.338180
"2026-07-13 15:35:16",0.343822,1121,0,26.539469,0.338180
"2026-07-13 15:35:16",0.343812,1104,0,26.539469,0.338180
"2026-07-13 15:35:16",0.343812,1084,0,26.670584,0.338180
"2026-07-13 15:35:17",0.343809,1068,0,26.539469,0.338180
"2026-07-13 15:35:17",0.343802,1060,0,26.571119,0.338180
"2026-07-13 15:35:17",0.343799,1044,0,26.670584,0.338180
"2026-07-13 15:35:17",0.343792,1027,0,26.679626,0.338180
"2026-07-13 15:35:17",0.343792,1009,0,26.571119,0.338180
"2026-07-13 15:35:18",0.343782,994,0,26.670584,0.338180
"2026-07-13 15:35:18",0.343785,986,0,26.543993,0.338180
"2026-07-13 15:35:18",0.343778,971,0,26.611809,0.338180
"2026-07-13 15:35:18",0.343768,955,0,26.611809,0.338180
"2026-07-13 15:35:18",0.343762,941,0,26.539469,0.338180
"2026-07-13 15:35:19",0.343762,935,0,26.688671,0.338180
"2026-07-13 15:35:19",0.343758,922,0,26.688671,0.338180
"2026-07-13 15:35:19",0.343758,908,0,26.693192,0.338180
"2026-07-13 15:35:19",0.343745,895,0,26.693192,0.338180
"2026-07-13 15:35:19",0.343745,889,0,26.765532,0.338180
"2026-07-13 15:35:20",0.343741,879,0,26.688671,0.338180
"2026-07-13 15:35:20",0.343735,868,0,26.697714,0.338180
"2026-07-13 15:35:20",0.343735,856,0,26.688671,0.338180
"2026-07-13 15:35:20",0.343728,846,0,26.688671,0.338180
"2026-07-13 15:35:20",0.343725,841,0,26.806221,0.338180
"2026-07-13 15:35:21",0.343725,831,0,26.688671,0.338180
"2026-07-13 15:35:21",0.343714,822,0,26.688671,0.338180
"2026-07-13 15:35:21",0.343718,813,0,26.765532,0.338180
"2026-07-13 15:35:21",0.343708,809,0,26.729361,0.338180
"2026-07-13 15:35:21",0.343708,801,0,26.688671,0.338180
"2026-07-13 15:35:22",0.343701,793,0,26.688671,0.338180
"2026-07-13 15:35:22",0.343701,787,0,26.688671,0.338180
"2026-07-13 15:35:22",0.343687,779,0,26.688671,0.338180
"2026-07-13 15:35:22",0.343687,776,0,26.697714,0.338180
"2026-07-13 15:35:22",0.343681,770,0,26.688671,0.338180
"2026-07-13 15:35:23",0.343677,765,0,26.688671,0.338180
"2026-07-13 15:35:23",0.343671,760,0,26.688671,0.338180
"2026-07-13 15:35:23",0.343667,758,0,26.688671,0.338180
"2026-07-13 15:35:23",0.343664,754,0,26.688671,0.338180
"2026-07-13 15:35:23",0.343664,751,0,26.765532,0.338180
"2026-07-13 15:35:24",0.343661,746,0,26.688671,0.338180
"2026-07-13 15:35:24",0.343661,744,0,26.688671,0.338180
"2026-07-13 15:35:24",0.343647,743,0,26.688671,0.338180
"2026-07-13 15:35:24",0.343647,741,0,26.688671,0.338180
"2026-07-13 15:35:24",0.343640,739,0,26.693192,0.338180
"2026-07-13 15:35:25",0.343640,737,0,26.688671,0.338180
"2026-07-13 15:35:25",0.343637,737,0,26.688671,0.338180
"2026-07-13 15:35:25",0.343637,736,0,26.688671,0.338180
"2026-07-13 15:35:25",0.343637,735,0,26.697714,0.338180
"2026-07-13 15:35:25",0.343634,735,0,26.688671,0.338180
"2026-07-13 15:35:26",0.343620,735,0,26.688671,0.338180
"2026-07-13 15:35:26",0.343624,735,0,26.688671,0.338180
"2026-07-13 15:35:26",0.343620,735,0,26.688671,0.338180
"2026-07-13 15:35:26",0.343620,735,0,26.697714,0.338180
"2026-07-13 15:35:26",0.343617,735,0,26.688671,0.338180
"2026-07-13 15:35:27",0.343617,736,0,26.688671,0.338180
"2026-07-13 15:35:27",0.343607,737,0,26.697714,0.338180
"2026-07-13 15:35:27",0.343603,739,0,26.729361,0.338180
"2026-07-13 15:35:27",0.343603,740,0,26.688671,0.338180
"2026-07-13 15:35:27",0.343603,740,0,26.688671,0.338180
"2026-07-13 15:35:28",0.343593,742,0,26.688671,0.338180
"2026-07-13 15:35:28",0.343597,744,0,26.688671,0.338180
"2026-07-13 15:35:28",0.343597,746,0,26.688671,0.338180
"2026-07-13 15:35:28",0.343590,748,0,26.688671,0.338180
"2026-07-13 15:35:28",0.343586,750,0,26.688671,0.338180
"2026-07-13 15:35:29",0.343590,753,0,26.688671,0.338180
"2026-07-13 15:35:29",0.343583,756,0,26.688671,0.338180
"2026-07-13 15:35:29",0.343576,759,0,26.688671,0.338180
"2026-07-13 15:35:29",0.343573,761,0,26.688671,0.338180
"2026-07-13 15:35:29",0.343576,765,0,26.765532,0.338180
"2026-07-13 15:35:30",0.343573,770,0,26.688671,0.338180
"2026-07-13 15:35:30",0.343570,774,0,26.688671,0.338180
"2026-07-13 15:35:30",0.343573,776,0,26.729361,0.338180
"2026-07-13 15:35:30",0.343570,781,0,26.688671,0.338180
"2026-07-13 15:35:30",0.343566,787,0,26.697714,0.338180
"2026-07-13 15:35:31",0.343566,793,0,26.688671,0.338180
"2026-07-13 15:35:31",0.343556,798,0,26.688671,0.338180
"2026-07-13 15:35:31",0.343556,801,0,26.693192,0.338180
"2026-07-13 15:35:31",0.343560,807,0,26.688671,0.338180
"2026-07-13 15:35:31",0.343556,814,0,26.688671,0.338180
"2026-07-13 15:35:32",0.343556,820,0,26.702234,0.338180
"2026-07-13 15:35:32",0.343553,823,0,26.688671,0.338180
"2026-07-13 15:35:32",0.343556,830,0,26.688671,0.338180
"2026-07-13 15:35:32",0.343553,838,0,26.688671,0.338180
"2026-07-13 15:35:32",0.343556,845,0,26.688671,0.338180
"2026-07-13 15:35:33",0.343560,848,0,26.688671,0.338180
"2026-07-13 15:35:33",0.343549,856,0,26.688671,0.338180
"2026-07-13 15:35:33",0.343549,862,0,26.806221,0.338180
"2026-07-13 15:35:33",0.343549,869,0,26.688671,0.338180
"2026-07-13 15:35:33",0.343546,878,0,26.697714,0.338180
"2026-07-13 15:35:34",0.343553,881,0,26.688671,0.338180
"2026-07-13 15:35:34",0.343546,889,0,26.688671,0.338180
"2026-07-13 15:35:34",0.343549,897,0,26.693192,0.338180
"2026-07-13 15:35:34",0.343553,905,0,26.702234,0.338180
"2026-07-13 15:35:34",0.343546,913,0,26.688671,0.338180
"2026-07-13 15:35:35",0.343553,917,0,26.693192,0.338180
"2026-07-13 15:35:35",0.343543,925,0,26.688671,0.338180
"2026-07-13 15:35:35",0.343539,934,0,26.688671,0.338180
"2026-07-13 15:35:35",0.343549,942,0,26.688671,0.338180
"2026-07-13 15:35:35",0.343543,946,0,26.688671,0.338180
"2026-07-13 15:35:36",0.343546,953,0,26.688671,0.338180
"2026-07-13 15:35:36",0.343546,963,0,26.697714,0.338180
"2026-07-13 15:35:36",0.343543,971,0,26.688671,0.338180
"2026-07-13 15:35:36",0.343546,975,0,26.688671,0.338180
"2026-07-13 15:35:36",0.343549,983,0,26.706755,0.338180
"2026-07-13 15:35:37",0.343553,991,0,26.688671,0.338180
"2026-07-13 15:35:37",0.343553,1000,0,26.688671,0.338180
"2026-07-13 15:35:37",0.343549,1008,0,26.697714,0.338180
"2026-07-13 15:35:37",0.343556,1012,0,26.706755,0.338180
"2026-07-13 15:35:37",0.343553,1020,0,26.688671,0.338180
"2026-07-13 15:35:38",0.343546,1029,0,26.688671,0.338180
"2026-07-13 15:35:38",0.343553,1038,0,26.688671,0.338180
"2026-07-13 15:35:38",0.343556,1041,0,26.688671,0.338180
"2026-07-13 15:35:38",0.343553,1048,0,26.688671,0.338180
"2026-07-13 15:35:38",0.343560,1055,0,26.688671,0.338180
"2026-07-13 15:35:39",0.343556,1063,0,26.688671,0.338180
"2026-07-13 15:35:39",0.343560,1067,0,26.706755,0.338180
"2026-07-13 15:35:39",0.343563,1074,0,26.688671,0.338180
"2026-07-13 15:35:39",0.343560,1082,0,26.729361,0.338180
"2026-07-13 15:35:39",0.343560,1090,0,26.688671,0.338180
"2026-07-13 15:35:40",0.343566,1097,0,26.688671,0.338180
"2026-07-13 15:35:40",0.343566,1100,0,26.688671,0.338180
"2026-07-13 15:35:40",0.343566,1107,0,26.693192,0.338180
"2026-07-13 15:35:40",0.343566,1114,0,26.688671,0.338180
"2026-07-13 15:35:40",0.343566,1121,0,26.688671,0.338180
"2026-07-13 15:35:41",0.343570,1124,0,26.693192,0.338180
"2026-07-13 15:35:41",0.343570,1130,0,26.688671,0.338180
"2026-07-13 15:35:41",0.343570,1136,0,26.688671,0.338180
"2026-07-13 15:35:41",0.343570,1143,0,26.688671,0.338180
"2026-07-13 15:35:41",0.343570,1149,0,26.765532,0.338180
"2026-07-13 15:35:42",0.343583,1152,0,26.688671,0.338180
"2026-07-13 15:35:42",0.343576,1157,0,26.688671,0.338180
"2026-07-13 15:35:42",0.343580,1164,0,26.765532,0.338180
"2026-07-13 15:35:42",0.343586,1169,0,26.688671,0.338180
"2026-07-13 15:35:42",0.343586,1172,0,26.688671,0.338180
"2026-07-13 15:35:43",0.343576,1177,0,26.688671,0.338180
"2026-07-13 15:35:43",0.343586,1182,0,26.688671,0.338180
"2026-07-13 15:35:43",0.343590,1187,0,26.693192,0.338180
"2026-07-13 15:35:43",0.343583,1192,0,26.729361,0.338180
"2026-07-13 15:35:43",0.343590,1194,0,26.688671,0.338180
"2026-07-13 15:35:44",0.343590,1199,0,26.697714,0.338180
"2026-07-13 15:35:44",0.343590,1204,0,26.688671,0.338180
"2026-07-13 15:35:44",0.343590,1208,0,26.688671,0.338180
"2026-07-13 15:35:44",0.343590,1210,0,26.688671,0.338180
"2026-07-13 15:35:44",0.343593,1215,0,26.688671,0.338180
"2026-07-13 15:35:45",0.343600,1219,0,26.688671,0.338180
"2026-07-13 15:35:45",0.343603,1223,0,26.688671,0.338180
"2026-07-13 15:35:45",0.343603,1226,0,26.688671,0.338180
"2026-07-13 15:35:45",0.343603,1227,0,26.688671,0.338180
"2026-07-13 15:35:45",0.343603,1230,0,26.697714,0.338180
"2026-07-13 15:35:46",0.343610,1234,0,26.688671,0.338180
"2026-07-13 15:35:46",0.343603,1237,0,26.688671,0.338180
"2026-07-13 15:35:46",0.343607,1239,0,26.688671,0.338180
"2026-07-13 15:35:46",0.343613,1241,0,26.688671,0.338180
"2026-07-13 15:35:46",0.343610,1243,0,26.688671,0.338180
"2026-07-13 15:35:47",0.343613,1246,0,26.693192,0.338180
"2026-07-13 15:35:47",0.343617,1249,0,26.688671,0.338180
"2026-07-13 15:35:47",0.343613,1251,0,26.688671,0.338180
"2026-07-13 15:35:47",0.343620,1252,0,26.693192,0.338180
"2026-07-13 15:35:47",0.343617,1254,0,26.688671,0.338180
"2026-07-13 15:35:48",0.343620,1256,0,26.688671,0.338180
"2026-07-13 15:35:48",0.343624,1257,0,26.688671,0.338180
"2026-07-13 15:35:48",0.343624,1259,0,26.688671,0.338180
"2026-07-13 15:35:48",0.343630,1260,0,26.688671,0.338180
"2026-07-13 15:35:48",0.343630,1262,0,26.688671,0.338180
"2026-07-13 15:35:49",0.343630,1263,0,26.688671,0.338180
"2026-07-13 15:35:49",0.343630,1263,0,26.688671,0.338180
"2026-07-13 15:35:49",0.343634,1265,0,26.706755,0.338180
"2026-07-13 15:35:49",0.343634,1265,0,26.688671,0.338180
"2026-07-13 15:35:49",0.343630,1266,0,26.688671,0.338180
"2026-07-13 15:35:50",0.343634,1266,0,26.693192,0.338180
"2026-07-13 15:35:50",0.343637,1266,0,26.688671,0.338180
"2026-07-13 15:35:50",0.343637,1267,0,26.688671,0.338180
"2026-07-13 15:35:50",0.343640,1267,0,26.693192,0.338180
"2026-07-13 15:35:50",0.343640,1268,0,26.747444,0.338180
"2026-07-13 15:35:51",0.343644,1268,0,26.688671,0.338180
"2026-07-13 15:35:51",0.343647,1268,0,26.693192,0.338180
"2026-07-13 15:35:51",0.343647,1268,0,26.688671,0.338180
"2026-07-13 15:35:51",0.343644,1268,0,26.688671,0.338180
"2026-07-13 15:35:51",0.343647,1268,0,26.693192,0.338180
"2026-07-13 15:35:52",0.343647,1268,0,26.747444,0.338180
"2026-07-13 15:35:52",0.343647,1267,0,26.688671,0.338180
"2026-07-13 15:35:52",0.343650,1267,0,26.688671,0.338180
"2026-07-13 15:35:52",0.343654,1267,0,26.729361,0.338180
"2026-07-13 15:35:52",0.343654,1266,0,26.688671,0.338180
"2026-07-13 15:35:53",0.343654,1266,0,26.688671,0.338180
"2026-07-13 15:35:53",0.343654,1266,0,26.688671,0.338180
"2026-07-13 15:35:53",0.343654,1265,0,26.688671,0.338180
"2026-07-13 15:35:53",0.343661,1265,0,26.688671,0.338180
"2026-07-13 15:35:53",0.343654,1264,0,26.688671,0.338180
"2026-07-13 15:35:54",0.343667,1263,0,26.688671,0.338180
"2026-07-13 15:35:54",0.343667,1262,0,26.693192,0.338180
"2026-07-13 15:35:54",0.343667,1262,0,26.688671,0.338180
"2026-07-13 15:35:54",0.343661,1261,0,26.688671,0.338180
"2026-07-13 15:35:54",0.343657,1260,0,26.693192,0.338180
"2026-07-13 15:35:55",0.343664,1259,0,26.765532,0.338180
"2026-07-13 15:35:55",0.343664,1257,0,26.688671,0.338180
"2026-07-13 15:35:55",0.343661,1257,0,26.697714,0.338180
"2026-07-13 15:35:55",0.343667,1255,0,26.688671,0.338180
"2026-07-13 15:35:55",0.343667,1255,0,26.688671,0.338180
"2026-07-13 15:35:56",0.343667,1254,0,26.702234,0.338180
"2026-07-13 15:35:56",0.343667,1252,0,26.688671,0.338180
"2026-07-13 15:35:56",0.343671,1252,0,26.688671,0.338180
"2026-07-13 15:35:56",0.343664,1250,0,26.693192,0.338180
"2026-07-13 15:35:56",0.343671,1248,0,26.729361,0.338180
"2026-07-13 15:35:57",0.343671,1247,0,26.688671,0.338180
"2026-07-13 15:35:57",0.343677,1246,0,26.688671,0.338180
"2026-07-13 15:35:57",0.343671,1244,0,26.688671,0.338180
"2026-07-13 15:35:57",0.343681,1242,0,26.765532,0.338180
"2026-07-13 15:35:57",0.343671,1240,0,26.688671,0.338180
"2026-07-13 15:35:58",0.343677,1238,0,26.729361,0.338180
"2026-07-13 15:35:58",0.343677,1237,0,26.688671,0.338180
"2026-07-13 15:35:58",0.343677,1235,0,26.693192,0.338180
"2026-07-13 15:35:58",0.343677,1233,0,26.688671,0.338180
"2026-07-13 15:35:58",0.343677,1230,0,26.688671,0.338180
"2026-07-13 15:35:59",0.343677,1229,0,26.688671,0.338180
"2026-07-13 15:35:59",0.343681,1227,0,26.688671,0.338180
"2026-07-13 15:35:59",0.343681,1224,0,26.688671,0.338180
"2026-07-13 15:35:59",0.343677,1222,0,26.688671,0.338180
"2026-07-13 15:35:59",0.343681,1219,0,26.688671,0.338180
"2026-07-13 15:36:00",0.343681,1218,0,26.688671,0.338180
"2026-07-13 15:36:00",0.343684,1216,0,26.688671,0.338180
"2026-07-13 15:36:00",0.343681,1212,0,26.747444,0.338180
"2026-07-13 15:36:00",0.343681,1209,0,26.688671,0.338180
"2026-07-13 15:36:00",0.343684,1208,0,26.688671,0.338180
"2026-07-13 15:36:01",0.343681,1205,0,26.688671,0.338180
"2026-07-13 15:36:01",0.343681,1202,0,26.688671,0.338180
"2026-07-13 15:36:01",0.343684,1199,0,26.697714,0.338180
"2026-07-13 15:36:01",0.343681,1196,0,26.688671,0.338180
"2026-07-13 15:36:01",0.343677,1194,0,26.688671,0.338180
"2026-07-13 15:36:02",0.343684,1191,0,26.693192,0.338180
"2026-07-13 15:36:02",0.343684,1189,0,26.806221,0.338180
"2026-07-13 15:36:02",0.343681,1185,0,26.688671,0.338180
"2026-07-13 15:36:02",0.343681,1183,0,26.688671,0.338180
"2026-07-13 15:36:02",0.343684,1180,0,26.688671,0.338180
"2026-07-13 15:36:03",0.343684,1177,0,26.688671,0.338180
"2026-07-13 15:36:03",0.343684,1173,0,26.702234,0.338180
"2026-07-13 15:36:03",0.343681,1169,0,26.688671,0.338180
"2026-07-13 15:36:03",0.343677,1168,0,26.688671,0.338180
"2026-07-13 15:36:03",0.343684,1165,0,26.688671,0.338180
"2026-07-13 15:36:04",0.343684,1162,0,26.729361,0.338180
"2026-07-13 15:36:04",0.343681,1158,0,26.688671,0.338180
"2026-07-13 15:36:04",0.343684,1155,0,26.688671,0.338180
"2026-07-13 15:36:04",0.343681,1154,0,26.715797,0.338180
"2026-07-13 15:36:04",0.343681,1151,0,26.688671,0.338180
"2026-07-13 15:36:05",0.343681,1146,0,26.688671,0.338180
"2026-07-13 15:36:05",0.343677,1143,0,26.688671,0.338180
"2026-07-13 15:36:05",0.343681,1142,0,26.688671,0.338180
"2026-07-13 15:36:05",0.343677,1139,0,26.688671,0.338180
"2026-07-13 15:36:05",0.343681,1136,0,26.806221,0.338180
"2026-07-13 15:36:06",0.343684,1132,0,26.688671,0.338180
"2026-07-13 15:36:06",0.343677,1128,0,26.688671,0.338180
"2026-07-13 15:36:06",0.343677,1127,0,26.688671,0.338180
"2026-07-13 15:36:06",0.343677,1124,0,26.688671,0.338180
"2026-07-13 15:36:06",0.343677,1120,0,26.688671,0.338180
"2026-07-13 15:36:07",0.343677,1117,0,26.688671,0.338180
"2026-07-13 15:36:07",0.343677,1115,0,26.688671,0.338180
"2026-07-13 15:36:07",0.343677,1113,0,26.693192,0.338180
"2026-07-13 15:36:07",0.343677,1109,0,26.688671,0.338180
"2026-07-13 15:36:07",0.343671,1106,0,26.688671,0.338180
"2026-07-13 15:36:08",0.343674,1103,0,26.688671,0.338180
"2026-07-13 15:36:08",0.343671,1102,0,26.729361,0.338180
"2026-07-13 15:36:08",0.343674,1099,0,26.688671,0.338180
"2026-07-13 15:36:08",0.343667,1096,0,26.688671,0.338180
"2026-07-13 15:36:08",0.343671,1093,0,26.688671,0.338180
"2026-07-13 15:36:09",0.343671,1089,0,26.688671,0.338180
"2026-07-13 15:36:09",0.343667,1088,0,26.688671,0.338180
"2026-07-13 15:36:09",0.343667,1085,0,26.756489,0.338180
"2026-07-13 15:36:09",0.343667,1083,0,26.729361,0.338180
"2026-07-13 15:36:09",0.343671,1080,0,26.688671,0.338180
"2026-07-13 15:36:10",0.343667,1079,0,26.720318,0.338180
"2026-07-13 15:36:10",0.343667,1076,0,26.688671,0.338180
"2026-07-13 15:36:10",0.343667,1074,0,26.688671,0.338180
"2026-07-13 15:36:10",0.343664,1071,0,26.693192,0.338180
"2026-07-13 15:36:10",0.343671,1069,0,26.688671,0.338180
"2026-07-13 15:36:11",0.343664,1068,0,26.688671,0.338180
"2026-07-13 15:36:11",0.343667,1066,0,26.747444,0.338180
"2026-07-13 15:36:11",0.343661,1063,0,26.688671,0.338180
"2026-07-13 15:36:11",0.343664,1061,0,26.688671,0.338180
"2026-07-13 15:36:11",0.343661,1061,0,26.688671,0.338180
"2026-07-13 15:36:12",0.343661,1058,0,26.688671,0.338180
"2026-07-13 15:36:12",0.343661,1057,0,26.724838,0.338180
"2026-07-13 15:36:12",0.343661,1055,0,26.842392,0.338180
"2026-07-13 15:36:12",0.343657,1053,0,26.837870,0.338180
"2026-07-13 15:36:12",0.343661,1052,0,26.815262,0.338180
"2026-07-13 15:36:13",0.343654,1050,0,26.842392,0.338180
"2026-07-13 15:36:13",0.343657,1048,0,26.842392,0.338180
"2026-07-13 15:36:13",0.343654,1046,0,26.724838,0.338180
"2026-07-13 15:36:13",0.343650,1046,0,26.842392,0.338180
"2026-07-13 15:36:13",0.343654,1044,0,26.828829,0.338180
"2026-07-13 15:36:14",0.343650,1042,0,26.724838,0.338180
"2026-07-13 15:36:14",0.343650,1041,0,26.842392,0.338180
"2026-07-13 15:36:14",0.343654,1039,0,26.833349,0.338180
"2026-07-13 15:36:14",0.343654,1039,0,26.724838,0.338180
"2026-07-13 15:36:14",0.343654,1038,0,26.842392,0.338180
"2026-07-13 15:36:15",0.343644,1037,0,26.837870,0.338180
"2026-07-13 15:36:15",0.343644,1036,0,26.783615,0.338180
"2026-07-13 15:36:15",0.343650,1035,0,26.842392,0.338180
"2026-07-13 15:36:15",0.343644,1035,0,26.842392,0.338180
"2026-07-13 15:36:15",0.343644,1034,0,26.724838,0.338180
"2026-07-13 15:36:16",0.343647,1033,0,26.842392,0.338180
"2026-07-13 15:36:16",0.343650,1033,0,26.833349,0.338180
"2026-07-13 15:36:16",0.343644,1033,0,26.783615,0.338180
"2026-07-13 15:36:16",0.343644,1032,0,26.842392,0.338180
"2026-07-13 15:36:16",0.343647,1031,0,26.837870,0.338180
"2026-07-13 15:36:17",0.343644,1031,0,26.815262,0.338180
"2026-07-13 15:36:17",0.343637,1031,0,26.842392,0.338180
"2026-07-13 15:36:17",0.343644,1031,0,26.842392,0.338180
"2026-07-13 15:36:17",0.343637,1030,0,26.828829,0.338180
"2026-07-13 15:36:17",0.343640,1030,0,26.842392,0.338180
"2026-07-13 15:36:18",0.343644,1030,0,26.842392,0.338180
"2026-07-13 15:36:18",0.343634,1030,0,26.842392,0.338180
"2026-07-13 15:36:18",0.343640,1030,0,26.842392,0.338180
"2026-07-13 15:36:18",0.343637,1030,0,26.837870,0.338180
"2026-07-13 15:36:18",0.343637,1030,0,26.706755,0.338180
"2026-07-13 15:36:19",0.343637,1030,0,26.842392,0.338180
"2026-07-13 15:36:19",0.343640,1030,0,26.842392,0.338180
"2026-07-13 15:36:19",0.343637,1030,0,26.765532,0.338180
"2026-07-13 15:36:19",0.343637,1030,0,26.842392,0.338180
"2026-07-13 15:36:19",0.343634,1030,0,26.824306,0.338180
"2026-07-13 15:36:20",0.343637,1031,0,26.783615,0.338180
"2026-07-13 15:36:20",0.343637,1031,0,26.842392,0.338180
"2026-07-13 15:36:20",0.343637,1030,0,26.842392,0.338180
"2026-07-13 15:36:20",0.343637,1030,0,26.783615,0.338180
"2026-07-13 15:36:20",0.343634,1030,0,26.842392,0.338180
"2026-07-13 15:36:21",0.343634,1031,0,26.837870,0.338180
"2026-07-13 15:36:21",0.343634,1031,0,26.828829,0.338180
"2026-07-13 15:36:21",0.343634,1031,0,26.842392,0.338180
"2026-07-13 15:36:21",0.343634,1031,0,26.842392,0.338180
"2026-07-13 15:36:21",0.343634,1031,0,26.815262,0.338180
"2026-07-13 15:36:22",0.343634,1032,0,26.842392,0.338180
"2026-07-13 15:36:22",0.343634,1032,0,26.842392,0.338180
"2026-07-13 15:36:22",0.343634,1032,0,26.810741,0.338180
"2026-07-13 15:36:22",0.343634,1032,0,26.842392,0.338180
"2026-07-13 15:36:22",0.343630,1033,0,26.837870,0.339410
"2026-07-13 15:36:23",0.343634,1033,0,26.706755,0.338180
"2026-07-13 15:36:23",0.343630,1033,0,26.842392,0.338180
"2026-07-13 15:36:23",0.343627,1034,0,26.842392,0.338180
"2026-07-13 15:36:23",0.343634,1034,0,26.837870,0.338180
"2026-07-13 15:36:23",0.343634,1034,0,26.842392,0.338180
"2026-07-13 15:36:24",0.343630,1035,0,26.842392,0.338180
"2026-07-13 15:36:24",0.343634,1035,0,26.815262,0.338180
"2026-07-13 15:36:24",0.343624,1036,0,26.842392,0.338180
"2026-07-13 15:36:24",0.343630,1036,0,26.842392,0.338180
"2026-07-13 15:36:24",0.343627,1036,0,26.810741,0.338180
"2026-07-13 15:36:25",0.343624,1036,0,26.842392,0.338180
"2026-07-13 15:36:25",0.343627,1037,0,26.842392,0.338180
"2026-07-13 15:36:25",0.343624,1038,0,26.815262,0.338180
"2026-07-13 15:36:25",0.343630,1038,0,26.842392,0.338180
"2026-07-13 15:36:25",0.343624,1039,0,26.837870,0.338180
"2026-07-13 15:36:26",0.343624,1039,0,26.842392,0.338180
"2026-07-13 15:36:26",0.343624,1039,0,26.842392,0.338180
"2026-07-13 15:36:26",0.343624,1040,0,26.842392,0.338180
"2026-07-13 15:36:26",0.343624,1041,0,26.833349,0.338180
"2026-07-13 15:36:26",0.343624,1042,0,26.842392,0.338180
"2026-07-13 15:36:27",0.343630,1042,0,26.842392,0.338180
"2026-07-13 15:36:27",0.343627,1042,0,26.842392,0.338180
"2026-07-13 15:36:27",0.343624,1043,0,26.842392,0.338180
"2026-07-13 15:36:27",0.343630,1044,0,26.842392,0.338180
"2026-07-13 15:36:27",0.343630,1044,0,26.842392,0.338180
"2026-07-13 15:36:28",0.343630,1046,0,26.765532,0.338180
"2026-07-13 15:36:28",0.343624,1046,0,26.833349,0.338180
"2026-07-13 15:36:28",0.343624,1046,0,26.842392,0.338180
"2026-07-13 15:36:28",0.343627,1047,0,26.724838,0.338180
"2026-07-13 15:36:28",0.343624,1047,0,26.842392,0.338180
"2026-07-13 15:36:29",0.343630,1049,0,26.833349,0.338180
"2026-07-13 15:36:29",0.343624,1049,0,26.842392,0.338180
"2026-07-13 15:36:29",0.343630,1050,0,26.842392,0.338180
"2026-07-13 15:36:29",0.343627,1050,0,26.842392,0.338180
"2026-07-13 15:36:29",0.343630,1050,0,26.765532,0.338180
"2026-07-13 15:36:30",0.343624,1052,0,26.842392,0.338180
"2026-07-13 15:36:30",0.343624,1052,0,26.810741,0.338180
"2026-07-13 15:36:30",0.343624,1053,0,26.842392,0.338180
"2026-07-13 15:36:30",0.343630,1053,0,26.765532,0.338180
"2026-07-13 15:36:30",0.343627,1054,0,26.833349,0.338180
"2026-07-13 15:36:31",0.343627,1055,0,26.724838,0.338180
"2026-07-13 15:36:31",0.343624,1055,0,26.842392,0.338180
"2026-07-13 15:36:31",0.343630,1056,0,26.833349,0.338180
"2026-07-13 15:36:31",0.343624,1057,0,26.706755,0.338180
"2026-07-13 15:36:31",0.343630,1057,0,26.842392,0.338180
"2026-07-13 15:36:32",0.343630,1058,0,26.824306,0.338180
"2026-07-13 15:36:32",0.343630,1058,0,26.842392,0.338180
"2026-07-13 15:36:32",0.343627,1059,0,26.842392,0.338180
"2026-07-13 15:36:32",0.343624,1060,0,26.842392,0.338180
"2026-07-13 15:36:32",0.343630,1060,0,26.724838,0.338180
"2026-07-13 15:36:33",0.343630,1061,0,26.842392,0.338180
"2026-07-13 15:36:33",0.343630,1062,0,26.815262,0.338180
"2026-07-13 15:36:33",0.343630,1062,0,26.724838,0.338180
"2026-07-13 15:36:33",0.343630,1063,0,26.842392,0.338180
"2026-07-13 15:36:33",0.343627,1063,0,26.837870,0.338180
"2026-07-13 15:36:34",0.343630,1064,0,26.724838,0.338180
"2026-07-13 15:36:34",0.343630,1064,0,26.842392,0.338180
"2026-07-13 15:36:34",0.343627,1065,0,26.842392,0.338180
"2026-07-13 15:36:34",0.343624,1066,0,26.842392,0.338180
"2026-07-13 15:36:34",0.343627,1067,0,26.842392,0.338180
"2026-07-13 15:36:35",0.343630,1067,0,26.842392,0.338180
"2026-07-13 15:36:35",0.343624,1068,0,26.842392,0.338180
"2026-07-13 15:36:35",0.343627,1069,0,26.842392,0.338180
"2026-07-13 15:36:35",0.343637,1069,0,26.828829,0.338180
"2026-07-13 15:36:35",0.343630,1069,0,26.842392,0.338180
"2026-07-13 15:36:36",0.343630,1070,0,26.842392,0.338325
"2026-07-13 15:36:36",0.343634,1071,0,26.842392,0.338180
"2026-07-13 15:36:36",0.343630,1071,0,26.815262,0.338180
"2026-07-13 15:36:36",0.343630,1071,0,26.842392,0.338180
"2026-07-13 15:36:36",0.343637,1072,0,26.842392,0.338180
"2026-07-13 15:36:37",0.343634,1072,0,26.842392,0.338180
"2026-07-13 15:36:37",0.343634,1072,0,26.842392,0.338180
"2026-07-13 15:36:37",0.343637,1072,0,26.824306,0.338180
"2026-07-13 15:36:37",0.343634,1072,0,26.842392,0.338180
"2026-07-13 15:36:37",0.343630,1074,0,26.842392,0.338180
"2026-07-13 15:36:38",0.343634,1074,0,26.842392,0.338180
"2026-07-13 15:36:38",0.343634,1074,0,26.765532,0.338180
"2026-07-13 15:36:38",0.343634,1074,0,26.842392,0.338180
"2026-07-13 15:36:38",0.343637,1075,0,26.833349,0.338180
"2026-07-13 15:36:38",0.343634,1075,0,26.842392,0.338180
"2026-07-13 15:36:39",0.343634,1075,0,26.842392,0.338180
"2026-07-13 15:36:39",0.343637,1075,0,26.824306,0.338180
"2026-07-13 15:36:39",0.343637,1075,0,26.724838,0.338180
"2026-07-13 15:36:39",0.343634,1075,0,26.842392,0.338180
"2026-07-13 15:36:39",0.343637,1075,0,26.810741,0.338180
"2026-07-13 15:36:40",0.343634,1077,0,26.842392,0.338180
"2026-07-13 15:36:40",0.343637,1077,0,26.842392,0.338180
"2026-07-13 15:36:40",0.343637,1077,0,26.828829,0.338180
"2026-07-13 15:36:40",0.343640,1077,0,26.842392,0.338180
"2026-07-13 15:36:40",0.343634,1077,0,26.842392,0.338180
"2026-07-13 15:36:41",0.343634,1077,0,26.842392,0.338180
"2026-07-13 15:36:41",0.343637,1078,0,26.842392,0.338180
"2026-07-13 15:36:41",0.343634,1078,0,26.842392,0.338180
"2026-07-13 15:36:41",0.343634,1079,0,26.842392,0.338180
"2026-07-13 15:36:41",0.343637,1079,0,26.842392,0.338180
"2026-07-13 15:36:42",0.343634,1078,0,26.842392,0.338180
"2026-07-13 15:36:42",0.343637,1079,0,26.842392,0.338180
"2026-07-13 15:36:42",0.343634,1080,0,26.724838,0.338180
"2026-07-13 15:36:42",0.343637,1080,0,26.842392,0.338180
"2026-07-13 15:36:42",0.343634,1080,0,26.815262,0.338180
"2026-07-13 15:36:43",0.343634,1080,0,26.842392,0.338180
"2026-07-13 15:36:43",0.343637,1081,0,26.842392,0.338180
"2026-07-13 15:36:43",0.343637,1081,0,26.806221,0.338180
"2026-07-13 15:36:43",0.343637,1081,0,26.783615,0.338180
"2026-07-13 15:36:43",0.343634,1082,0,26.842392,0.338180
"2026-07-13 15:36:44",0.343637,1082,0,26.833349,0.338180
"2026-07-13 15:36:44",0.343637,1082,0,26.765532,0.338180
"2026-07-13 15:36:44",0.343637,1082,0,26.842392,0.338180
"2026-07-13 15:36:44",0.343640,1082,0,26.842392,0.338180
"2026-07-13 15:36:44",0.343637,1082,0,26.724838,0.338180
"2026-07-13 15:36:45",0.343637,1082,0,26.842392,0.338180
"2026-07-13 15:36:45",0.343637,1082,0,26.833349,0.338180
"2026-07-13 15:36:45",0.343637,1082,0,26.724838,0.338180
"2026-07-13 15:36:45",0.343637,1082,0,26.765532,0.338180
"2026-07-13 15:36:45",0.343634,1083,0,26.833349,0.338180
"2026-07-13 15:36:46",0.343637,1083,0,26.842392,0.338180
"2026-07-13 15:36:46",0.343640,1083,0,26.842392,0.338180
"2026-07-13 15:36:46",0.343637,1083,0,26.824306,0.338180
"2026-07-13 15:36:46",0.343644,1083,0,26.724838,0.338180
"2026-07-13 15:36:46",0.343634,1083,0,26.842392,0.338180
"2026-07-13 15:36:47",0.343637,1084,0,26.824306,0.338180
"2026-07-13 15:36:47",0.343634,1083,0,26.842392,0.338180
"2026-07-13 15:36:47",0.343637,1084,0,26.842392,0.338180
"2026-07-13 15:36:47",0.343640,1084,0,26.842392,0.338180
"2026-07-13 15:36:47",0.343634,1085,0,26.724838,0.338180
"2026-07-13 15:36:48",0.343637,1085,0,26.842392,0.338180
"2026-07-13 15:36:48",0.343637,1086,0,26.842392,0.338180
"2026-07-13 15:36:48",0.343637,1085,0,26.724838,0.338180
"2026-07-13 15:36:48",0.343637,1085,0,26.842392,0.338180
"2026-07-13 15:36:48",0.343634,1085,0,26.828829,0.338180
"2026-07-13 15:36:49",0.343637,1085,0,26.842392,0.338180
"2026-07-13 15:36:49",0.343637,1086,0,26.842392,0.338180
"2026-07-13 15:36:49",0.343637,1086,0,26.842392,0.338180
"2026-07-13 15:36:49",0.343637,1086,0,26.783615,0.338180
"2026-07-13 15:36:49",0.343637,1086,0,26.842392,0.338180
"2026-07-13 15:36:50",0.343637,1086,0,26.833349,0.338180
"2026-07-13 15:36:50",0.343637,1087,0,26.765532,0.338180
"2026-07-13 15:36:50",0.343634,1087,0,26.842392,0.338180
"2026-07-13 15:36:50",0.343634,1088,0,26.842392,0.338180
"2026-07-13 15:36:50",0.343640,1087,0,26.842392,0.338180
"2026-07-13 15:36:51",0.343637,1088,0,26.842392,0.338180
"2026-07-13 15:36:51",0.343640,1088,0,26.837870,0.338180
"2026-07-13 15:36:51",0.343634,1088,0,26.765532,0.338180
"2026-07-13 15:36:51",0.343640,1088,0,26.842392,0.338180
"2026-07-13 15:36:51",0.343637,1088,0,26.842392,0.338180
"2026-07-13 15:36:52",0.343634,1088,0,26.783615,0.338180
"2026-07-13 15:36:52",0.343637,1089,0,26.765532,0.338180
"2026-07-13 15:36:52",0.343637,1089,0,26.842392,0.338180
"2026-07-13 15:36:52",0.343637,1089,0,26.783615,0.338180
"2026-07-13 15:36:52",0.343640,1089,0,26.842392,0.338180
"2026-07-13 15:36:53",0.343640,1089,0,26.833349,0.338180
"2026-07-13 15:36:53",0.343640,1089,0,26.724838,0.338180
"2026-07-13 15:36:53",0.343640,1089,0,26.842392,0.338180
"2026-07-13 15:36:53",0.343640,1089,0,26.842392,0.338180
"2026-07-13 15:36:53",0.343637,1089,0,26.765532,0.338180
"2026-07-13 15:36:54",0.343637,1089,0,26.842392,0.338180
"2026-07-13 15:36:54",0.343640,1089,0,26.837870,0.338180
"2026-07-13 15:36:54",0.343644,1089,0,26.842392,0.338180
"2026-07-13 15:36:54",0.343637,1089,0,26.765532,0.338180
"2026-07-13 15:36:54",0.343647,1090,0,26.824306,0.338180
"2026-07-13 15:36:55",0.343647,1090,0,26.815262,0.338180
"2026-07-13 15:36:55",0.343637,1089,0,26.842392,0.338180
"2026-07-13 15:36:55",0.343640,1089,0,26.833349,0.338180
"2026-07-13 15:36:55",0.343640,1089,0,26.815262,0.338180
"2026-07-13 15:36:55",0.343644,1089,0,26.842392,0.338180
"2026-07-13 15:36:56",0.343640,1089,0,26.828829,0.338180
"2026-07-13 15:36:56",0.343640,1089,0,26.724838,0.338180
"2026-07-13 15:36:56",0.343647,1088,0,26.842392,0.338180
"2026-07-13 15:36:56",0.343644,1088,0,26.837870,0.338180
"2026-07-13 15:36:56",0.343647,1089,0,26.842392,0.338180
"2026-07-13 15:36:57",0.343647,1088,0,26.842392,0.338180
"2026-07-13 15:36:57",0.343647,1088,0,26.837870,0.338180
"2026-07-13 15:36:57",0.343647,1088,0,26.842392,0.338180
"2026-07-13 15:36:57",0.343647,1088,0,26.842392,0.338180
"2026-07-13 15:36:57",0.343640,1087,0,26.828829,0.338180
"2026-07-13 15:36:58",0.343647,1087,0,26.842392,0.338180
"2026-07-13 15:36:58",0.343647,1087,0,26.842392,0.338180
"2026-07-13 15:36:58",0.343650,1086,0,26.842392,0.338180
"2026-07-13 15:36:58",0.343650,1086,0,26.815262,0.338180
"2026-07-13 15:36:58",0.343647,1086,0,26.842392,0.338180
"2026-07-13 15:36:59",0.343647,1086,0,26.842392,0.338180
"2026-07-13 15:36:59",0.343647,1086,0,26.842392,0.338180
"2026-07-13 15:36:59",0.343640,1085,0,26.842392,0.338180
"2026-07-13 15:36:59",0.343647,1085,0,26.837870,0.338180
"2026-07-13 15:36:59",0.343647,1085,0,26.842392,0.338180
"2026-07-13 15:37:00",0.343650,1084,0,26.765532,0.338180
"2026-07-13 15:37:00",0.343644,1084,0,26.837870,0.338180
"2026-07-13 15:37:00",0.343647,1083,0,26.724838,0.338180
"2026-07-13 15:37:00",0.343647,1083,0,26.842392,0.338180
"2026-07-13 15:37:00",0.343647,1083,0,26.842392,0.338180
"2026-07-13 15:37:01",0.343647,1083,0,26.783615,0.338180
"2026-07-13 15:37:01",0.343647,1083,0,26.842392,0.338180
"2026-07-13 15:37:01",0.343647,1082,0,26.842392,0.338180
"2026-07-13 15:37:01",0.343650,1081,0,26.833349,0.338180
"2026-07-13 15:37:01",0.343647,1081,0,26.842392,0.338180
"2026-07-13 15:37:02",0.343650,1081,0,26.842392,0.338180
"2026-07-13 15:37:02",0.343647,1080,0,26.842392,0.338180
"2026-07-13 15:37:02",0.343647,1080,0,26.842392,0.338180
"2026-07-13 15:37:02",0.343650,1080,0,26.833349,0.338180
"2026-07-13 15:37:02",0.343647,1079,0,26.706755,0.338180
"2026-07-13 15:37:03",0.343647,1078,0,26.842392,0.338180
"2026-07-13 15:37:03",0.343644,1078,0,26.824306,0.338180
"2026-07-13 15:37:03",0.343647,1078,0,26.724838,0.338180
"2026-07-13 15:37:03",0.343650,1078,0,26.842392,0.338180
"2026-07-13 15:37:03",0.343650,1077,0,26.833349,0.338180
"2026-07-13 15:37:04",0.343650,1077,0,26.783615,0.338180
"2026-07-13 15:37:04",0.343647,1077,0,26.842392,0.338180
"2026-07-13 15:37:04",0.343650,1076,0,26.842392,0.338180
"2026-07-13 15:37:04",0.343644,1076,0,26.783615,0.338180
"2026-07-13 15:37:04",0.343647,1075,0,26.842392,0.338180
"2026-07-13 15:37:05",0.343650,1074,0,26.842392,0.338180
"2026-07-13 15:37:05",0.343650,1074,0,26.738401,0.338180
"2026-07-13 15:37:05",0.343647,1074,0,26.842392,0.338180
"2026-07-13 15:37:05",0.343640,1074,0,26.828829,0.338180
"2026-07-13 15:37:05",0.343647,1073,0,26.724838,0.338180
"2026-07-13 15:37:06",0.343650,1072,0,26.842392,0.338180
"2026-07-13 15:37:06",0.343650,1071,0,26.806221,0.338180
"2026-07-13 15:37:06",0.343647,1072,0,26.783615,0.338180
"2026-07-13 15:37:06",0.343647,1072,0,26.842392,0.338180
"2026-07-13 15:37:06",0.343647,1071,0,26.842392,0.338180
"2026-07-13 15:37:07",0.343647,1070,0,26.842392,0.338180
"2026-07-13 15:37:07",0.343647,1070,0,26.842392,0.338180
"2026-07-13 15:37:07",0.343647,1069,0,26.833349,0.338180
"2026-07-13 15:37:07",0.343647,1069,0,26.828829,0.338180
"2026-07-13 15:37:07",0.343647,1069,0,26.842392,0.338180
"2026-07-13 15:37:08",0.343647,1068,0,26.842392,0.338180
"2026-07-13 15:37:08",0.343647,1068,0,26.724838,0.338180
"2026-07-13 15:37:08",0.343640,1068,0,26.842392,0.338180
"2026-07-13 15:37:08",0.343647,1068,0,26.837870,0.338180
"2026-07-13 15:37:08",0.343647,1068,0,26.810741,0.338180
"2026-07-13 15:37:09",0.343654,1067,0,26.855955,0.338180
"2026-07-13 15:37:09",0.343647,1066,0,26.919252,0.338180
"2026-07-13 15:37:09",0.343647,1066,0,26.846912,0.338180
"2026-07-13 15:37:09",0.343650,1065,0,26.878559,0.338180
"2026-07-13 15:37:09",0.343650,1065,0,26.842392,0.338180
"2026-07-13 15:37:10",0.343650,1064,0,26.846912,0.338180
"2026-07-13 15:37:10",0.343650,1063,0,26.987070,0.338180
"2026-07-13 15:37:10",0.343650,1063,0,26.919252,0.338180
"2026-07-13 15:37:10",0.343654,1063,0,26.842392,0.338180
"2026-07-13 15:37:10",0.343650,1062,0,26.860476,0.338180
"2026-07-13 15:37:11",0.343647,1061,0,26.978027,0.338180
"2026-07-13 15:37:11",0.343647,1061,0,26.842392,0.338180
"2026-07-13 15:37:11",0.343647,1060,0,26.991590,0.338180
"2026-07-13 15:37:11",0.343647,1060,0,26.959940,0.338180
"2026-07-13 15:37:11",0.343650,1060,0,26.846912,0.338180
"2026-07-13 15:37:12",0.343647,1059,0,26.846912,0.338180
"2026-07-13 15:37:12",0.343640,1058,0,26.959940,0.338180
"2026-07-13 15:37:12",0.343650,1058,0,26.846912,0.338180
"2026-07-13 15:37:12",0.343647,1057,0,26.851433,0.338180
"2026-07-13 15:37:12",0.343644,1057,0,26.987070,0.338180
"2026-07-13 15:37:13",0.343647,1057,0,26.842392,0.338180
"2026-07-13 15:37:13",0.343647,1056,0,26.874039,0.338180
"2026-07-13 15:37:13",0.343647,1055,0,26.919252,0.338180
"2026-07-13 15:37:13",0.343650,1055,0,26.842392,0.338180
"2026-07-13 15:37:13",0.343650,1054,0,26.914730,0.338180
"2026-07-13 15:37:14",0.343647,1054,0,26.842392,0.338180
"2026-07-13 15:37:14",0.343650,1054,0,26.846912,0.338180
"2026-07-13 15:37:14",0.343647,1053,0,26.878559,0.338180
"2026-07-13 15:37:14",0.343647,1053,0,26.987070,0.338180
"2026-07-13 15:37:14",0.343640,1053,0,26.842392,0.338180
"2026-07-13 15:37:15",0.343647,1052,0,26.878559,0.338180
"2026-07-13 15:37:15",0.343647,1052,0,26.978027,0.338180
"2026-07-13 15:37:15",0.343647,1052,0,26.846912,0.338180
"2026-07-13 15:37:15",0.343640,1051,0,26.846912,0.338180
"2026-07-13 15:37:15",0.343644,1050,0,26.978027,0.338180
"2026-07-13 15:37:16",0.343647,1050,0,26.842392,0.338180
"2026-07-13 15:37:16",0.343644,1050,0,26.919252,0.338180
"2026-07-13 15:37:16",0.343647,1050,0,26.919252,0.338180
"2026-07-13 15:37:16",0.343644,1049,0,26.842392,0.338180
"2026-07-13 15:37:16",0.343640,1049,0,26.991590,0.338180
"2026-07-13 15:37:17",0.343647,1049,0,26.987070,0.338180
"2026-07-13 15:37:17",0.343647,1049,0,26.842392,0.338180
"2026-07-13 15:37:17",0.343640,1049,0,26.860476,0.338180
"2026-07-13 15:37:17",0.343644,1048,0,26.996113,0.338180
"2026-07-13 15:37:17",0.343644,1047,0,26.842392,0.338180
"2026-07-13 15:37:18",0.343640,1047,0,26.878559,0.338180
"2026-07-13 15:37:18",0.343640,1048,0,26.987070,0.338180
"2026-07-13 15:37:18",0.343640,1047,0,26.846912,0.338180
"2026-07-13 15:37:18",0.343647,1047,0,26.860476,0.338180
"2026-07-13 15:37:18",0.343644,1047,0,26.987070,0.338180
"2026-07-13 15:37:19",0.343644,1046,0,26.842392,0.338180
"2026-07-13 15:37:19",0.343640,1047,0,26.860476,0.338180
"2026-07-13 15:37:19",0.343647,1046,0,26.991590,0.338180
"2026-07-13 15:37:19",0.343640,1046,0,26.842392,0.338180
"2026-07-13 15:37:19",0.343640,1046,0,26.860476,0.338180
"2026-07-13 15:37:20",0.343647,1046,0,26.901167,0.338180
"2026-07-13 15:37:20",0.343640,1045,0,26.842392,0.338180
"2026-07-13 15:37:20",0.343644,1044,0,26.851433,0.338180
"2026-07-13 15:37:20",0.343640,1045,0,26.987070,0.338180
"2026-07-13 15:37:20",0.343640,1045,0,26.842392,0.338180
"2026-07-13 15:37:21",0.343637,1044,0,26.860476,0.338180
"2026-07-13 15:37:21",0.343647,1044,0,26.987070,0.338180
"2026-07-13 15:37:21",0.343640,1044,0,26.842392,0.338180
"2026-07-13 15:37:21",0.343647,1044,0,26.846912,0.338180
"2026-07-13 15:37:21",0.343640,1044,0,26.978027,0.338180
"2026-07-13 15:37:22",0.343647,1044,0,26.919252,0.338180
"2026-07-13 15:37:22",0.343640,1043,0,26.846912,0.338180
"2026-07-13 15:37:22",0.343640,1042,0,26.914730,0.338180
"2026-07-13 15:37:22",0.343644,1042,0,26.978027,0.338180
"2026-07-13 15:37:22",0.343640,1041,0,26.860476,0.338180
"2026-07-13 15:37:23",0.343640,1041,0,26.987070,0.338180
"2026-07-13 15:37:23",0.343647,1041,0,26.842392,0.338180
"2026-07-13 15:37:23",0.343644,1041,0,26.860476,0.338180
"2026-07-13 15:37:23",0.343640,1041,0,26.991590,0.338180
"2026-07-13 15:37:23",0.343640,1041,0,26.842392,0.338180
"2026-07-13 15:37:24",0.343647,1041,0,26.878559,0.338180
"2026-07-13 15:37:24",0.343640,1040,0,26.978027,0.338180
"2026-07-13 15:37:24",0.343640,1040,0,26.842392,0.338180
"2026-07-13 15:37:24",0.343640,1039,0,26.851433,0.338180
"2026-07-13 15:37:24",0.343640,1039,0,26.987070,0.338180
"2026-07-13 15:37:25",0.343640,1039,0,26.846912,0.338180
"2026-07-13 15:37:25",0.343644,1039,0,26.878559,0.338180
"2026-07-13 15:37:25",0.343640,1039,0,26.978027,0.338180
"2026-07-13 15:37:25",0.343637,1038,0,26.987070,0.338180
"2026-07-13 15:37:25",0.343640,1039,0,26.846912,0.338180
"2026-07-13 15:37:26",0.343640,1038,0,26.978027,0.338180
"2026-07-13 15:37:26",0.343640,1038,0,26.842392,0.338180
"2026-07-13 15:37:26",0.343637,1039,0,26.851433,0.338180
"2026-07-13 15:37:26",0.343640,1038,0,26.991590,0.338180
"2026-07-13 15:37:26",0.343640,1038,0,26.842392,0.338180
"2026-07-13 15:37:27",0.343640,1038,0,26.878559,0.338180
"2026-07-13 15:37:27",0.343640,1038,0,26.991590,0.338180
"2026-07-13 15:37:27",0.343640,1038,0,26.919252,0.338180
"2026-07-13 15:37:27",0.343640,1038,0,26.842392,0.338180
"2026-07-13 15:37:27",0.343637,1038,0,26.914730,0.338180
"2026-07-13 15:37:28",0.343637,1038,0,26.919252,0.338180
"2026-07-13 15:37:28",0.343637,1038,0,26.842392,0.338180
"2026-07-13 15:37:28",0.343637,1038,0,26.991590,0.338180
"2026-07-13 15:37:28",0.343640,1038,0,26.959940,0.338180
"2026-07-13 15:37:28",0.343640,1038,0,26.846912,0.338180
"2026-07-13 15:37:29",0.343637,1038,0,26.987070,0.338180
"2026-07-13 15:37:29",0.343637,1038,0,26.959940,0.338180
"2026-07-13 15:37:29",0.343637,1038,0,26.851433,0.338180
"2026-07-13 15:37:29",0.343637,1038,0,26.996113,0.338180
"2026-07-13 15:37:29",0.343637,1038,0,26.919252,0.338180
"2026-07-13 15:37:30",0.343637,1038,0,26.846912,0.338180
"2026-07-13 15:37:30",0.343637,1038,0,26.978027,0.338180
"2026-07-13 15:37:30",0.343640,1039,0,26.842392,0.338180
"2026-07-13 15:37:30",0.343644,1038,0,26.919252,0.338180
"2026-07-13 15:37:30",0.343647,1039,0,26.978027,0.338180
"2026-07-13 15:37:31",0.343647,1039,0,26.842392,0.338180
"2026-07-13 15:37:31",0.343637,1039,0,26.851433,0.338180
"2026-07-13 15:37:31",0.343637,1039,0,26.914730,0.338180
"2026-07-13 15:37:31",0.343637,1038,0,26.959940,0.338180
"2026-07-13 15:37:31",0.343644,1038,0,26.846912,0.338180
"2026-07-13 15:37:32",0.343637,1039,0,26.914730,0.338180
"2026-07-13 15:37:32",0.343640,1039,0,26.978027,0.338180
"2026-07-13 15:37:32",0.343637,1039,0,26.851433,0.338180
"2026-07-13 15:37:32",0.343634,1039,0,26.878559,0.338180
"2026-07-13 15:37:32",0.343637,1039,0,26.987070,0.338180
"2026-07-13 15:37:33",0.343637,1039,0,26.842392,0.338180
"2026-07-13 15:37:33",0.343637,1039,0,26.878559,0.338180
"2026-07-13 15:37:33",0.343637,1039,0,26.978027,0.338180
"2026-07-13 15:37:33",0.343637,1039,0,26.919252,0.338180
"2026-07-13 15:37:33",0.343640,1039,0,26.878559,0.338180
"2026-07-13 15:37:34",0.343640,1039,0,26.978027,0.338180
"2026-07-13 15:37:34",0.343640,1039,0,26.846912,0.338180
"2026-07-13 15:37:34",0.343640,1039,0,26.987070,0.338180
"2026-07-13 15:37:34",0.343637,1039,0,26.959940,0.338180
"2026-07-13 15:37:34",0.343637,1039,0,26.851433,0.338180
"2026-07-13 15:37:35",0.343637,1039,0,26.991590,0.338180
"2026-07-13 15:37:35",0.343637,1039,0,26.959940,0.338180
"2026-07-13 15:37:35",0.343637,1039,0,26.860476,0.338180
"2026-07-13 15:37:35",0.343637,1039,0,26.878559,0.338180
"2026-07-13 15:37:35",0.343634,1040,0,26.919252,0.338180
"2026-07-13 15:37:36",0.343640,1040,0,26.860476,0.338180
"2026-07-13 15:37:36",0.343637,1040,0,26.978027,0.338180
"2026-07-13 15:37:36",0.343634,1040,0,26.842392,0.338180
"2026-07-13 15:37:36",0.343634,1040,0,26.842392,0.338180
"2026-07-13 15:37:36",0.343630,1040,0,26.987070,0.338180
"2026-07-13 15:37:37",0.343634,1041,0,26.842392,0.338180
"2026-07-13 15:37:37",0.343634,1040,0,26.851433,0.338180
"2026-07-13 15:37:37",0.343634,1041,0,26.987070,0.338180
"2026-07-13 15:37:37",0.343634,1041,0,26.978027,0.338180
"2026-07-13 15:37:37",0.343634,1041,0,26.860476,0.338180
"2026-07-13 15:37:38",0.343637,1041,0,26.914730,0.338180
"2026-07-13 15:37:38",0.343634,1041,0,26.959940,0.338180
"2026-07-13 15:37:38",0.343634,1041,0,26.860476,0.338180
"2026-07-13 15:37:38",0.343640,1042,0,26.910210,0.338180
"2026-07-13 15:37:38",0.343637,1042,0,26.987070,0.338180
"2026-07-13 15:37:39",0.343634,1042,0,26.851433,0.338180
"2026-07-13 15:37:39",0.343637,1042,0,26.991590,0.338180
"2026-07-13 15:37:39",0.343634,1042,0,26.842392,0.338180
"2026-07-13 15:37:39",0.343637,1042,0,26.842392,0.338180
"2026-07-13 15:37:39",0.343634,1042,0,26.978027,0.338180
"2026-07-13 15:37:40",0.343634,1042,0,26.846912,0.338180
"2026-07-13 15:37:40",0.343634,1043,0,26.846912,0.338180
"2026-07-13 15:37:40",0.343634,1043,0,26.978027,0.338180
"2026-07-13 15:37:40",0.343634,1044,0,26.919252,0.338180
"2026-07-13 15:37:40",0.343634,1044,0,26.860476,0.338180
"2026-07-13 15:37:41",0.343637,1044,0,26.987070,0.338180
"2026-07-13 15:37:41",0.343634,1044,0,26.846912,0.338180
"2026-07-13 15:37:41",0.343634,1044,0,26.860476,0.338180
"2026-07-13 15:37:41",0.343634,1044,0,26.991590,0.338180
"2026-07-13 15:37:41",0.343634,1044,0,26.842392,0.338180
"2026-07-13 15:37:42",0.343637,1044,0,26.878559,0.338180
"2026-07-13 15:37:42",0.343634,1045,0,26.919252,0.338180
"2026-07-13 15:37:42",0.343637,1045,0,26.846912,0.338180
"2026-07-13 15:37:42",0.343637,1046,0,26.860476,0.338180
"2026-07-13 15:37:42",0.343630,1046,0,26.959940,0.338180
"2026-07-13 15:37:43",0.343634,1046,0,26.851433,0.338180
"2026-07-13 15:37:43",0.343634,1046,0,26.991590,0.338180
"2026-07-13 15:37:43",0.343634,1046,0,26.919252,0.338180
"2026-07-13 15:37:43",0.343634,1046,0,26.846912,0.338180
"2026-07-13 15:37:43",0.343634,1046,0,26.987070,0.338180
"2026-07-13 15:37:44",0.343634,1047,0,26.842392,0.338180
"2026-07-13 15:37:44",0.343634,1047,0,26.855955,0.338180
"2026-07-13 15:37:44",0.343634,1047,0,26.987070,0.338180
"2026-07-13 15:37:44",0.343634,1048,0,26.919252,0.338180
"2026-07-13 15:37:44",0.343634,1049,0,26.878559,0.338180
"2026-07-13 15:37:45",0.343634,1049,0,26.978027,0.338180
"2026-07-13 15:37:45",0.343630,1049,0,26.842392,0.338180
"2026-07-13 15:37:45",0.343637,1049,0,26.914730,0.338180
"2026-07-13 15:37:45",0.343630,1049,0,26.878559,0.338180
"2026-07-13 15:37:45",0.343634,1049,0,26.919252,0.338180
"2026-07-13 15:37:46",0.343630,1050,0,26.878559,0.338180
"2026-07-13 15:37:46",0.343630,1050,0,26.959940,0.338180
"2026-07-13 15:37:46",0.343634,1050,0,26.846912,0.338180
"2026-07-13 15:37:46",0.343634,1050,0,26.919252,0.338180
"2026-07-13 15:37:46",0.343637,1051,0,26.919252,0.338180
"2026-07-13 15:37:47",0.343634,1051,0,26.860476,0.338180
"2026-07-13 15:37:47",0.343637,1052,0,26.937336,0.338180
"2026-07-13 15:37:47",0.343630,1052,0,26.919252,0.338180
"2026-07-13 15:37:47",0.343634,1052,0,26.919252,0.338180
"2026-07-13 15:37:47",0.343634,1052,0,26.860476,0.338180
"2026-07-13 15:37:48",0.343637,1053,0,26.842392,0.338180
"2026-07-13 15:37:48",0.343634,1053,0,26.860476,0.338180
"2026-07-13 15:37:48",0.343630,1053,0,26.987070,0.338180
"2026-07-13 15:37:48",0.343634,1053,0,26.919252,0.338180
"2026-07-13 15:37:48",0.343637,1054,0,26.878559,0.338180
"2026-07-13 15:37:49",0.343634,1054,0,26.987070,0.338180
"2026-07-13 15:37:49",0.343634,1055,0,26.846912,0.338180
"2026-07-13 15:37:49",0.343637,1055,0,26.914730,0.338180
"2026-07-13 15:37:49",0.343637,1055,0,26.991590,0.338180
"2026-07-13 15:37:49",0.343630,1055,0,26.846912,0.338180
"2026-07-13 15:37:50",0.343634,1055,0,26.991590,0.338180
"2026-07-13 15:37:50",0.343634,1056,0,26.959940,0.338180
"2026-07-13 15:37:50",0.343637,1056,0,26.846912,0.338180
"2026-07-13 15:37:50",0.343630,1056,0,26.878559,0.338180
"2026-07-13 15:37:50",0.343634,1057,0,26.883081,0.338180
"2026-07-13 15:37:51",0.343634,1057,0,26.846912,0.338180
"2026-07-13 15:37:51",0.343637,1057,0,26.914730,0.338180
"2026-07-13 15:37:51",0.343630,1057,0,26.842392,0.338180
"2026-07-13 15:37:51",0.343634,1057,0,26.846912,0.338180
"2026-07-13 15:37:51",0.343634,1057,0,26.987070,0.338180
"2026-07-13 15:37:52",0.343637,1058,0,26.842392,0.338180
"2026-07-13 15:37:52",0.343637,1058,0,26.878559,0.338180
"2026-07-13 15:37:52",0.343634,1058,0,26.987070,0.338180
"2026-07-13 15:37:52",0.343637,1058,0,26.842392,0.338180
"2026-07-13 15:37:52",0.343637,1058,0,26.878559,0.338180
"2026-07-13 15:37:53",0.343637,1059,0,26.959940,0.338180
"2026-07-13 15:37:53",0.343640,1059,0,26.846912,0.338180
"2026-07-13 15:37:53",0.343634,1059,0,26.919252,0.338180
"2026-07-13 15:37:53",0.343637,1059,0,26.991590,0.338180
"2026-07-13 15:37:53",0.343634,1059,0,26.919252,0.338180
"2026-07-13 15:37:54",0.343637,1060,0,26.874039,0.338180
"2026-07-13 15:37:54",0.343634,1059,0,26.987070,0.338180
"2026-07-13 15:37:54",0.343634,1060,0,26.846912,0.338180
"2026-07-13 15:37:54",0.343640,1060,0,26.878559,0.338180
"2026-07-13 15:37:54",0.343637,1060,0,26.919252,0.338180
"2026-07-13 15:37:55",0.343640,1061,0,26.851433,0.338180
"2026-07-13 15:37:55",0.343637,1061,0,26.991590,0.338180
"2026-07-13 15:37:55",0.343640,1061,0,26.919252,0.338180
"2026-07-13 15:37:55",0.343637,1060,0,26.842392,0.338180
"2026-07-13 15:37:55",0.343640,1060,0,26.846912,0.338180
"2026-07-13 15:37:56",0.343637,1060,0,26.919252,0.338180
"2026-07-13 15:37:56",0.343640,1060,0,26.846912,0.338180
"2026-07-13 15:37:56",0.343640,1060,0,26.910210,0.338180
"2026-07-13 15:37:56",0.343637,1061,0,26.987070,0.338180
"2026-07-13 15:37:56",0.343637,1061,0,26.846912,0.338180
"2026-07-13 15:37:57",0.343644,1061,0,26.991590,0.338180
"2026-07-13 15:37:57",0.343637,1061,0,26.842392,0.338180
"2026-07-13 15:37:57",0.343637,1061,0,26.851433,0.338180
"2026-07-13 15:37:57",0.343640,1061,0,26.860476,0.338180
"2026-07-13 15:37:57",0.343640,1061,0,26.919252,0.338180
"2026-07-13 15:37:58",0.343637,1061,0,26.846912,0.338180
"2026-07-13 15:37:58",0.343640,1061,0,26.987070,0.338180
"2026-07-13 15:37:58",0.343634,1061,0,26.919252,0.338180
"2026-07-13 15:37:58",0.343637,1061,0,26.842392,0.338180
"2026-07-13 15:37:58",0.343637,1061,0,26.987070,0.338180
"2026-07-13 15:37:59",0.343637,1061,0,26.842392,0.338180
"2026-07-13 15:37:59",0.343640,1062,0,26.860476,0.338180
"2026-07-13 15:37:59",0.343640,1061,0,26.991590,0.338180
"2026-07-13 15:37:59",0.343637,1061,0,26.987070,0.338180
"2026-07-13 15:37:59",0.343637,1062,0,26.860476,0.338180
"2026-07-13 15:38:00",0.343640,1062,0,26.987070,0.338180
"2026-07-13 15:38:00",0.343637,1062,0,26.842392,0.338180
"2026-07-13 15:38:00",0.343637,1062,0,26.860476,0.338180
"2026-07-13 15:38:00",0.343637,1062,0,26.991590,0.338180
"2026-07-13 15:38:00",0.343640,1062,0,26.842392,0.338180
"2026-07-13 15:38:01",0.343640,1062,0,26.860476,0.338180
"2026-07-13 15:38:01",0.343647,1062,0,26.987070,0.338180
"2026-07-13 15:38:01",0.343647,1063,0,26.842392,0.338180
"2026-07-13 15:38:01",0.343637,1062,0,26.842392,0.338180
"2026-07-13 15:38:01",0.343637,1062,0,26.878559,0.338180
"2026-07-13 15:38:02",0.343647,1061,0,26.846912,0.338180
"2026-07-13 15:38:02",0.343637,1061,0,26.860476,0.338180
"2026-07-13 15:38:02",0.343640,1062,0,26.991590,0.338180
"2026-07-13 15:38:02",0.343647,1061,0,26.978027,0.338180
"2026-07-13 15:38:02",0.343647,1061,0,26.846912,0.338180
"2026-07-13 15:38:03",0.343650,1061,0,26.919252,0.338180
"2026-07-13 15:38:03",0.343647,1061,0,26.959940,0.338180
"2026-07-13 15:38:03",0.343640,1061,0,26.846912,0.338180
"2026-07-13 15:38:03",0.343650,1060,0,26.860476,0.338180
"2026-07-13 15:38:03",0.343650,1061,0,26.959940,0.338180
"2026-07-13 15:38:04",0.343647,1060,0,26.846912,0.338180
"2026-07-13 15:38:04",0.343640,1060,0,26.991590,0.338180
"2026-07-13 15:38:04",0.343637,1060,0,26.842392,0.338180
"2026-07-13 15:38:04",0.343637,1060,0,26.846912,0.338180
"2026-07-13 15:38:04",0.343647,1060,0,26.991590,0.338180
"2026-07-13 15:38:05",0.343650,1059,0,26.846912,0.338180
"2026-07-13 15:38:05",0.343647,1059,0,26.878559,0.338180
"2026-07-13 15:38:05",0.343640,1059,0,26.959940,0.338180
"2026-07-13 15:38:05",0.343647,1058,0,26.842392,0.338180
"2026-07-13 15:38:05",0.343647,1058,0,26.996113,0.338180
"2026-07-13 15:38:06",0.343647,1058,0,26.996113,0.338180
"2026-07-13 15:38:06",0.343647,1058,0,26.996113,0.338180
"2026-07-13 15:38:06",0.343647,1057,0,26.996113,0.338180
"2026-07-13 15:38:06",0.343644,1057,0,26.996113,0.338180
"2026-07-13 15:38:06",0.343647,1057,0,26.996113,0.338180
"2026-07-13 15:38:07",0.343644,1057,0,26.996113,0.338180
"2026-07-13 15:38:07",0.343644,1057,0,26.996113,0.338180
"2026-07-13 15:38:07",0.343640,1057,0,26.996113,0.338180
"2026-07-13 15:38:07",0.343647,1056,0,26.996113,0.338180
"2026-07-13 15:38:07",0.343647,1055,0,26.996113,0.338180
"2026-07-13 15:38:08",0.343640,1055,0,26.996113,0.338180
"2026-07-13 15:38:08",0.343640,1055,0,26.996113,0.338180
"2026-07-13 15:38:08",0.343647,1055,0,26.996113,0.338180
"2026-07-13 15:38:08",0.343647,1054,0,26.996113,0.338180
"2026-07-13 15:38:08",0.343647,1054,0,27.005154,0.338180
"2026-07-13 15:38:09",0.343644,1054,0,27.036804,0.338180
"2026-07-13 15:38:09",0.343640,1053,0,26.996113,0.338180
"2026-07-13 15:38:09",0.343637,1053,0,26.996113,0.338180
"2026-07-13 15:38:09",0.343640,1053,0,26.996113,0.338180
"2026-07-13 15:38:09",0.343650,1053,0,26.996113,0.338180
"2026-07-13 15:38:10",0.343640,1053,0,26.996113,0.338180
"2026-07-13 15:38:10",0.343644,1053,0,26.996113,0.338180
"2026-07-13 15:38:10",0.343644,1053,0,26.996113,0.338180
"2026-07-13 15:38:10",0.343644,1053,0,26.996113,0.338180
"2026-07-13 15:38:10",0.343640,1052,0,26.996113,0.338180
"2026-07-13 15:38:11",0.343640,1052,0,26.996113,0.338180
"2026-07-13 15:38:11",0.343640,1052,0,26.996113,0.338180
"2026-07-13 15:38:11",0.343640,1052,0,26.996113,0.338180
"2026-07-13 15:38:11",0.343640,1052,0,26.996113,0.338180
"2026-07-13 15:38:11",0.343640,1052,0,26.996113,0.338180
"2026-07-13 15:38:12",0.343644,1051,0,26.996113,0.338180
"2026-07-13 15:38:12",0.343640,1051,0,26.996113,0.338180
"2026-07-13 15:38:12",0.343644,1052,0,26.996113,0.338180
"2026-07-13 15:38:12",0.343647,1052,0,26.996113,0.338180
"2026-07-13 15:38:12",0.343640,1052,0,26.968987,0.338180
"2026-07-13 15:38:13",0.343640,1052,0,26.996113,0.338180
"2026-07-13 15:38:13",0.343640,1051,0,26.996113,0.338180
"2026-07-13 15:38:13",0.343640,1051,0,26.996113,0.338180
"2026-07-13 15:38:13",0.343640,1050,0,27.032280,0.338180
"2026-07-13 15:38:13",0.343647,1050,0,26.996113,0.338180
"2026-07-13 15:38:14",0.343647,1050,0,26.996113,0.338180
"2026-07-13 15:38:14",0.343650,1050,0,26.996113,0.338180
"2026-07-13 15:38:14",0.343647,1049,0,26.996113,0.338180
"2026-07-13 15:38:14",0.343647,1049,0,26.996113,0.338180
"2026-07-13 15:38:14",0.343644,1049,0,26.996113,0.338180
"2026-07-13 15:38:15",0.343647,1048,0,26.996113,0.338180
"2026-07-13 15:38:15",0.343647,1048,0,26.996113,0.338180
"2026-07-13 15:38:15",0.343647,1047,0,26.996113,0.338180
"2026-07-13 15:38:15",0.343647,1047,0,26.996113,0.338180
"2026-07-13 15:38:15",0.343644,1047,0,26.996113,0.338180
"2026-07-13 15:38:16",0.343647,1047,0,26.996113,0.338180
"2026-07-13 15:38:16",0.343644,1047,0,26.996113,0.338180
"2026-07-13 15:38:16",0.343644,1046,0,26.996113,0.338180
"2026-07-13 15:38:16",0.343644,1046,0,26.996113,0.338180
"2026-07-13 15:38:16",0.343640,1046,0,26.996113,0.338180
"2026-07-13 15:38:17",0.343640,1046,0,26.996113,0.338180
"2026-07-13 15:38:17",0.343640,1046,0,26.996113,0.338180
"2026-07-13 15:38:17",0.343640,1044,0,26.996113,0.338180
"2026-07-13 15:38:17",0.343640,1044,0,26.996113,0.338180
"2026-07-13 15:38:17",0.343647,1044,0,26.996113,0.338180
"2026-07-13 15:38:18",0.343647,1044,0,27.000633,0.338180
"2026-07-13 15:38:18",0.343640,1044,0,26.996113,0.338180
"2026-07-13 15:38:18",0.343640,1044,0,26.996113,0.338180
"2026-07-13 15:38:18",0.343640,1044,0,26.996113,0.338180
"2026-07-13 15:38:18",0.343644,1043,0,26.996113,0.338180
"2026-07-13 15:38:19",0.343637,1042,0,26.996113,0.338180
"2026-07-13 15:38:19",0.343647,1043,0,26.996113,0.338180
"2026-07-13 15:38:19",0.343640,1042,0,26.996113,0.338180
"2026-07-13 15:38:19",0.343644,1042,0,26.996113,0.338180
"2026-07-13 15:38:19",0.343640,1042,0,26.996113,0.338180
"2026-07-13 15:38:20",0.343644,1042,0,26.996113,0.338180
"2026-07-13 15:38:20",0.343640,1042,0,27.000633,0.338180
"2026-07-13 15:38:20",0.343640,1042,0,27.072971,0.338180
"2026-07-13 15:38:20",0.343637,1042,0,26.996113,0.338180
"2026-07-13 15:38:20",0.343640,1042,0,26.996113,0.338180
"2026-07-13 15:38:21",0.343640,1042,0,26.996113,0.338180
"2026-07-13 15:38:21",0.343640,1042,0,26.996113,0.338180
"2026-07-13 15:38:21",0.343644,1041,0,26.996113,0.338180
"2026-07-13 15:38:21",0.343637,1041,0,26.996113,0.338180
"2026-07-13 15:38:21",0.343640,1041,0,26.996113,0.338180
"2026-07-13 15:38:22",0.343647,1042,0,26.996113,0.338180
"2026-07-13 15:38:22",0.343640,1041,0,26.996113,0.338180
"2026-07-13 15:38:22",0.343640,1041,0,26.996113,0.338180
"2026-07-13 15:38:22",0.343640,1041,0,26.996113,0.338180
"2026-07-13 15:38:22",0.343640,1041,0,26.996113,0.338180
"2026-07-13 15:38:23",0.343647,1041,0,26.996113,0.338180
"2026-07-13 15:38:23",0.343637,1041,0,26.996113,0.338180
"2026-07-13 15:38:23",0.343637,1040,0,26.996113,0.338180
"2026-07-13 15:38:23",0.343644,1040,0,26.996113,0.338180
"2026-07-13 15:38:23",0.343640,1040,0,26.996113,0.338180
"2026-07-13 15:38:24",0.343640,1040,0,26.996113,0.338180
"2026-07-13 15:38:24",0.343640,1040,0,26.996113,0.338180
"2026-07-13 15:38:24",0.343647,1040,0,26.996113,0.338180
"2026-07-13 15:38:24",0.343637,1039,0,26.996113,0.338180
"2026-07-13 15:38:24",0.343640,1039,0,26.996113,0.338180
"2026-07-13 15:38:25",0.343640,1039,0,26.996113,0.338180
"2026-07-13 15:38:25",0.343634,1039,0,26.996113,0.338180
"2026-07-13 15:38:25",0.343640,1040,0,26.996113,0.338180
"2026-07-13 15:38:25",0.343640,1040,0,26.996113,0.338180
"2026-07-13 15:38:25",0.343640,1039,0,26.996113,0.338180
"2026-07-13 15:38:26",0.343640,1039,0,27.005154,0.338180
"2026-07-13 15:38:26",0.343640,1039,0,26.996113,0.338180
"2026-07-13 15:38:26",0.343637,1039,0,26.996113,0.338180
"2026-07-13 15:38:26",0.343637,1039,0,26.996113,0.338180
"2026-07-13 15:38:26",0.343637,1039,0,26.996113,0.338180
"2026-07-13 15:38:27",0.343637,1039,0,26.996113,0.338180
"2026-07-13 15:38:27",0.343637,1039,0,26.996113,0.338180
"2026-07-13 15:38:27",0.343640,1039,0,26.996113,0.338180
"2026-07-13 15:38:27",0.343637,1039,0,26.996113,0.338180
"2026-07-13 15:38:27",0.343637,1039,0,26.996113,0.338180
"2026-07-13 15:38:28",0.343640,1039,0,26.996113,0.338180
"2026-07-13 15:38:28",0.343637,1039,0,26.996113,0.338180
"2026-07-13 15:38:28",0.343640,1039,0,26.996113,0.338180
"2026-07-13 15:38:28",0.343634,1039,0,26.996113,0.338180
"2026-07-13 15:38:28",0.343634,1039,0,26.996113,0.338180
"2026-07-13 15:38:29",0.343637,1039,0,26.996113,0.338180
"2026-07-13 15:38:29",0.343637,1040,0,26.996113,0.338180
"2026-07-13 15:38:29",0.343640,1040,0,26.996113,0.338180
"2026-07-13 15:38:29",0.343637,1041,0,26.996113,0.338180
"2026-07-13 15:38:29",0.343637,1040,0,26.996113,0.338180
"2026-07-13 15:38:30",0.343637,1040,0,26.996113,0.338180
"2026-07-13 15:38:30",0.343637,1040,0,26.996113,0.338180
"2026-07-13 15:38:30",0.343637,1040,0,26.996113,0.338180
"2026-07-13 15:38:30",0.343637,1041,0,26.996113,0.338180
"2026-07-13 15:38:30",0.343637,1041,0,26.996113,0.338180
"2026-07-13 15:38:31",0.343634,1040,0,26.996113,0.338180
"2026-07-13 15:38:31",0.343637,1041,0,27.005154,0.338180
"2026-07-13 15:38:31",0.343634,1041,0,26.996113,0.338180
"2026-07-13 15:38:31",0.343634,1041,0,26.996113,0.338180
"2026-07-13 15:38:31",0.343634,1041,0,26.996113,0.338180
"2026-07-13 15:38:32",0.343637,1041,0,26.996113,0.338180
"2026-07-13 15:38:32",0.343637,1041,0,26.996113,0.338180
"2026-07-13 15:38:32",0.343640,1041,0,26.996113,0.338180
"2026-07-13 15:38:32",0.343637,1042,0,26.996113,0.338180
"2026-07-13 15:38:32",0.343634,1041,0,26.996113,0.338180
"2026-07-13 15:38:33",0.343640,1041,0,26.996113,0.338180
"2026-07-13 15:38:33",0.343640,1041,0,26.996113,0.338180
"2026-07-13 15:38:33",0.343640,1041,0,26.996113,0.338180
"2026-07-13 15:38:33",0.343640,1042,0,26.996113,0.338831
"2026-07-13 15:38:33",0.343637,1042,0,26.996113,0.338180
"2026-07-13 15:38:34",0.343640,1042,0,26.996113,0.338180
"2026-07-13 15:38:34",0.343640,1041,0,26.996113,0.338180
"2026-07-13 15:38:34",0.343644,1041,0,26.996113,0.338180
"2026-07-13 15:38:34",0.343637,1041,0,26.996113,0.338180
"2026-07-13 15:38:34",0.343637,1041,0,27.005154,0.338180
"2026-07-13 15:38:35",0.343640,1041,0,26.996113,0.338180
"2026-07-13 15:38:35",0.343640,1042,0,26.996113,0.338180
"2026-07-13 15:38:35",0.343644,1041,0,27.005154,0.338180
"2026-07-13 15:38:35",0.343637,1042,0,26.996113,0.338180
"2026-07-13 15:38:35",0.343637,1042,0,26.996113,0.338180
"2026-07-13 15:38:36",0.343644,1041,0,26.996113,0.338180
"2026-07-13 15:38:36",0.343640,1042,0,26.996113,0.338180
"2026-07-13 15:38:36",0.343637,1042,0,26.996113,0.338180
"2026-07-13 15:38:36",0.343637,1041,0,26.996113,0.338180
"2026-07-13 15:38:36",0.343640,1041,0,26.996113,0.338180
"2026-07-13 15:38:37",0.343637,1041,0,27.000633,0.338180
"2026-07-13 15:38:37",0.343640,1041,0,26.996113,0.338180
"2026-07-13 15:38:37",0.343640,1042,0,26.996113,0.338180
"2026-07-13 15:38:37",0.343637,1042,0,26.996113,0.338831
"2026-07-13 15:38:37",0.343640,1042,0,26.996113,0.338180
"2026-07-13 15:38:38",0.343637,1041,0,26.996113,0.338180
"2026-07-13 15:38:38",0.343637,1042,0,26.996113,0.338180
"2026-07-13 15:38:38",0.343640,1041,0,26.996113,0.338180
"2026-07-13 15:38:38",0.343637,1041,0,26.996113,0.338180
"2026-07-13 15:38:38",0.343637,1041,0,26.996113,0.338180
"2026-07-13 15:38:39",0.343640,1042,0,26.996113,0.338180
"2026-07-13 15:38:39",0.343640,1042,0,26.996113,0.338180
"2026-07-13 15:38:39",0.343637,1042,0,26.996113,0.338180
"2026-07-13 15:38:39",0.343637,1042,0,26.996113,0.338180
"2026-07-13 15:38:39",0.343640,1041,0,26.996113,0.338180
"2026-07-13 15:38:40",0.343640,1042,0,26.996113,0.338180
"2026-07-13 15:38:40",0.343637,1042,0,26.996113,0.338180
"2026-07-13 15:38:40",0.343640,1042,0,26.996113,0.338180
"2026-07-13 15:38:40",0.343637,1041,0,26.996113,0.338180
"2026-07-13 15:38:40",0.343637,1042,0,26.996113,0.338180
"2026-07-13 15:38:41",0.343640,1042,0,26.996113,0.338180
"2026-07-13 15:38:41",0.343640,1042,0,26.996113,0.338180
"2026-07-13 15:38:41",0.343637,1042,0,26.996113,0.338180
"2026-07-13 15:38:41",0.343647,1042,0,26.996113,0.338180
"2026-07-13 15:38:41",0.343640,1042,0,26.996113,0.338180
"2026-07-13 15:38:42",0.343640,1042,0,26.996113,0.338180
"2026-07-13 15:38:42",0.343644,1042,0,26.996113,0.338180
"2026-07-13 15:38:42",0.343647,1042,0,26.996113,0.338180
"2026-07-13 15:38:42",0.343640,1041,0,26.996113,0.338180
"2026-07-13 15:38:42",0.343640,1042,0,26.996113,0.338180
"2026-07-13 15:38:43",0.343647,1042,0,26.996113,0.338180
"2026-07-13 15:38:43",0.343647,1042,0,26.996113,0.338180
"2026-07-13 15:38:43",0.343640,1042,0,26.996113,0.338180
"2026-07-13 15:38:43",0.343644,1041,0,26.996113,0.338180
"2026-07-13 15:38:43",0.343650,1041,0,26.996113,0.338180
"2026-07-13 15:38:44",0.343647,1041,0,26.996113,0.338180
"2026-07-13 15:38:44",0.343640,1041,0,26.996113,0.338180
"2026-07-13 15:38:44",0.343640,1041,0,26.996113,0.338180
"2026-07-13 15:38:44",0.343640,1041,0,26.996113,0.338180
"2026-07-13 15:38:44",0.343640,1041,0,26.996113,0.338180
"2026-07-13 15:38:45",0.343644,1040,0,26.996113,0.338180
"2026-07-13 15:38:45",0.343640,1041,0,26.996113,0.338180
"2026-07-13 15:38:45",0.343637,1041,0,26.996113,0.338180
"2026-07-13 15:38:45",0.343640,1040,0,26.996113,0.338180
"2026-07-13 15:38:45",0.343637,1040,0,26.996113,0.338180
"2026-07-13 15:38:46",0.343637,1041,0,26.996113,0.338180
"2026-07-13 15:38:46",0.343644,1041,0,26.996113,0.338180
"2026-07-13 15:38:46",0.343640,1040,0,26.996113,0.338180
"2026-07-13 15:38:46",0.343640,1040,0,26.996113,0.338180
"2026-07-13 15:38:46",0.343640,1040,0,26.996113,0.338180
"2026-07-13 15:38:47",0.343637,1040,0,26.996113,0.338180
"2026-07-13 15:38:47",0.343640,1040,0,26.996113,0.338180
"2026-07-13 15:38:47",0.343637,1040,0,26.996113,0.338180
"2026-07-13 15:38:47",0.343640,1040,0,26.996113,0.338180
"2026-07-13 15:38:47",0.343640,1040,0,26.996113,0.338180
"2026-07-13 15:38:48",0.343637,1041,0,26.996113,0.338180
"2026-07-13 15:38:48",0.343640,1041,0,27.072971,0.338180
"2026-07-13 15:38:48",0.343637,1040,0,26.996113,0.338180
"2026-07-13 15:38:48",0.343637,1040,0,27.000633,0.338180
"2026-07-13 15:38:48",0.343640,1039,0,26.996113,0.338180
"2026-07-13 15:38:49",0.343637,1040,0,26.996113,0.338180
"2026-07-13 15:38:49",0.343637,1040,0,26.996113,0.338180
"2026-07-13 15:38:49",0.343637,1041,0,26.996113,0.338180
"2026-07-13 15:38:49",0.343637,1040,0,26.996113,0.338180
"2026-07-13 15:38:49",0.343637,1040,0,26.996113,0.338180
"2026-07-13 15:38:50",0.343637,1040,0,26.996113,0.338180
"2026-07-13 15:38:50",0.343637,1041,0,26.996113,0.338180
"2026-07-13 15:38:50",0.343637,1041,0,26.996113,0.338180
"2026-07-13 15:38:50",0.343640,1041,0,26.996113,0.338180
"2026-07-13 15:38:50",0.343637,1040,0,26.996113,0.338180
"2026-07-13 15:38:51",0.343637,1041,0,26.996113,0.338180
"2026-07-13 15:38:51",0.343634,1041,0,26.996113,0.338180
"2026-07-13 15:38:51",0.343650,1040,0,26.996113,0.338180
"2026-07-13 15:38:51",0.343637,1040,0,26.996113,0.338180
"2026-07-13 15:38:51",0.343647,1040,0,26.996113,0.338180
"2026-07-13 15:38:52",0.343634,1041,0,26.996113,0.338180
"2026-07-13 15:38:52",0.343637,1041,0,26.996113,0.338180
"2026-07-13 15:38:52",0.343637,1041,0,26.996113,0.338180
"2026-07-13 15:38:52",0.343644,1041,0,26.996113,0.338180
"2026-07-13 15:38:52",0.343637,1040,0,26.996113,0.338180
"2026-07-13 15:38:53",0.343640,1041,0,26.996113,0.338180
"2026-07-13 15:38:53",0.343644,1041,0,26.996113,0.338180
"2026-07-13 15:38:53",0.343637,1041,0,26.996113,0.338180
"2026-07-13 15:38:53",0.343637,1040,0,26.996113,0.338180
"2026-07-13 15:38:53",0.343637,1041,0,27.072971,0.338180
"2026-07-13 15:38:54",0.343637,1041,0,26.996113,0.338180
"2026-07-13 15:38:54",0.343640,1041,0,26.996113,0.338180
"2026-07-13 15:38:54",0.343637,1040,0,26.996113,0.338180
"2026-07-13 15:38:54",0.343637,1041,0,26.996113,0.338180
"2026-07-13 15:38:54",0.343647,1041,0,26.996113,0.338180
"2026-07-13 15:38:55",0.343640,1041,0,26.996113,0.338180
"2026-07-13 15:38:55",0.343640,1040,0,26.996113,0.338180
"2026-07-13 15:38:55",0.343644,1041,0,26.996113,0.338180
"2026-07-13 15:38:55",0.343644,1040,0,26.996113,0.338180
"2026-07-13 15:38:55",0.343647,1040,0,26.996113,0.338180
"2026-07-13 15:38:56",0.343640,1040,0,26.996113,0.338180
"2026-07-13 15:38:56",0.343640,1040,0,26.996113,0.338180
"2026-07-13 15:38:56",0.343640,1040,0,26.996113,0.338180
"2026-07-13 15:38:56",0.343640,1041,0,26.996113,0.338180
"2026-07-13 15:38:56",0.343637,1040,0,26.996113,0.338180
"2026-07-13 15:38:57",0.343640,1039,0,26.996113,0.338180
"2026-07-13 15:38:57",0.343640,1040,0,26.996113,0.338180
"2026-07-13 15:38:57",0.343640,1040,0,26.996113,0.338180
"2026-07-13 15:38:57",0.343640,1039,0,26.996113,0.338325
"2026-07-13 15:38:57",0.343640,1039,0,26.996113,0.338180
"2026-07-13 15:38:58",0.343637,1039,0,26.996113,0.338180
"2026-07-13 15:38:58",0.343644,1039,0,26.996113,0.338180
"2026-07-13 15:38:58",0.343637,1039,0,26.996113,0.338180
"2026-07-13 15:38:58",0.343640,1039,0,26.996113,0.338180
"2026-07-13 15:38:58",0.343640,1039,0,26.996113,0.338180
"2026-07-13 15:38:59",0.343637,1039,0,26.996113,0.338180
"2026-07-13 15:38:59",0.343637,1039,0,26.996113,0.338180
"2026-07-13 15:38:59",0.343640,1039,0,26.996113,0.338180
"2026-07-13 15:38:59",0.343644,1039,0,27.145311,0.338180
"2026-07-13 15:38:59",0.343637,1039,0,27.136269,0.338180
"2026-07-13 15:39:00",0.343637,1039,0,27.149832,0.338180
"2026-07-13 15:39:00",0.343640,1039,0,27.149832,0.338180
"2026-07-13 15:39:00",0.343640,1039,0,27.091057,0.338180
"2026-07-13 15:39:00",0.343640,1039,0,27.149832,0.338180
"2026-07-13 15:39:00",0.343637,1039,0,27.149832,0.338180
"2026-07-13 15:39:01",0.343637,1039,0,27.072971,0.338180
"2026-07-13 15:39:01",0.343637,1039,0,27.145311,0.338180
"2026-07-13 15:39:01",0.343637,1039,0,27.149832,0.338180
"2026-07-13 15:39:01",0.343644,1039,0,27.149832,0.338180
"2026-07-13 15:39:01",0.343640,1039,0,27.149832,0.338180
"2026-07-13 15:39:02",0.343640,1039,0,27.005154,0.338180
"2026-07-13 15:39:02",0.343637,1039,0,27.149832,0.338180
"2026-07-13 15:39:02",0.343637,1039,0,27.140791,0.338180
"2026-07-13 15:39:02",0.343637,1039,0,27.077494,0.338180
"2026-07-13 15:39:02",0.343644,1039,0,27.149832,0.338180
"2026-07-13 15:39:03",0.343640,1039,0,27.149832,0.338180
"2026-07-13 15:39:03",0.343640,1039,0,27.136269,0.338180
"2026-07-13 15:39:03",0.343640,1039,0,27.149832,0.338180
"2026-07-13 15:39:03",0.343640,1039,0,27.140791,0.338180
"2026-07-13 15:39:03",0.343644,1039,0,27.014196,0.338180
"2026-07-13 15:39:04",0.343640,1039,0,27.149832,0.338180
"2026-07-13 15:39:04",0.343637,1039,0,27.145311,0.338180
"2026-07-13 15:39:04",0.343640,1039,0,27.149832,0.338180
"2026-07-13 15:39:04",0.343634,1039,0,27.149832,0.338180
"2026-07-13 15:39:04",0.343640,1039,0,27.149832,0.338180
"2026-07-13 15:39:05",0.343637,1039,0,27.032280,0.338180
"2026-07-13 15:39:05",0.343640,1039,0,27.149832,0.338180
"2026-07-13 15:39:05",0.343637,1040,0,27.136269,0.338180
"2026-07-13 15:39:05",0.343640,1040,0,27.091057,0.338180
"2026-07-13 15:39:05",0.343637,1040,0,27.145311,0.338180
"2026-07-13 15:39:06",0.343640,1040,0,27.122705,0.338180
"2026-07-13 15:39:06",0.343640,1039,0,27.149832,0.338180
"2026-07-13 15:39:06",0.343637,1039,0,27.149832,0.338180
"2026-07-13 15:39:06",0.343637,1040,0,27.149832,0.338180
"2026-07-13 15:39:06",0.343637,1039,0,27.149832,0.338180
"2026-07-13 15:39:07",0.343637,1039,0,27.145311,0.338180
"2026-07-13 15:39:07",0.343637,1040,0,27.118185,0.338180
"2026-07-13 15:39:07",0.343637,1040,0,27.032280,0.338180
"2026-07-13 15:39:07",0.343630,1040,0,27.149832,0.338180
"2026-07-13 15:39:07",0.343637,1040,0,27.014196,0.338180
"2026-07-13 15:39:08",0.343637,1040,0,27.145311,0.338180
"2026-07-13 15:39:08",0.343637,1040,0,27.118185,0.338180
"2026-07-13 15:39:08",0.343640,1040,0,27.032280,0.338180
"2026-07-13 15:39:08",0.343637,1041,0,27.149832,0.338180
"2026-07-13 15:39:08",0.343637,1041,0,27.118185,0.338180
"2026-07-13 15:39:09",0.343640,1040,0,27.149832,0.338180
"2026-07-13 15:39:09",0.343630,1041,0,27.149832,0.338180
"2026-07-13 15:39:09",0.343637,1041,0,27.122705,0.338180
"2026-07-13 15:39:09",0.343640,1041,0,27.091057,0.338180
"2026-07-13 15:39:09",0.343634,1041,0,27.149832,0.338180
"2026-07-13 15:39:10",0.343637,1041,0,27.000633,0.338180
"2026-07-13 15:39:10",0.343637,1041,0,27.149832,0.338180
"2026-07-13 15:39:10",0.343637,1041,0,27.140791,0.338180
"2026-07-13 15:39:10",0.343634,1041,0,27.140791,0.338180
"2026-07-13 15:39:10",0.343637,1041,0,27.149832,0.338180
"2026-07-13 15:39:11",0.343634,1041,0,27.131748,0.338180
"2026-07-13 15:39:11",0.343637,1041,0,27.014196,0.338180
"2026-07-13 15:39:11",0.343637,1042,0,27.149832,0.338180
"2026-07-13 15:39:11",0.343634,1042,0,27.140791,0.338180
"2026-07-13 15:39:11",0.343637,1042,0,27.032280,0.338180
"2026-07-13 15:39:12",0.343634,1041,0,27.149832,0.338180
"2026-07-13 15:39:12",0.343634,1042,0,27.113665,0.338180
"2026-07-13 15:39:12",0.343637,1042,0,27.149832,0.338180
"2026-07-13 15:39:12",0.343634,1042,0,27.149832,0.338180
"2026-07-13 15:39:12",0.343637,1042,0,27.149832,0.338180
"2026-07-13 15:39:13",0.343634,1042,0,27.149832,0.338180
"2026-07-13 15:39:13",0.343634,1042,0,27.149832,0.338180
"2026-07-13 15:39:13",0.343634,1042,0,27.091057,0.338180
"2026-07-13 15:39:13",0.343634,1042,0,27.072971,0.338180
"2026-07-13 15:39:13",0.343637,1043,0,27.149832,0.338180
"2026-07-13 15:39:14",0.343634,1043,0,27.077494,0.338180
"2026-07-13 15:39:14",0.343640,1043,0,27.072971,0.338180
"2026-07-13 15:39:14",0.343640,1043,0,27.145311,0.338180
"2026-07-13 15:39:14",0.343640,1043,0,27.122705,0.338180
"2026-07-13 15:39:14",0.343640,1043,0,27.149832,0.338180
"2026-07-13 15:39:15",0.343640,1043,0,27.149832,0.338180
"2026-07-13 15:39:15",0.343640,1043,0,27.149832,0.338180
"2026-07-13 15:39:15",0.343644,1043,0,27.149832,0.338180
"2026-07-13 15:39:15",0.343637,1043,0,27.140791,0.338180
"2026-07-13 15:39:15",0.343640,1043,0,27.082014,0.338180
"2026-07-13 15:39:16",0.343640,1044,0,27.149832,0.338180
"2026-07-13 15:39:16",0.343650,1043,0,27.145311,0.338180
"2026-07-13 15:39:16",0.343644,1043,0,27.149832,0.338180
"2026-07-13 15:39:16",0.343644,1043,0,27.149832,0.338180
"2026-07-13 15:39:16",0.343640,1043,0,27.149832,0.338180
"2026-07-13 15:39:17",0.343640,1043,0,27.072971,0.338180
"2026-07-13 15:39:17",0.343637,1043,0,27.145311,0.338180
"2026-07-13 15:39:17",0.343640,1042,0,27.032280,0.338180
"2026-07-13 15:39:17",0.343637,1043,0,27.149832,0.338180
"2026-07-13 15:39:17",0.343640,1043,0,27.149832,0.338180
"2026-07-13 15:39:18",0.343637,1042,0,27.136269,0.338180
"2026-07-13 15:39:18",0.343640,1043,0,27.149832,0.338180
"2026-07-13 15:39:18",0.343640,1042,0,27.131748,0.338180
"2026-07-13 15:39:18",0.343647,1042,0,27.082014,0.338180
"2026-07-13 15:39:18",0.343644,1042,0,27.149832,0.338180
"2026-07-13 15:39:19",0.343640,1043,0,27.149832,0.338180
"2026-07-13 15:39:19",0.343644,1042,0,27.072971,0.338180
"2026-07-13 15:39:19",0.343637,1042,0,27.149832,0.338180
"2026-07-13 15:39:19",0.343640,1043,0,27.149832,0.338180
"2026-07-13 15:39:19",0.343640,1043,0,27.072971,0.338180
"2026-07-13 15:39:20",0.343637,1043,0,27.149832,0.338180
"2026-07-13 15:39:20",0.343640,1042,0,27.149832,0.338180
"2026-07-13 15:39:20",0.343640,1042,0,27.091057,0.338180
"2026-07-13 15:39:20",0.343637,1042,0,27.149832,0.338180
"2026-07-13 15:39:20",0.343637,1042,0,27.091057,0.338180
"2026-07-13 15:39:21",0.343640,1042,0,27.149832,0.338180
"2026-07-13 15:39:21",0.343640,1042,0,27.145311,0.338180
"2026-07-13 15:39:21",0.343640,1042,0,27.149832,0.338180
"2026-07-13 15:39:21",0.343644,1042,0,27.072971,0.338180
"2026-07-13 15:39:21",0.343640,1042,0,27.149832,0.338180
"2026-07-13 15:39:22",0.343637,1042,0,27.082014,0.338180
"2026-07-13 15:39:22",0.343637,1042,0,27.149832,0.338180
"2026-07-13 15:39:22",0.343637,1042,0,27.149832,0.338180
"2026-07-13 15:39:22",0.343640,1042,0,27.140791,0.338180
"2026-07-13 15:39:22",0.343637,1042,0,27.149832,0.338180
"2026-07-13 15:39:23",0.343634,1042,0,27.149832,0.338180
"2026-07-13 15:39:23",0.343640,1042,0,27.082014,0.338180
"2026-07-13 15:39:23",0.343637,1042,0,27.149832,0.338180
"2026-07-13 15:39:23",0.343637,1042,0,27.149832,0.338180
"2026-07-13 15:39:23",0.343637,1042,0,27.077494,0.338180
"2026-07-13 15:39:24",0.343637,1042,0,27.149832,0.338180
"2026-07-13 15:39:24",0.343637,1042,0,27.140791,0.338180
"2026-07-13 15:39:24",0.343640,1042,0,27.032280,0.338180
"2026-07-13 15:39:24",0.343640,1042,0,27.032280,0.338180
"2026-07-13 15:39:24",0.343637,1042,0,27.149832,0.338180
"2026-07-13 15:39:25",0.343637,1042,0,27.118185,0.338180
"2026-07-13 15:39:25",0.343644,1041,0,27.149832,0.338180
"2026-07-13 15:39:25",0.343640,1041,0,27.140791,0.338180
"2026-07-13 15:39:25",0.343637,1041,0,27.136269,0.338180
"2026-07-13 15:39:25",0.343640,1042,0,27.149832,0.338180
"2026-07-13 15:39:26",0.343634,1042,0,27.140791,0.338180
"2026-07-13 15:39:26",0.343637,1042,0,27.149832,0.338180
"2026-07-13 15:39:26",0.343637,1042,0,27.149832,0.338180
"2026-07-13 15:39:26",0.343637,1042,0,27.149832,0.338180
"2026-07-13 15:39:26",0.343637,1041,0,27.032280,0.338180
"2026-07-13 15:39:27",0.343637,1042,0,27.149832,0.338180
"2026-07-13 15:39:27",0.343637,1042,0,27.149832,0.338180
"2026-07-13 15:39:27",0.343640,1042,0,27.091057,0.338180
"2026-07-13 15:39:27",0.343640,1042,0,27.032280,0.338180
"2026-07-13 15:39:27",0.343644,1042,0,27.131748,0.338180
"2026-07-13 15:39:28",0.343644,1042,0,27.072971,0.338180
"2026-07-13 15:39:28",0.343640,1042,0,27.149832,0.338180
"2026-07-13 15:39:28",0.343647,1042,0,27.149832,0.338180
"2026-07-13 15:39:28",0.343640,1041,0,27.122705,0.338180
"2026-07-13 15:39:28",0.343640,1041,0,27.149832,0.338180
"2026-07-13 15:39:29",0.343647,1041,0,27.136269,0.338180
"2026-07-13 15:39:29",0.343647,1041,0,27.149832,0.338180
"2026-07-13 15:39:29",0.343647,1041,0,27.149832,0.338180
"2026-07-13 15:39:29",0.343644,1041,0,27.149832,0.338180
"2026-07-13 15:39:29",0.343647,1041,0,27.032280,0.338180
"2026-07-13 15:39:30",0.343637,1041,0,27.149832,0.338180
"2026-07-13 15:39:30",0.343640,1041,0,27.140791,0.338180
"2026-07-13 15:39:30",0.343640,1040,0,27.149832,0.338180
"2026-07-13 15:39:30",0.343640,1041,0,27.032280,0.338180
"2026-07-13 15:39:30",0.343644,1041,0,27.145311,0.338180
"2026-07-13 15:39:31",0.343637,1041,0,27.005154,0.338180
"2026-07-13 15:39:31",0.343640,1041,0,27.072971,0.338180
"2026-07-13 15:39:31",0.343637,1041,0,27.149832,0.338180
"2026-07-13 15:39:31",0.343637,1041,0,27.149832,0.338180
"2026-07-13 15:39:31",0.343640,1041,0,27.149832,0.338180
"2026-07-13 15:39:32",0.343637,1041,0,27.122705,0.338180
"2026-07-13 15:39:32",0.343647,1041,0,27.032280,0.338180
"2026-07-13 15:39:32",0.343637,1041,0,27.149832,0.338180
"2026-07-13 15:39:32",0.343640,1040,0,27.136269,0.338180
"2026-07-13 15:39:32",0.343640,1040,0,27.072971,0.338180
"2026-07-13 15:39:33",0.343644,1039,0,27.149832,0.338180
"2026-07-13 15:39:33",0.343644,1039,0,27.136269,0.338180
"2026-07-13 15:39:33",0.343644,1039,0,27.149832,0.338180
"2026-07-13 15:39:33",0.343644,1039,0,27.149832,0.338180
"2026-07-13 15:39:33",0.343640,1039,0,27.140791,0.339410
"2026-07-13 15:39:34",0.343644,1039,0,27.032280,0.338180
"2026-07-13 15:39:34",0.343644,1038,0,27.149832,0.338180
"2026-07-13 15:39:34",0.343637,1038,0,27.077494,0.338180
"2026-07-13 15:39:34",0.343644,1039,0,27.149832,0.338180
"2026-07-13 15:39:34",0.343644,1038,0,27.149832,0.338180
"2026-07-13 15:39:35",0.343640,1038,0,27.091057,0.338180
"2026-07-13 15:39:35",0.343637,1038,0,27.149832,0.338180
"2026-07-13 15:39:35",0.343640,1037,0,27.149832,0.338180
"2026-07-13 15:39:35",0.343647,1037,0,27.140791,0.338180
"2026-07-13 15:39:35",0.343640,1038,0,27.149832,0.338180
"2026-07-13 15:39:36",0.343640,1038,0,27.149832,0.338180
"2026-07-13 15:39:36",0.343644,1038,0,27.136269,0.338180
"2026-07-13 15:39:36",0.343644,1037,0,27.149832,0.338180
"2026-07-13 15:39:36",0.343640,1038,0,27.149832,0.338180
"2026-07-13 15:39:36",0.343640,1038,0,27.136269,0.338180
"2026-07-13 15:39:37",0.343640,1037,0,27.032280,0.338180
"2026-07-13 15:39:37",0.343640,1036,0,27.149832,0.338180
"2026-07-13 15:39:37",0.343640,1037,0,27.140791,0.338180
"2026-07-13 15:39:37",0.343637,1038,0,27.000633,0.338180
"2026-07-13 15:39:37",0.343644,1038,0,27.149832,0.338180
"2026-07-13 15:39:38",0.343644,1036,0,27.149832,0.338180
"2026-07-13 15:39:38",0.343640,1036,0,27.149832,0.338180
"2026-07-13 15:39:38",0.343647,1036,0,27.145311,0.338180
"2026-07-13 15:39:38",0.343637,1036,0,27.140791,0.338180
"2026-07-13 15:39:38",0.343650,1036,0,27.149832,0.338180
"2026-07-13 15:39:39",0.343647,1035,0,27.149832,0.338180
"2026-07-13 15:39:39",0.343647,1035,0,27.136269,0.338180
"2026-07-13 15:39:39",0.343640,1035,0,27.149832,0.338180
"2026-07-13 15:39:39",0.343650,1035,0,27.149832,0.338180
"2026-07-13 15:39:39",0.343647,1034,0,27.149832,0.338180
"2026-07-13 15:39:40",0.343647,1034,0,27.149832,0.338180
"2026-07-13 15:39:40",0.343644,1033,0,27.145311,0.338180
"2026-07-13 15:39:40",0.343644,1033,0,27.149832,0.338180
"2026-07-13 15:39:40",0.343640,1033,0,27.122705,0.338180
"2026-07-13 15:39:40",0.343640,1033,0,27.149832,0.338180
"2026-07-13 15:39:41",0.343640,1032,0,27.131748,0.338180
"2026-07-13 15:39:41",0.343640,1032,0,27.149832,0.338180
"2026-07-13 15:39:41",0.343640,1032,0,27.140791,0.338180
"2026-07-13 15:39:41",0.343644,1031,0,27.014196,0.338180
"2026-07-13 15:39:41",0.343637,1031,0,27.149832,0.338180
"2026-07-13 15:39:42",0.343640,1031,0,27.289989,0.338180
"2026-07-13 15:39:42",0.343640,1031,0,27.154354,0.338180
"2026-07-13 15:39:42",0.343647,1031,0,27.186003,0.338180
"2026-07-13 15:39:42",0.343640,1031,0,27.303553,0.338180
"2026-07-13 15:39:42",0.343640,1031,0,27.154354,0.338180
"2026-07-13 15:39:43",0.343637,1031,0,27.186003,0.338180
"2026-07-13 15:39:43",0.343644,1031,0,27.149832,0.338180
"2026-07-13 15:39:43",0.343640,1030,0,27.122705,0.338180
"2026-07-13 15:39:43",0.343640,1030,0,27.032280,0.338180
"2026-07-13 15:39:43",0.343640,1030,0,27.149832,0.338180
"2026-07-13 15:39:44",0.343640,1030,0,27.091057,0.338180
"2026-07-13 15:39:44",0.343640,1030,0,27.149832,0.338180
"2026-07-13 15:39:44",0.343640,1030,0,27.140791,0.338180
"2026-07-13 15:39:44",0.343640,1030,0,27.118185,0.338180
"2026-07-13 15:39:44",0.343644,1029,0,27.149832,0.338180
"2026-07-13 15:39:45",0.343640,1029,0,27.140791,0.338180
"2026-07-13 15:39:45",0.343640,1028,0,27.149832,0.338180
"2026-07-13 15:39:45",0.343640,1028,0,27.149832,0.338180
"2026-07-13 15:39:45",0.343637,1028,0,27.149832,0.338180
"2026-07-13 15:39:45",0.343640,1028,0,27.032280,0.338180
"2026-07-13 15:39:46",0.343637,1028,0,27.149832,0.338180
"2026-07-13 15:39:46",0.343640,1029,0,27.149832,0.338180
"2026-07-13 15:39:46",0.343640,1029,0,27.136269,0.338180
"2026-07-13 15:39:46",0.343640,1028,0,27.072971,0.338180
"2026-07-13 15:39:46",0.343647,1028,0,27.145311,0.338180
"2026-07-13 15:39:47",0.343637,1028,0,27.082014,0.338180
"2026-07-13 15:39:47",0.343647,1028,0,27.072971,0.338180
"2026-07-13 15:39:47",0.343644,1028,0,27.145311,0.338180
"2026-07-13 15:39:47",0.343640,1028,0,27.136269,0.338180
"2026-07-13 15:39:47",0.343644,1028,0,27.149832,0.338180
"2026-07-13 15:39:48",0.343637,1028,0,27.267384,0.338180
"2026-07-13 15:39:48",0.343637,1027,0,27.149832,0.338180
"2026-07-13 15:39:48",0.343637,1027,0,27.167915,0.338180
"2026-07-13 15:39:48",0.343640,1027,0,27.299032,0.338180
"2026-07-13 15:39:48",0.343640,1028,0,27.154354,0.338180
"2026-07-13 15:39:49",0.343640,1027,0,27.186003,0.338180
"2026-07-13 15:39:49",0.343640,1027,0,27.267384,0.338180
"2026-07-13 15:39:49",0.343637,1027,0,27.154354,0.338180
"2026-07-13 15:39:49",0.343637,1027,0,27.158875,0.338180
"2026-07-13 15:39:49",0.343637,1027,0,27.289989,0.338180
"2026-07-13 15:39:50",0.343637,1027,0,27.154354,0.338180
"2026-07-13 15:39:50",0.343647,1027,0,27.226692,0.338180
"2026-07-13 15:39:50",0.343644,1027,0,27.231213,0.338180
"2026-07-13 15:39:50",0.343637,1027,0,27.154354,0.338180
"2026-07-13 15:39:50",0.343640,1027,0,27.186003,0.338180
"2026-07-13 15:39:51",0.343640,1027,0,27.289989,0.338180
"2026-07-13 15:39:51",0.343644,1027,0,27.149832,0.338180
"2026-07-13 15:39:51",0.343640,1027,0,27.226692,0.338180
"2026-07-13 15:39:51",0.343637,1027,0,27.299032,0.338180
"2026-07-13 15:39:51",0.343644,1027,0,27.154354,0.338180
"2026-07-13 15:39:52",0.343640,1027,0,27.186003,0.338180
"2026-07-13 15:39:52",0.343640,1027,0,27.267384,0.338180
"2026-07-13 15:39:52",0.343640,1027,0,27.154354,0.338180
"2026-07-13 15:39:52",0.343637,1027,0,27.154354,0.338180
"2026-07-13 15:39:52",0.343634,1027,0,27.299032,0.338180
"2026-07-13 15:39:53",0.343640,1027,0,27.154354,0.338180
"2026-07-13 15:39:53",0.343637,1027,0,27.222172,0.338180
"2026-07-13 15:39:53",0.343637,1027,0,27.267384,0.338180
"2026-07-13 15:39:53",0.343644,1027,0,27.154354,0.338180
"2026-07-13 15:39:53",0.343640,1027,0,27.222172,0.338180
"2026-07-13 15:39:54",0.343644,1027,0,27.231213,0.338180
"2026-07-13 15:39:54",0.343640,1026,0,27.149832,0.338180
"2026-07-13 15:39:54",0.343644,1027,0,27.226692,0.338180
"2026-07-13 15:39:54",0.343637,1027,0,27.226692,0.338180
"2026-07-13 15:39:54",0.343640,1027,0,27.231213,0.338180
"2026-07-13 15:39:55",0.343640,1026,0,27.217651,0.338180
"2026-07-13 15:39:55",0.343640,1027,0,27.231213,0.338180
"2026-07-13 15:39:55",0.343640,1027,0,27.154354,0.338180
"2026-07-13 15:39:55",0.343637,1027,0,27.186003,0.338180
"2026-07-13 15:39:55",0.343640,1027,0,27.267384,0.338180
"2026-07-13 15:39:56",0.343637,1026,0,27.149832,0.338180
"2026-07-13 15:39:56",0.343637,1027,0,27.226692,0.338180
"2026-07-13 15:39:56",0.343640,1027,0,27.231213,0.338180
"2026-07-13 15:39:56",0.343644,1027,0,27.154354,0.338180
"2026-07-13 15:39:56",0.343640,1026,0,27.167915,0.338180
"2026-07-13 15:39:57",0.343637,1026,0,27.267384,0.338180
"2026-07-13 15:39:57",0.343640,1027,0,27.154354,0.338180
"2026-07-13 15:39:57",0.343637,1027,0,27.222172,0.338180
"2026-07-13 15:39:57",0.343640,1026,0,27.299032,0.338180
"2026-07-13 15:39:57",0.343637,1026,0,27.149832,0.338180
"2026-07-13 15:39:58",0.343640,1027,0,27.186003,0.338180
"2026-07-13 15:39:58",0.343640,1027,0,27.231213,0.338180
"2026-07-13 15:39:58",0.343640,1027,0,27.154354,0.338180
"2026-07-13 15:39:58",0.343634,1026,0,27.186003,0.338180
"2026-07-13 15:39:58",0.343637,1027,0,27.267384,0.338180
"2026-07-13 15:39:59",0.343634,1027,0,27.149832,0.338180
"2026-07-13 15:39:59",0.343634,1027,0,27.186003,0.338180
"2026-07-13 15:39:59",0.343637,1027,0,27.299032,0.338180
"2026-07-13 15:39:59",0.343637,1027,0,27.154354,0.338180
"2026-07-13 15:39:59",0.343640,1027,0,27.186003,0.338180
"2026-07-13 15:40:00",0.343634,1027,0,27.289989,0.338180
"2026-07-13 15:40:00",0.343640,1027,0,27.158875,0.338180
"2026-07-13 15:40:00",0.343640,1027,0,27.303553,0.338180
"2026-07-13 15:40:00",0.343637,1027,0,27.289989,0.338180
"2026-07-13 15:40:00",0.343640,1027,0,27.158875,0.338180
"2026-07-13 15:40:01",0.343637,1027,0,27.222172,0.338180
"2026-07-13 15:40:01",0.343634,1027,0,27.231213,0.338180
"2026-07-13 15:40:01",0.343640,1027,0,27.154354,0.338180
"2026-07-13 15:40:01",0.343637,1027,0,27.167915,0.338180
"2026-07-13 15:40:01",0.343637,1028,0,27.231213,0.338180
"2026-07-13 15:40:02",0.343637,1028,0,27.149832,0.338180
"2026-07-13 15:40:02",0.343637,1028,0,27.186003,0.338180
"2026-07-13 15:40:02",0.343640,1027,0,27.231213,0.338180
"2026-07-13 15:40:02",0.343637,1028,0,27.149832,0.338180
"2026-07-13 15:40:02",0.343637,1028,0,27.226692,0.338180
"2026-07-13 15:40:03",0.343647,1028,0,27.231213,0.338180
"2026-07-13 15:40:03",0.343640,1028,0,27.154354,0.338180
"2026-07-13 15:40:03",0.343640,1028,0,27.222172,0.338180
"2026-07-13 15:40:03",0.343640,1028,0,27.267384,0.338180
"2026-07-13 15:40:03",0.343640,1027,0,27.154354,0.338180
"2026-07-13 15:40:04",0.343640,1028,0,27.303553,0.338180
"2026-07-13 15:40:04",0.343640,1028,0,27.267384,0.338180
"2026-07-13 15:40:04",0.343637,1028,0,27.154354,0.338180
"2026-07-13 15:40:04",0.343640,1027,0,27.158875,0.338180
"2026-07-13 15:40:04",0.343634,1027,0,27.289989,0.338180
"2026-07-13 15:40:05",0.343640,1027,0,27.154354,0.338180
"2026-07-13 15:40:05",0.343640,1027,0,27.226692,0.338180
"2026-07-13 15:40:05",0.343640,1027,0,27.231213,0.338180
"2026-07-13 15:40:05",0.343637,1027,0,27.154354,0.338180
"2026-07-13 15:40:05",0.343637,1028,0,27.226692,0.338180
"2026-07-13 15:40:06",0.343640,1028,0,27.231213,0.339410
"2026-07-13 15:40:06",0.343644,1028,0,27.154354,0.338180
"2026-07-13 15:40:06",0.343640,1027,0,27.186003,0.338180
"2026-07-13 15:40:06",0.343640,1027,0,27.299032,0.338180
"2026-07-13 15:40:06",0.343647,1027,0,27.154354,0.338180
"2026-07-13 15:40:07",0.343637,1027,0,27.208609,0.338180
"2026-07-13 15:40:07",0.343640,1027,0,27.267384,0.338180
"2026-07-13 15:40:07",0.343637,1027,0,27.158875,0.338180
"2026-07-13 15:40:07",0.343637,1027,0,27.167915,0.338180
"2026-07-13 15:40:07",0.343640,1027,0,27.289989,0.338180
"2026-07-13 15:40:08",0.343640,1027,0,27.158875,0.338180
"2026-07-13 15:40:08",0.343637,1027,0,27.226692,0.338180
"2026-07-13 15:40:08",0.343637,1027,0,27.267384,0.338180
"2026-07-13 15:40:08",0.343640,1027,0,27.154354,0.338180
"2026-07-13 15:40:08",0.343637,1027,0,27.303553,0.338180
"2026-07-13 15:40:09",0.343637,1027,0,27.231213,0.338180
"2026-07-13 15:40:09",0.343637,1027,0,27.158875,0.338180
"2026-07-13 15:40:09",0.343640,1027,0,27.299032,0.338180
"2026-07-13 15:40:09",0.343637,1027,0,27.267384,0.338180
"2026-07-13 15:40:09",0.343637,1027,0,27.154354,0.338180
"2026-07-13 15:40:10",0.343640,1027,0,27.303553,0.338180
"2026-07-13 15:40:10",0.343634,1027,0,27.267384,0.338180
"2026-07-13 15:40:10",0.343637,1027,0,27.158875,0.338180
"2026-07-13 15:40:10",0.343644,1027,0,27.167915,0.338180
"2026-07-13 15:40:10",0.343640,1027,0,27.231213,0.338180
"2026-07-13 15:40:11",0.343640,1027,0,27.154354,0.338180
"2026-07-13 15:40:11",0.343634,1027,0,27.222172,0.338180
"2026-07-13 15:40:11",0.343637,1027,0,27.267384,0.338180
"2026-07-13 15:40:11",0.343637,1027,0,27.154354,0.338180
"2026-07-13 15:40:11",0.343640,1027,0,27.186003,0.338180
"2026-07-13 15:40:12",0.343640,1027,0,27.231213,0.338180
"2026-07-13 15:40:12",0.343637,1027,0,27.158875,0.338180
"2026-07-13 15:40:12",0.343640,1027,0,27.222172,0.338180
"2026-07-13 15:40:12",0.343640,1027,0,27.303553,0.338180
"2026-07-13 15:40:12",0.343637,1027,0,27.154354,0.338180
"2026-07-13 15:40:13",0.343640,1027,0,27.222172,0.338180
"2026-07-13 15:40:13",0.343640,1028,0,27.231213,0.338180
"2026-07-13 15:40:13",0.343634,1027,0,27.154354,0.338180
"2026-07-13 15:40:13",0.343637,1027,0,27.186003,0.338180
"2026-07-13 15:40:13",0.343637,1028,0,27.267384,0.338180
"2026-07-13 15:40:14",0.343637,1027,0,27.154354,0.338180
"2026-07-13 15:40:14",0.343640,1028,0,27.226692,0.338180
"2026-07-13 15:40:14",0.343640,1028,0,27.231213,0.338180
"2026-07-13 15:40:14",0.343637,1028,0,27.149832,0.338180
"2026-07-13 15:40:14",0.343637,1027,0,27.186003,0.338180
"2026-07-13 15:40:15",0.343637,1028,0,27.231213,0.338180
"2026-07-13 15:40:15",0.343634,1028,0,27.158875,0.338180
"2026-07-13 15:40:15",0.343640,1028,0,27.186003,0.338180
"2026-07-13 15:40:15",0.343640,1028,0,27.289989,0.338180
"2026-07-13 15:40:15",0.343637,1028,0,27.154354,0.338180
"2026-07-13 15:40:16",0.343644,1028,0,27.226692,0.338180
"2026-07-13 15:40:16",0.343640,1028,0,27.267384,0.338180
"2026-07-13 15:40:16",0.343637,1028,0,27.154354,0.338180
"2026-07-13 15:40:16",0.343637,1028,0,27.154354,0.338180
"2026-07-13 15:40:16",0.343640,1028,0,27.231213,0.338180
"2026-07-13 15:40:17",0.343637,1028,0,27.154354,0.338180
"2026-07-13 15:40:17",0.343644,1029,0,27.226692,0.338180
"2026-07-13 15:40:17",0.343637,1028,0,27.289989,0.338180
"2026-07-13 15:40:17",0.343637,1029,0,27.149832,0.338180
"2026-07-13 15:40:17",0.343637,1028,0,27.186003,0.338180
"2026-07-13 15:40:18",0.343640,1028,0,27.267384,0.338180
"2026-07-13 15:40:18",0.343637,1028,0,27.158875,0.338180
"2026-07-13 15:40:18",0.343637,1028,0,27.226692,0.338180
"2026-07-13 15:40:18",0.343637,1028,0,27.289989,0.338180
"2026-07-13 15:40:18",0.343640,1028,0,27.154354,0.338180
"2026-07-13 15:40:19",0.343637,1028,0,27.303553,0.338180
"2026-07-13 15:40:19",0.343637,1028,0,27.267384,0.338180
"2026-07-13 15:40:19",0.343640,1028,0,27.154354,0.338180
"2026-07-13 15:40:19",0.343640,1028,0,27.167915,0.338180
"2026-07-13 15:40:19",0.343640,1028,0,27.267384,0.338180
"2026-07-13 15:40:20",0.343637,1028,0,27.154354,0.338180
"2026-07-13 15:40:20",0.343640,1028,0,27.226692,0.338180
"2026-07-13 15:40:20",0.343640,1028,0,27.231213,0.338180
"2026-07-13 15:40:20",0.343637,1028,0,27.154354,0.338180
"2026-07-13 15:40:20",0.343637,1028,0,27.217651,0.338180
"2026-07-13 15:40:21",0.343640,1029,0,27.267384,0.338180
"2026-07-13 15:40:21",0.343640,1029,0,27.149832,0.338180
"2026-07-13 15:40:21",0.343637,1028,0,27.181482,0.338180
"2026-07-13 15:40:21",0.343637,1028,0,27.289989,0.338180
"2026-07-13 15:40:21",0.343634,1029,0,27.154354,0.338180
"2026-07-13 15:40:22",0.343640,1029,0,27.226692,0.338180
"2026-07-13 15:40:22",0.343634,1029,0,27.231213,0.338180
"2026-07-13 15:40:22",0.343640,1029,0,27.154354,0.338180
"2026-07-13 15:40:22",0.343640,1029,0,27.158875,0.338180
"2026-07-13 15:40:22",0.343634,1029,0,27.231213,0.338180
"2026-07-13 15:40:23",0.343640,1029,0,27.154354,0.338180
"2026-07-13 15:40:23",0.343637,1029,0,27.303553,0.338180
"2026-07-13 15:40:23",0.343637,1029,0,27.231213,0.338180
"2026-07-13 15:40:23",0.343640,1030,0,27.231213,0.338180
"2026-07-13 15:40:23",0.343634,1030,0,27.167915,0.338180
"2026-07-13 15:40:24",0.343637,1030,0,27.289989,0.338180
"2026-07-13 15:40:24",0.343634,1030,0,27.154354,0.338180
"2026-07-13 15:40:24",0.343634,1030,0,27.226692,0.338180
"2026-07-13 15:40:24",0.343637,1030,0,27.303553,0.338180
"2026-07-13 15:40:24",0.343634,1030,0,27.149832,0.338180
"2026-07-13 15:40:25",0.343637,1030,0,27.222172,0.338180
"2026-07-13 15:40:25",0.343634,1031,0,27.267384,0.338180
"2026-07-13 15:40:25",0.343634,1031,0,27.154354,0.338180
"2026-07-13 15:40:25",0.343637,1030,0,27.154354,0.338180
"2026-07-13 15:40:25",0.343637,1031,0,27.289989,0.338180
"2026-07-13 15:40:26",0.343634,1031,0,27.154354,0.338180
"2026-07-13 15:40:26",0.343637,1030,0,27.190525,0.338180
"2026-07-13 15:40:26",0.343634,1031,0,27.231213,0.338180
"2026-07-13 15:40:26",0.343634,1031,0,27.149832,0.338180
"2026-07-13 15:40:26",0.343634,1031,0,27.226692,0.338180
"2026-07-13 15:40:27",0.343637,1031,0,27.267384,0.338180
"2026-07-13 15:40:27",0.343637,1031,0,27.154354,0.338180
"2026-07-13 15:40:27",0.343637,1032,0,27.222172,0.338180
"2026-07-13 15:40:27",0.343634,1033,0,27.303553,0.338180
"2026-07-13 15:40:27",0.343637,1032,0,27.149832,0.338180
"2026-07-13 15:40:28",0.343637,1032,0,27.190525,0.338180
"2026-07-13 15:40:28",0.343640,1032,0,27.289989,0.338180
"2026-07-13 15:40:28",0.343637,1033,0,27.154354,0.338180
"2026-07-13 15:40:28",0.343637,1033,0,27.226692,0.338180
"2026-07-13 15:40:28",0.343637,1033,0,27.267384,0.338180
"2026-07-13 15:40:29",0.343637,1033,0,27.149832,0.338180
"2026-07-13 15:40:29",0.343634,1033,0,27.186003,0.338180
"2026-07-13 15:40:29",0.343634,1033,0,27.289989,0.338180
"2026-07-13 15:40:29",0.343637,1033,0,27.154354,0.338180
"2026-07-13 15:40:29",0.343637,1034,0,27.222172,0.338180
"2026-07-13 15:40:30",0.343634,1034,0,27.231213,0.338180
"2026-07-13 15:40:30",0.343634,1034,0,27.154354,0.338180
"2026-07-13 15:40:30",0.343634,1034,0,27.186003,0.338180
"2026-07-13 15:40:30",0.343640,1034,0,27.303553,0.338180
"2026-07-13 15:40:30",0.343634,1034,0,27.154354,0.338180
"2026-07-13 15:40:31",0.343634,1034,0,27.308073,0.338180
"2026-07-13 15:40:31",0.343627,1035,0,27.308073,0.338180
"2026-07-13 15:40:31",0.343637,1035,0,27.308073,0.338180
"2026-07-13 15:40:31",0.343637,1035,0,27.308073,0.338180
"2026-07-13 15:40:31",0.343637,1035,0,27.303553,0.338180
"2026-07-13 15:40:32",0.343637,1035,0,27.308073,0.338180
"2026-07-13 15:40:32",0.343637,1035,0,27.308073,0.338180
"2026-07-13 15:40:32",0.343640,1036,0,27.308073,0.338180
"2026-07-13 15:40:32",0.343637,1036,0,27.308073,0.338180
"2026-07-13 15:40:32",0.343637,1036,0,27.308073,0.338180
"2026-07-13 15:40:33",0.343634,1036,0,27.308073,0.338180
"2026-07-13 15:40:33",0.343637,1036,0,27.308073,0.338180
"2026-07-13 15:40:33",0.343637,1036,0,27.312595,0.338180
"2026-07-13 15:40:33",0.343637,1036,0,27.308073,0.338180
"2026-07-13 15:40:33",0.343640,1036,0,27.308073,0.338180
"2026-07-13 15:40:34",0.343640,1036,0,27.308073,0.338180
"2026-07-13 15:40:34",0.343637,1036,0,27.308073,0.338180
"2026-07-13 15:40:34",0.343640,1036,0,27.308073,0.338180
"2026-07-13 15:40:34",0.343640,1036,0,27.308073,0.338180
"2026-07-13 15:40:34",0.343637,1036,0,27.308073,0.338180
"2026-07-13 15:40:35",0.343640,1036,0,27.308073,0.338180
"2026-07-13 15:40:35",0.343640,1036,0,27.308073,0.338180
"2026-07-13 15:40:35",0.343640,1036,0,27.308073,0.338180
"2026-07-13 15:40:35",0.343637,1036,0,27.308073,0.338180
"2026-07-13 15:40:35",0.343637,1036,0,27.308073,0.338180
"2026-07-13 15:40:36",0.343637,1036,0,27.308073,0.338180
"2026-07-13 15:40:36",0.343644,1036,0,27.308073,0.338180
"2026-07-13 15:40:36",0.343640,1036,0,27.312595,0.338180
"2026-07-13 15:40:36",0.343640,1036,0,27.308073,0.338180
"2026-07-13 15:40:36",0.343640,1036,0,27.308073,0.338180
"2026-07-13 15:40:37",0.343637,1036,0,27.308073,0.338180
"2026-07-13 15:40:37",0.343637,1036,0,27.308073,0.338180
"2026-07-13 15:40:37",0.343640,1036,0,27.308073,0.338180
"2026-07-13 15:40:37",0.343637,1036,0,27.308073,0.338180
"2026-07-13 15:40:37",0.343640,1036,0,27.308073,0.338180
"2026-07-13 15:40:38",0.343644,1037,0,27.308073,0.338180
"2026-07-13 15:40:38",0.343637,1037,0,27.312595,0.338180
"2026-07-13 15:40:38",0.343637,1036,0,27.308073,0.338180
"2026-07-13 15:40:38",0.343637,1036,0,27.308073,0.338180
"2026-07-13 15:40:38",0.343640,1036,0,27.308073,0.338180
"2026-07-13 15:40:39",0.343640,1037,0,27.308073,0.338180
"2026-07-13 15:40:39",0.343637,1036,0,27.308073,0.338180
"2026-07-13 15:40:39",0.343637,1036,0,27.308073,0.338180
"2026-07-13 15:40:39",0.343640,1037,0,27.308073,0.338180
"2026-07-13 15:40:39",0.343640,1037,0,27.308073,0.338180
"2026-07-13 15:40:40",0.343637,1037,0,27.308073,0.338180
"2026-07-13 15:40:40",0.343644,1037,0,27.308073,0.338180
"2026-07-13 15:40:40",0.343640,1038,0,27.308073,0.338180
"2026-07-13 15:40:40",0.343634,1037,0,27.308073,0.338180
"2026-07-13 15:40:40",0.343640,1037,0,27.326160,0.338180
"2026-07-13 15:40:41",0.343637,1038,0,27.308073,0.338180
"2026-07-13 15:40:41",0.343640,1037,0,27.308073,0.338180
"2026-07-13 15:40:41",0.343640,1037,0,27.308073,0.338180
"2026-07-13 15:40:41",0.343640,1038,0,27.308073,0.338180
"2026-07-13 15:40:41",0.343640,1038,0,27.308073,0.338180
"2026-07-13 15:40:42",0.343640,1037,0,27.308073,0.338180
"2026-07-13 15:40:42",0.343637,1037,0,27.308073,0.338180
"2026-07-13 15:40:42",0.343637,1037,0,27.308073,0.338180
"2026-07-13 15:40:42",0.343640,1037,0,27.308073,0.338180
"2026-07-13 15:40:42",0.343640,1037,0,27.308073,0.338180
"2026-07-13 15:40:43",0.343640,1037,0,27.308073,0.338180
"2026-07-13 15:40:43",0.343640,1037,0,27.308073,0.338180
"2026-07-13 15:40:43",0.343634,1038,0,27.308073,0.338180
"2026-07-13 15:40:43",0.343640,1038,0,27.308073,0.338180
"2026-07-13 15:40:43",0.343640,1038,0,27.308073,0.338180
"2026-07-13 15:40:44",0.343637,1038,0,27.308073,0.338180
"2026-07-13 15:40:44",0.343634,1038,0,27.312595,0.338180
"2026-07-13 15:40:44",0.343634,1038,0,27.308073,0.338180
"2026-07-13 15:40:44",0.343637,1038,0,27.308073,0.338180
"2026-07-13 15:40:44",0.343640,1038,0,27.308073,0.338180
"2026-07-13 15:40:45",0.343637,1038,0,27.308073,0.338180
"2026-07-13 15:40:45",0.343637,1038,0,27.308073,0.338180
"2026-07-13 15:40:45",0.343640,1038,0,27.308073,0.338180
"2026-07-13 15:40:45",0.343640,1038,0,27.308073,0.338180
"2026-07-13 15:40:45",0.343637,1038,0,27.308073,0.338180
"2026-07-13 15:40:46",0.343640,1038,0,27.308073,0.338180
"2026-07-13 15:40:46",0.343637,1038,0,27.308073,0.338180
"2026-07-13 15:40:46",0.343634,1038,0,27.308073,0.338180
"2026-07-13 15:40:46",0.343637,1038,0,27.308073,0.338180
"2026-07-13 15:40:46",0.343640,1038,0,27.308073,0.338180
"2026-07-13 15:40:47",0.343640,1038,0,27.308073,0.338180
"2026-07-13 15:40:47",0.343637,1038,0,27.308073,0.338180
"2026-07-13 15:40:47",0.343637,1038,0,27.308073,0.338180
"2026-07-13 15:40:47",0.343634,1038,0,27.308073,0.338180
"2026-07-13 15:40:47",0.343640,1038,0,27.308073,0.338180
"2026-07-13 15:40:48",0.343637,1038,0,27.308073,0.338180
"2026-07-13 15:40:48",0.343637,1038,0,27.308073,0.338180
"2026-07-13 15:40:48",0.343640,1039,0,27.308073,0.338180
"2026-07-13 15:40:48",0.343637,1039,0,27.308073,0.338180
"2026-07-13 15:40:48",0.343637,1039,0,27.308073,0.338180
"2026-07-13 15:40:49",0.343637,1038,0,27.308073,0.338180
"2026-07-13 15:40:49",0.343640,1038,0,27.308073,0.338180
"2026-07-13 15:40:49",0.343640,1039,0,27.308073,0.338180
"2026-07-13 15:40:49",0.343640,1039,0,27.308073,0.338180
"2026-07-13 15:40:49",0.343640,1039,0,27.317120,0.338180
"2026-07-13 15:40:50",0.343640,1039,0,27.308073,0.338180
"2026-07-13 15:40:50",0.343640,1039,0,27.308073,0.338180
"2026-07-13 15:40:50",0.343640,1039,0,27.308073,0.338180
"2026-07-13 15:40:50",0.343640,1039,0,27.308073,0.338180
"2026-07-13 15:40:50",0.343640,1039,0,27.308073,0.338180
"2026-07-13 15:40:51",0.343637,1039,0,27.308073,0.338180
"2026-07-13 15:40:51",0.343644,1039,0,27.308073,0.338180
"2026-07-13 15:40:51",0.343640,1039,0,27.308073,0.338180
"2026-07-13 15:40:51",0.343644,1039,0,27.312595,0.338180
"2026-07-13 15:40:51",0.343640,1039,0,27.308073,0.338180
"2026-07-13 15:40:52",0.343640,1039,0,27.308073,0.338180
"2026-07-13 15:40:52",0.343640,1039,0,27.308073,0.338180
"2026-07-13 15:40:52",0.343640,1038,0,27.308073,0.338180
"2026-07-13 15:40:52",0.343647,1039,0,27.308073,0.338180
"2026-07-13 15:40:52",0.343640,1038,0,27.308073,0.338180
"2026-07-13 15:40:53",0.343644,1038,0,27.308073,0.338180
"2026-07-13 15:40:53",0.343647,1038,0,27.308073,0.338180
"2026-07-13 15:40:53",0.343640,1038,0,27.308073,0.338180
"2026-07-13 15:40:53",0.343640,1038,0,27.308073,0.338180
"2026-07-13 15:40:53",0.343640,1039,0,27.308073,0.338180
"2026-07-13 15:40:54",0.343640,1038,0,27.308073,0.338180
"2026-07-13 15:40:54",0.343647,1038,0,27.308073,0.338180
"2026-07-13 15:40:54",0.343640,1038,0,27.308073,0.338180
"2026-07-13 15:40:54",0.343637,1038,0,27.308073,0.338180
"2026-07-13 15:40:54",0.343640,1038,0,27.308073,0.338180
"2026-07-13 15:40:55",0.343644,1037,0,27.308073,0.338180
"2026-07-13 15:40:55",0.343640,1037,0,27.308073,0.338180
"2026-07-13 15:40:55",0.343644,1037,0,27.308073,0.338180
"2026-07-13 15:40:55",0.343640,1038,0,27.308073,0.338180
"2026-07-13 15:40:55",0.343640,1037,0,27.308073,0.338180
"2026-07-13 15:40:56",0.343640,1037,0,27.308073,0.338180
"2026-07-13 15:40:56",0.343647,1036,0,27.308073,0.338180
"2026-07-13 15:40:56",0.343637,1036,0,27.308073,0.338180
"2026-07-13 15:40:56",0.343647,1036,0,27.308073,0.338180
"2026-07-13 15:40:56",0.343644,1036,0,27.308073,0.338180
"2026-07-13 15:40:57",0.343640,1036,0,27.308073,0.338180
"2026-07-13 15:40:57",0.343640,1036,0,27.308073,0.338180
"2026-07-13 15:40:57",0.343644,1036,0,27.308073,0.338180
"2026-07-13 15:40:57",0.343644,1036,0,27.308073,0.338180
"2026-07-13 15:40:57",0.343640,1036,0,27.308073,0.338180
"2026-07-13 15:40:58",0.343640,1036,0,27.308073,0.338180
"2026-07-13 15:40:58",0.343644,1036,0,27.308073,0.338180
"2026-07-13 15:40:58",0.343640,1036,0,27.308073,0.338180
"2026-07-13 15:40:58",0.343634,1036,0,27.308073,0.338180
"2026-07-13 15:40:58",0.343640,1036,0,27.308073,0.338180
"2026-07-13 15:40:59",0.343640,1036,0,27.308073,0.338180
"2026-07-13 15:40:59",0.343640,1036,0,27.308073,0.338180
"2026-07-13 15:40:59",0.343647,1035,0,27.308073,0.338180
"2026-07-13 15:40:59",0.343640,1036,0,27.308073,0.338180
"2026-07-13 15:40:59",0.343637,1035,0,27.308073,0.338180
"2026-07-13 15:41:00",0.343640,1035,0,27.308073,0.338180
"2026-07-13 15:41:00",0.343640,1035,0,27.308073,0.338180
"2026-07-13 15:41:00",0.343637,1035,0,27.308073,0.338180
"2026-07-13 15:41:00",0.343640,1035,0,27.308073,0.338180
"2026-07-13 15:41:00",0.343640,1035,0,27.308073,0.338180
"2026-07-13 15:41:01",0.343637,1035,0,27.308073,0.338180
"2026-07-13 15:41:01",0.343637,1035,0,27.308073,0.338180
"2026-07-13 15:41:01",0.343640,1034,0,27.308073,0.338180
"2026-07-13 15:41:01",0.343640,1034,0,27.308073,0.338180
"2026-07-13 15:41:01",0.343640,1034,0,27.308073,0.338180
"2026-07-13 15:41:02",0.343640,1034,0,27.308073,0.338180
"2026-07-13 15:41:02",0.343644,1034,0,27.308073,0.338252
"2026-07-13 15:41:02",0.343640,1034,0,27.308073,0.338180
"2026-07-13 15:41:02",0.343640,1034,0,27.308073,0.338180
"2026-07-13 15:41:02",0.343640,1033,0,27.308073,0.338180
"2026-07-13 15:41:03",0.343644,1033,0,27.308073,0.338180
"2026-07-13 15:41:03",0.343650,1033,0,27.308073,0.338180
"2026-07-13 15:41:03",0.343640,1033,0,27.308073,0.338180
"2026-07-13 15:41:03",0.343647,1033,0,27.308073,0.338180
"2026-07-13 15:41:03",0.343647,1033,0,27.308073,0.338180
"2026-07-13 15:41:04",0.343647,1033,0,27.308073,0.338180
"2026-07-13 15:41:04",0.343644,1033,0,27.308073,0.338180
"2026-07-13 15:41:04",0.343640,1032,0,27.308073,0.338180
"2026-07-13 15:41:04",0.343647,1033,0,27.308073,0.338180
"2026-07-13 15:41:04",0.343640,1033,0,27.308073,0.338180
"2026-07-13 15:41:05",0.343650,1033,0,27.308073,0.338180
"2026-07-13 15:41:05",0.343644,1032,0,27.308073,0.338180
"2026-07-13 15:41:05",0.343640,1031,0,27.308073,0.338180
"2026-07-13 15:41:05",0.343650,1031,0,27.308073,0.338180
"2026-07-13 15:41:05",0.343647,1031,0,27.308073,0.338180
"2026-07-13 15:41:06",0.343647,1030,0,27.308073,0.338180
"2026-07-13 15:41:06",0.343647,1030,0,27.308073,0.338180
"2026-07-13 15:41:06",0.343647,1030,0,27.308073,0.338180
"2026-07-13 15:41:06",0.343650,1030,0,27.317120,0.338180
"2026-07-13 15:41:06",0.343644,1030,0,27.308073,0.338180
"2026-07-13 15:41:07",0.343650,1029,0,27.308073,0.338180
"2026-07-13 15:41:07",0.343647,1029,0,27.308073,0.338180
"2026-07-13 15:41:07",0.343647,1028,0,27.308073,0.338180
"2026-07-13 15:41:07",0.343640,1028,0,27.308073,0.338180
"2026-07-13 15:41:07",0.343650,1028,0,27.308073,0.338180
"2026-07-13 15:41:08",0.343647,1027,0,27.308073,0.338180
"2026-07-13 15:41:08",0.343647,1027,0,27.308073,0.338180
"2026-07-13 15:41:08",0.343647,1027,0,27.308073,0.338180
"2026-07-13 15:41:08",0.343647,1025,0,27.308073,0.338180
"2026-07-13 15:41:08",0.343647,1025,0,27.308073,0.338180
"2026-07-13 15:41:09",0.343650,1025,0,27.308073,0.338180
"2026-07-13 15:41:09",0.343640,1024,0,27.308073,0.338180
"2026-07-13 15:41:09",0.343650,1024,0,27.308073,0.338180
"2026-07-13 15:41:09",0.343644,1024,0,27.308073,0.338180
"2026-07-13 15:41:09",0.343640,1022,0,27.308073,0.338180
"2026-07-13 15:41:10",0.343637,1023,0,27.308073,0.338180
"2026-07-13 15:41:10",0.343647,1022,0,27.308073,0.338180
"2026-07-13 15:41:10",0.343647,1022,0,27.308073,0.338180
"2026-07-13 15:41:10",0.343647,1022,0,27.308073,0.338180
"2026-07-13 15:41:10",0.343647,1022,0,27.308073,0.338180
"2026-07-13 15:41:11",0.343647,1021,0,27.308073,0.338180
"2026-07-13 15:41:11",0.343647,1021,0,27.308073,0.338180
"2026-07-13 15:41:11",0.343644,1020,0,27.308073,0.338180
"2026-07-13 15:41:11",0.343640,1020,0,27.308073,0.338180
"2026-07-13 15:41:11",0.343647,1019,0,27.308073,0.338180
"2026-07-13 15:41:12",0.343647,1019,0,27.308073,0.338180
"2026-07-13 15:41:12",0.343637,1019,0,27.308073,0.338180
"2026-07-13 15:41:12",0.343647,1018,0,27.308073,0.338180
"2026-07-13 15:41:12",0.343650,1018,0,27.308073,0.338180
"2026-07-13 15:41:12",0.343644,1018,0,27.308073,0.338180
"2026-07-13 15:41:13",0.343644,1017,0,27.308073,0.338180
"2026-07-13 15:41:13",0.343647,1017,0,27.308073,0.338180
"2026-07-13 15:41:13",0.343644,1016,0,27.308073,0.338180
"2026-07-13 15:41:13",0.343637,1016,0,27.308073,0.338180
"2026-07-13 15:41:13",0.343644,1016,0,27.308073,0.338180
"2026-07-13 15:41:14",0.343637,1016,0,27.308073,0.338180
"2026-07-13 15:41:14",0.343640,1015,0,27.308073,0.338180
"2026-07-13 15:41:14",0.343644,1015,0,27.384937,0.338831
"2026-07-13 15:41:14",0.343640,1015,0,27.308073,0.338180
"2026-07-13 15:41:14",0.343640,1014,0,27.308073,0.338180
"2026-07-13 15:41:15",0.343644,1014,0,27.308073,0.338180
"2026-07-13 15:41:15",0.343637,1014,0,27.308073,0.338180
"2026-07-13 15:41:15",0.343640,1014,0,27.312595,0.338180
"2026-07-13 15:41:15",0.343637,1014,0,27.308073,0.338180
"2026-07-13 15:41:15",0.343640,1014,0,27.308073,0.338180
"2026-07-13 15:41:16",0.343637,1014,0,27.308073,0.338180
"2026-07-13 15:41:16",0.343640,1014,0,27.308073,0.338180
"2026-07-13 15:41:16",0.343644,1013,0,27.308073,0.338180
"2026-07-13 15:41:16",0.343640,1014,0,27.308073,0.338180
"2026-07-13 15:41:16",0.343640,1013,0,27.308073,0.338180
"2026-07-13 15:41:17",0.343637,1013,0,27.308073,0.338180
"2026-07-13 15:41:17",0.343637,1013,0,27.308073,0.338180
"2026-07-13 15:41:17",0.343637,1013,0,27.308073,0.338180
"2026-07-13 15:41:17",0.343637,1013,0,27.308073,0.338180
"2026-07-13 15:41:17",0.343637,1013,0,27.308073,0.338180
"2026-07-13 15:41:18",0.343640,1013,0,27.308073,0.338180
"2026-07-13 15:41:18",0.343637,1013,0,27.308073,0.338180
"2026-07-13 15:41:18",0.343640,1013,0,27.308073,0.338180
"2026-07-13 15:41:18",0.343637,1013,0,27.308073,0.338180
"2026-07-13 15:41:18",0.343637,1013,0,27.308073,0.338180
"2026-07-13 15:41:19",0.343644,1013,0,27.308073,0.338180
"2026-07-13 15:41:19",0.343640,1013,0,27.308073,0.338180
"2026-07-13 15:41:19",0.343637,1013,0,27.308073,0.338180
"2026-07-13 15:41:19",0.343634,1013,0,27.276426,0.338180
"2026-07-13 15:41:19",0.343637,1013,0,27.312595,0.338180
"2026-07-13 15:41:20",0.343634,1013,0,27.308073,0.338180
"2026-07-13 15:41:20",0.343644,1013,0,27.308073,0.338180
"2026-07-13 15:41:20",0.343637,1013,0,27.308073,0.338180
"2026-07-13 15:41:20",0.343640,1014,0,27.308073,0.338180
"2026-07-13 15:41:20",0.343637,1014,0,27.308073,0.338180
"2026-07-13 15:41:21",0.343637,1013,0,27.308073,0.338180
"2026-07-13 15:41:21",0.343637,1013,0,27.308073,0.338180
"2026-07-13 15:41:21",0.343637,1013,0,27.308073,0.338180
"2026-07-13 15:41:21",0.343640,1013,0,27.308073,0.338180
"2026-07-13 15:41:21",0.343637,1013,0,27.308073,0.338180
"2026-07-13 15:41:22",0.343640,1013,0,27.308073,0.338180
"2026-07-13 15:41:22",0.343637,1013,0,27.308073,0.338180
"2026-07-13 15:41:22",0.343640,1014,0,27.308073,0.338180
"2026-07-13 15:41:22",0.343637,1014,0,27.308073,0.338180
"2026-07-13 15:41:22",0.343637,1013,0,27.308073,0.338180
"2026-07-13 15:41:23",0.343640,1013,0,27.308073,0.338180
"2026-07-13 15:41:23",0.343644,1013,0,27.308073,0.338180
"2026-07-13 15:41:23",0.343640,1013,0,27.308073,0.338180
"2026-07-13 15:41:23",0.343634,1014,0,27.308073,0.338180
"2026-07-13 15:41:23",0.343637,1014,0,27.308073,0.338180
"2026-07-13 15:41:24",0.343637,1014,0,27.308073,0.338180
"2026-07-13 15:41:24",0.343637,1013,0,27.308073,0.338180
"2026-07-13 15:41:24",0.343637,1014,0,27.308073,0.338180
"2026-07-13 15:41:24",0.343640,1014,0,27.308073,0.338180
"2026-07-13 15:41:24",0.343637,1014,0,27.308073,0.338180
"2026-07-13 15:41:25",0.343634,1014,0,27.308073,0.338180
"2026-07-13 15:41:25",0.343634,1014,0,27.308073,0.338180
"2026-07-13 15:41:25",0.343637,1014,0,27.443710,0.338180
"2026-07-13 15:41:25",0.343640,1014,0,27.317120,0.338180
"2026-07-13 15:41:25",0.343640,1014,0,27.461798,0.338180
"2026-07-13 15:41:26",0.343637,1014,0,27.443710,0.338180
"2026-07-13 15:41:26",0.343637,1014,0,27.461798,0.338180
"2026-07-13 15:41:26",0.343634,1014,0,27.461798,0.338180
"2026-07-13 15:41:26",0.343634,1015,0,27.457275,0.338180
"2026-07-13 15:41:26",0.343630,1014,0,27.344244,0.338180
"2026-07-13 15:41:27",0.343634,1014,0,27.457275,0.338180
"2026-07-13 15:41:27",0.343634,1014,0,27.443710,0.338180
"2026-07-13 15:41:27",0.343634,1015,0,27.403021,0.338180
"2026-07-13 15:41:27",0.343637,1015,0,27.384937,0.338180
"2026-07-13 15:41:27",0.343637,1015,0,27.443710,0.338180
"2026-07-13 15:41:28",0.343637,1016,0,27.317120,0.338180
"2026-07-13 15:41:28",0.343637,1016,0,27.461798,0.338180
"2026-07-13 15:41:28",0.343634,1016,0,27.457275,0.338180
"2026-07-13 15:41:28",0.343634,1016,0,27.425627,0.338180
"2026-07-13 15:41:28",0.343634,1016,0,27.461798,0.338180
"2026-07-13 15:41:29",0.343634,1016,0,27.452751,0.338180
"2026-07-13 15:41:29",0.343630,1016,0,27.326160,0.338180
"2026-07-13 15:41:29",0.343634,1017,0,27.461798,0.338180
"2026-07-13 15:41:29",0.343637,1017,0,27.443710,0.338180
"2026-07-13 15:41:29",0.343634,1017,0,27.403021,0.338180
"2026-07-13 15:41:30",0.343634,1017,0,27.461798,0.338180
"2026-07-13 15:41:30",0.343634,1017,0,27.452751,0.338180
"2026-07-13 15:41:30",0.343630,1017,0,27.312595,0.338180
"2026-07-13 15:41:30",0.343634,1017,0,27.403021,0.338180
"2026-07-13 15:41:30",0.343634,1018,0,27.443710,0.338180
"2026-07-13 15:41:31",0.343634,1018,0,27.326160,0.338180
"2026-07-13 15:41:31",0.343634,1018,0,27.461798,0.338180
"2026-07-13 15:41:31",0.343634,1018,0,27.452751,0.338180
"2026-07-13 15:41:31",0.343627,1019,0,27.430147,0.338180
"2026-07-13 15:41:31",0.343630,1019,0,27.461798,0.338180
"2026-07-13 15:41:32",0.343634,1019,0,27.448231,0.338180
"2026-07-13 15:41:32",0.343634,1020,0,27.312595,0.338180
"2026-07-13 15:41:32",0.343630,1020,0,27.461798,0.338180
"2026-07-13 15:41:32",0.343630,1021,0,27.461798,0.338180
"2026-07-13 15:41:32",0.343630,1021,0,27.389458,0.338180
"2026-07-13 15:41:33",0.343630,1021,0,27.461798,0.338180
"2026-07-13 15:41:33",0.343630,1021,0,27.452751,0.338180
"2026-07-13 15:41:33",0.343627,1022,0,27.317120,0.338180
"2026-07-13 15:41:33",0.343634,1022,0,27.384937,0.338180
"2026-07-13 15:41:33",0.343630,1022,0,27.443710,0.338180
"2026-07-13 15:41:34",0.343624,1022,0,27.317120,0.338180
"2026-07-13 15:41:34",0.343637,1023,0,27.461798,0.338180
"2026-07-13 15:41:34",0.343637,1023,0,27.452751,0.338180
"2026-07-13 15:41:34",0.343630,1023,0,27.425627,0.338180
"2026-07-13 15:41:34",0.343630,1023,0,27.384937,0.338180
"2026-07-13 15:41:35",0.343627,1024,0,27.461798,0.338180
"2026-07-13 15:41:35",0.343630,1024,0,27.344244,0.338180
"2026-07-13 15:41:35",0.343637,1024,0,27.384937,0.338180
"2026-07-13 15:41:35",0.343630,1025,0,27.461798,0.338180
"2026-07-13 15:41:35",0.343624,1025,0,27.344244,0.338180
"2026-07-13 15:41:36",0.343634,1025,0,27.461798,0.338180
"2026-07-13 15:41:36",0.343630,1025,0,27.461798,0.338180
"2026-07-13 15:41:36",0.343630,1026,0,27.452751,0.338180
"2026-07-13 15:41:36",0.343630,1027,0,27.326160,0.338180
"2026-07-13 15:41:36",0.343637,1027,0,27.461798,0.338180
"2026-07-13 15:41:37",0.343627,1027,0,27.452751,0.338180
"2026-07-13 15:41:37",0.343637,1027,0,27.461798,0.338180
"2026-07-13 15:41:37",0.343637,1028,0,27.452751,0.338180
"2026-07-13 15:41:37",0.343637,1028,0,27.430147,0.338180
"2026-07-13 15:41:37",0.343637,1028,0,27.461798,0.338180
"2026-07-13 15:41:38",0.343637,1028,0,27.452751,0.338180
"2026-07-13 15:41:38",0.343637,1029,0,27.344244,0.338252
"2026-07-13 15:41:38",0.343634,1029,0,27.457275,0.338180
"2026-07-13 15:41:38",0.343634,1029,0,27.452751,0.338180
"2026-07-13 15:41:38",0.343630,1030,0,27.344244,0.338180
"2026-07-13 15:41:39",0.343637,1030,0,27.461798,0.338180
"2026-07-13 15:41:39",0.343634,1030,0,27.443710,0.338180
"2026-07-13 15:41:39",0.343637,1031,0,27.312595,0.338180
"2026-07-13 15:41:39",0.343637,1031,0,27.344244,0.338180
"2026-07-13 15:41:39",0.343637,1031,0,27.430147,0.338180
"2026-07-13 15:41:40",0.343634,1031,0,27.317120,0.338180
"2026-07-13 15:41:40",0.343634,1031,0,27.461798,0.338180
"2026-07-13 15:41:40",0.343637,1031,0,27.443710,0.338180
"2026-07-13 15:41:40",0.343634,1031,0,27.393978,0.338180
"2026-07-13 15:41:40",0.343634,1032,0,27.461798,0.338180
"2026-07-13 15:41:41",0.343634,1032,0,27.452751,0.338180
"2026-07-13 15:41:41",0.343637,1032,0,27.344244,0.338180
"2026-07-13 15:41:41",0.343634,1033,0,27.461798,0.338180
"2026-07-13 15:41:41",0.343634,1033,0,27.452751,0.338180
"2026-07-13 15:41:41",0.343634,1033,0,27.461798,0.338180
"2026-07-13 15:41:42",0.343637,1033,0,27.461798,0.338180
"2026-07-13 15:41:42",0.343637,1033,0,27.443710,0.338180
"2026-07-13 15:41:42",0.343634,1033,0,27.312595,0.338180
"2026-07-13 15:41:42",0.343634,1034,0,27.384937,0.338180
"2026-07-13 15:41:42",0.343634,1034,0,27.457275,0.338180
"2026-07-13 15:41:43",0.343634,1035,0,27.344244,0.338180
"2026-07-13 15:41:43",0.343634,1035,0,27.457275,0.338180
"2026-07-13 15:41:43",0.343637,1035,0,27.389458,0.338180
"2026-07-13 15:41:43",0.343634,1035,0,27.344244,0.338180
"2026-07-13 15:41:43",0.343637,1035,0,27.461798,0.338180
"2026-07-13 15:41:44",0.343634,1035,0,27.443710,0.338180
"2026-07-13 15:41:44",0.343634,1036,0,27.326160,0.338180
"2026-07-13 15:41:44",0.343637,1036,0,27.461798,0.338180
"2026-07-13 15:41:44",0.343637,1036,0,27.425627,0.338180
"2026-07-13 15:41:44",0.343637,1036,0,27.344244,0.338180
"2026-07-13 15:41:45",0.343637,1036,0,27.461798,0.338180
"2026-07-13 15:41:45",0.343634,1036,0,27.443710,0.338180
"2026-07-13 15:41:45",0.343634,1036,0,27.326160,0.338180
"2026-07-13 15:41:45",0.343637,1036,0,27.461798,0.338180
"2026-07-13 15:41:45",0.343634,1037,0,27.443710,0.338180
"2026-07-13 15:41:46",0.343637,1038,0,27.317120,0.338180
"2026-07-13 15:41:46",0.343637,1037,0,27.461798,0.338180
"2026-07-13 15:41:46",0.343637,1037,0,27.430147,0.338180
"2026-07-13 15:41:46",0.343634,1038,0,27.403021,0.338180
"2026-07-13 15:41:46",0.343640,1038,0,27.461798,0.338180
"2026-07-13 15:41:47",0.343640,1038,0,27.443710,0.338180
"2026-07-13 15:41:47",0.343637,1038,0,27.384937,0.338180
"2026-07-13 15:41:47",0.343637,1038,0,27.461798,0.338180
"2026-07-13 15:41:47",0.343637,1039,0,27.452751,0.338180
"2026-07-13 15:41:47",0.343640,1038,0,27.344244,0.338180
"2026-07-13 15:41:48",0.343637,1038,0,27.457275,0.338180
"2026-07-13 15:41:48",0.343640,1038,0,27.425627,0.338180
"2026-07-13 15:41:48",0.343637,1039,0,27.326160,0.338180
"2026-07-13 15:41:48",0.343637,1038,0,27.461798,0.338180
"2026-07-13 15:41:48",0.343637,1038,0,27.425627,0.338180
"2026-07-13 15:41:49",0.343637,1038,0,27.384937,0.338180
"2026-07-13 15:41:49",0.343640,1039,0,27.461798,0.338180
"2026-07-13 15:41:49",0.343637,1039,0,27.452751,0.338180
"2026-07-13 15:41:49",0.343637,1039,0,27.384937,0.338180
"2026-07-13 15:41:49",0.343640,1039,0,27.461798,0.338180
"2026-07-13 15:41:50",0.343637,1039,0,27.461798,0.338180
"2026-07-13 15:41:50",0.343637,1039,0,27.344244,0.338180
"2026-07-13 15:41:50",0.343640,1039,0,27.457275,0.338180
"2026-07-13 15:41:50",0.343637,1039,0,27.443710,0.338180
"2026-07-13 15:41:50",0.343637,1039,0,27.344244,0.338180
"2026-07-13 15:41:51",0.343640,1039,0,27.461798,0.338180
"2026-07-13 15:41:51",0.343637,1039,0,27.317120,0.338180
"2026-07-13 15:41:51",0.343637,1039,0,27.461798,0.338180
"2026-07-13 15:41:51",0.343634,1040,0,27.384937,0.338180
"2026-07-13 15:41:51",0.343637,1039,0,27.430147,0.338180
"2026-07-13 15:41:52",0.343637,1039,0,27.384937,0.338180
"2026-07-13 15:41:52",0.343637,1039,0,27.457275,0.338180
"2026-07-13 15:41:52",0.343637,1039,0,27.312595,0.338180
"2026-07-13 15:41:52",0.343644,1039,0,27.344244,0.338180
"2026-07-13 15:41:52",0.343637,1039,0,27.457275,0.338180
"2026-07-13 15:41:53",0.343644,1040,0,27.330681,0.338180
"2026-07-13 15:41:53",0.343640,1040,0,27.457275,0.338180
"2026-07-13 15:41:53",0.343637,1040,0,27.443710,0.338180
"2026-07-13 15:41:53",0.343640,1039,0,27.461798,0.338180
"2026-07-13 15:41:53",0.343640,1039,0,27.461798,0.338180
"2026-07-13 15:41:54",0.343640,1039,0,27.452751,0.338180
"2026-07-13 15:41:54",0.343640,1040,0,27.317120,0.338180
"2026-07-13 15:41:54",0.343644,1039,0,27.461798,0.338180
"2026-07-13 15:41:54",0.343637,1039,0,27.457275,0.338180
"2026-07-13 15:41:54",0.343640,1039,0,27.434668,0.338180
"2026-07-13 15:41:55",0.343634,1039,0,27.461798,0.338180
"2026-07-13 15:41:55",0.343647,1039,0,27.425627,0.338180
"2026-07-13 15:41:55",0.343640,1039,0,27.326160,0.338180
"2026-07-13 15:41:55",0.343640,1039,0,27.461798,0.338180
"2026-07-13 15:41:55",0.343637,1039,0,27.452751,0.338180
"2026-07-13 15:41:56",0.343640,1039,0,27.326160,0.338180
"2026-07-13 15:41:56",0.343644,1039,0,27.461798,0.338180
"2026-07-13 15:41:56",0.343647,1038,0,27.425627,0.338180
"2026-07-13 15:41:56",0.343647,1038,0,27.389458,0.338180
"2026-07-13 15:41:56",0.343647,1038,0,27.493444,0.338180
"2026-07-13 15:41:57",0.343650,1038,0,27.538658,0.338180
"2026-07-13 15:41:57",0.343647,1038,0,27.470839,0.338180
"2026-07-13 15:41:57",0.343647,1038,0,27.493444,0.338180
"2026-07-13 15:41:57",0.343647,1038,0,27.597433,0.338180
"2026-07-13 15:41:57",0.343647,1038,0,27.470839,0.338180
"2026-07-13 15:41:58",0.343647,1037,0,27.606476,0.338180
"2026-07-13 15:41:58",0.343647,1036,0,27.461798,0.338180
"2026-07-13 15:41:58",0.343650,1036,0,27.470839,0.338180
"2026-07-13 15:41:58",0.343647,1036,0,27.520571,0.338180
"2026-07-13 15:41:58",0.343650,1036,0,27.461798,0.338180
"2026-07-13 15:41:59",0.343640,1036,0,27.466318,0.338180
"2026-07-13 15:41:59",0.343647,1035,0,27.488922,0.338180
"2026-07-13 15:41:59",0.343647,1035,0,27.461798,0.338180
"2026-07-13 15:41:59",0.343644,1035,0,27.461798,0.338180
"2026-07-13 15:41:59",0.343640,1035,0,27.606476,0.338180
"2026-07-13 15:42:00",0.343640,1034,0,27.461798,0.338180
"2026-07-13 15:42:00",0.343640,1033,0,27.466318,0.338180
"2026-07-13 15:42:00",0.343640,1034,0,27.597433,0.338180
"2026-07-13 15:42:00",0.343640,1033,0,27.579346,0.338180
"2026-07-13 15:42:00",0.343647,1033,0,27.461798,0.338180
"2026-07-13 15:42:01",0.343647,1033,0,27.538658,0.338180
"2026-07-13 15:42:01",0.343644,1033,0,27.466318,0.338180
"2026-07-13 15:42:01",0.343647,1033,0,27.475361,0.338180
"2026-07-13 15:42:01",0.343640,1033,0,27.610996,0.338180
"2026-07-13 15:42:01",0.343644,1032,0,27.461798,0.338180
"2026-07-13 15:42:02",0.343640,1032,0,27.461798,0.338180
"2026-07-13 15:42:02",0.343647,1032,0,27.597433,0.338180
"2026-07-13 15:42:02",0.343640,1031,0,27.538658,0.338180
"2026-07-13 15:42:02",0.343647,1031,0,27.470839,0.338180
"2026-07-13 15:42:02",0.343640,1031,0,27.597433,0.338180
"2026-07-13 15:42:03",0.343647,1031,0,27.461798,0.338180
"2026-07-13 15:42:03",0.343640,1031,0,27.470839,0.338180
"2026-07-13 15:42:03",0.343640,1031,0,27.579346,0.338180
"2026-07-13 15:42:03",0.343647,1031,0,27.579346,0.338180
"2026-07-13 15:42:03",0.343640,1031,0,27.466318,0.338180
"2026-07-13 15:42:04",0.343644,1031,0,27.538658,0.338180
"2026-07-13 15:42:04",0.343640,1030,0,27.466318,0.338180
"2026-07-13 15:42:04",0.343640,1030,0,27.479881,0.338180
"2026-07-13 15:42:04",0.343644,1030,0,27.493444,0.338180
"2026-07-13 15:42:04",0.343647,1030,0,27.461798,0.338180
"2026-07-13 15:42:05",0.343647,1029,0,27.534136,0.338180
"2026-07-13 15:42:05",0.343644,1029,0,27.579346,0.338180
"2026-07-13 15:42:05",0.343647,1029,0,27.461798,0.338180
"2026-07-13 15:42:05",0.343647,1029,0,27.461798,0.338180
"2026-07-13 15:42:05",0.343647,1028,0,27.597433,0.338180
"2026-07-13 15:42:06",0.343644,1028,0,27.461798,0.338180
"2026-07-13 15:42:06",0.343644,1028,0,27.497965,0.338180
"2026-07-13 15:42:06",0.343640,1028,0,27.538658,0.338180
"2026-07-13 15:42:06",0.343647,1028,0,27.461798,0.338180
"2026-07-13 15:42:06",0.343640,1028,0,27.497965,0.338180
"2026-07-13 15:42:07",0.343644,1027,0,27.529615,0.338180
"2026-07-13 15:42:07",0.343640,1027,0,27.461798,0.338180
"2026-07-13 15:42:07",0.343640,1027,0,27.466318,0.338180
"2026-07-13 15:42:07",0.343644,1027,0,27.579346,0.338180
"2026-07-13 15:42:07",0.343644,1026,0,27.461798,0.338180
"2026-07-13 15:42:08",0.343637,1026,0,27.538658,0.338180
"2026-07-13 15:42:08",0.343640,1026,0,27.579346,0.338180
"2026-07-13 15:42:08",0.343640,1026,0,27.466318,0.338180
"2026-07-13 15:42:08",0.343640,1026,0,27.461798,0.338180
"2026-07-13 15:42:08",0.343640,1026,0,27.579346,0.338180
"2026-07-13 15:42:09",0.343644,1025,0,27.466318,0.338180
"2026-07-13 15:42:09",0.343644,1025,0,27.497965,0.338180
"2026-07-13 15:42:09",0.343647,1025,0,27.538658,0.338180
"2026-07-13 15:42:09",0.343640,1025,0,27.461798,0.338180
"2026-07-13 15:42:09",0.343644,1025,0,27.534136,0.338180
"2026-07-13 15:42:10",0.343647,1025,0,27.461798,0.338180
"2026-07-13 15:42:10",0.343637,1025,0,27.466318,0.338180
"2026-07-13 15:42:10",0.343644,1024,0,27.534136,0.338180
"2026-07-13 15:42:10",0.343637,1024,0,27.488922,0.338180
"2026-07-13 15:42:10",0.343640,1024,0,27.461798,0.338180
"2026-07-13 15:42:11",0.343640,1024,0,27.470839,0.338180
"2026-07-13 15:42:11",0.343644,1024,0,27.538658,0.338180
"2026-07-13 15:42:11",0.343640,1024,0,27.461798,0.338180
"2026-07-13 15:42:11",0.343637,1024,0,27.466318,0.338180
"2026-07-13 15:42:11",0.343637,1024,0,27.538658,0.338180
"2026-07-13 15:42:12",0.343640,1024,0,27.461798,0.338180
"2026-07-13 15:42:12",0.343637,1024,0,27.461798,0.338180
"2026-07-13 15:42:12",0.343644,1024,0,27.461798,0.338180
"2026-07-13 15:42:12",0.343637,1024,0,27.461798,0.338180
"2026-07-13 15:42:12",0.343640,1024,0,27.534136,0.338180
"2026-07-13 15:42:13",0.343637,1024,0,27.461798,0.338180
"2026-07-13 15:42:13",0.343637,1024,0,27.466318,0.338180
"2026-07-13 15:42:13",0.343640,1024,0,27.606476,0.338180
"2026-07-13 15:42:13",0.343640,1024,0,27.461798,0.338180
"2026-07-13 15:42:13",0.343640,1024,0,27.461798,0.338180
"2026-07-13 15:42:14",0.343647,1024,0,27.606476,0.338180
"2026-07-13 15:42:14",0.343640,1024,0,27.461798,0.338180
"2026-07-13 15:42:14",0.343640,1024,0,27.466318,0.338180
"2026-07-13 15:42:14",0.343644,1023,0,27.466318,0.338180
"2026-07-13 15:42:14",0.343640,1022,0,27.461798,0.338180
"2026-07-13 15:42:15",0.343647,1022,0,27.470839,0.338180
"2026-07-13 15:42:15",0.343647,1022,0,27.529615,0.338180
"2026-07-13 15:42:15",0.343640,1022,0,27.461798,0.338180
"2026-07-13 15:42:15",0.343647,1021,0,27.466318,0.338180
"2026-07-13 15:42:15",0.343647,1021,0,27.579346,0.338180
"2026-07-13 15:42:16",0.343637,1021,0,27.461798,0.338180
"2026-07-13 15:42:16",0.343644,1021,0,27.475361,0.338180
"2026-07-13 15:42:16",0.343637,1021,0,27.538658,0.338180
"2026-07-13 15:42:16",0.343647,1021,0,27.461798,0.338180
"2026-07-13 15:42:16",0.343640,1021,0,27.497965,0.338180
"2026-07-13 15:42:17",0.343644,1020,0,27.461798,0.338180
"2026-07-13 15:42:17",0.343647,1020,0,27.461798,0.338180
"2026-07-13 15:42:17",0.343640,1020,0,27.610996,0.338180
"2026-07-13 15:42:17",0.343640,1021,0,27.529615,0.338180
"2026-07-13 15:42:17",0.343637,1020,0,27.461798,0.338180
"2026-07-13 15:42:18",0.343640,1020,0,27.529615,0.338180
"2026-07-13 15:42:18",0.343644,1020,0,27.461798,0.338180
"2026-07-13 15:42:18",0.343640,1019,0,27.479881,0.338180
"2026-07-13 15:42:18",0.343640,1019,0,27.493444,0.338180
"2026-07-13 15:42:18",0.343640,1019,0,27.461798,0.338180
"2026-07-13 15:42:19",0.343640,1019,0,27.479881,0.338180
"2026-07-13 15:42:19",0.343640,1019,0,27.606476,0.338180
"2026-07-13 15:42:19",0.343647,1019,0,27.461798,0.338180
"2026-07-13 15:42:19",0.343640,1019,0,27.461798,0.338180
"2026-07-13 15:42:19",0.343637,1019,0,27.579346,0.338180
"2026-07-13 15:42:20",0.343637,1019,0,27.461798,0.338180
"2026-07-13 15:42:20",0.343640,1019,0,27.493444,0.338180
"2026-07-13 15:42:20",0.343637,1019,0,27.538658,0.338180
"2026-07-13 15:42:20",0.343637,1019,0,27.461798,0.338180
"2026-07-13 15:42:20",0.343634,1019,0,27.484402,0.338180
"2026-07-13 15:42:21",0.343637,1019,0,27.461798,0.338180
"2026-07-13 15:42:21",0.343637,1019,0,27.461798,0.338180
"2026-07-13 15:42:21",0.343640,1019,0,27.529615,0.338180
"2026-07-13 15:42:21",0.343637,1019,0,27.538658,0.338180
"2026-07-13 15:42:21",0.343637,1019,0,27.461798,0.338180
"2026-07-13 15:42:22",0.343637,1019,0,27.606476,0.338180
"2026-07-13 15:42:22",0.343637,1019,0,27.461798,0.338180
"2026-07-13 15:42:22",0.343637,1019,0,27.466318,0.338180
"2026-07-13 15:42:22",0.343640,1019,0,27.529615,0.338180
"2026-07-13 15:42:22",0.343637,1019,0,27.461798,0.338180
"2026-07-13 15:42:23",0.343640,1020,0,27.470839,0.338180
"2026-07-13 15:42:23",0.343634,1019,0,27.538658,0.338180
"2026-07-13 15:42:23",0.343637,1019,0,27.461798,0.338180
"2026-07-13 15:42:23",0.343637,1020,0,27.466318,0.338180
"2026-07-13 15:42:23",0.343637,1019,0,27.597433,0.338180
"2026-07-13 15:42:24",0.343637,1019,0,27.461798,0.338180
"2026-07-13 15:42:24",0.343637,1020,0,27.497965,0.338180
"2026-07-13 15:42:24",0.343640,1020,0,27.461798,0.338180
"2026-07-13 15:42:24",0.343637,1020,0,27.461798,0.338180
"2026-07-13 15:42:24",0.343634,1019,0,27.606476,0.338180
"2026-07-13 15:42:25",0.343637,1019,0,27.461798,0.338180
"2026-07-13 15:42:25",0.343644,1020,0,27.470839,0.338180
"2026-07-13 15:42:25",0.343640,1020,0,27.597433,0.338180
"2026-07-13 15:42:25",0.343640,1020,0,27.538658,0.338180
"2026-07-13 15:42:25",0.343637,1020,0,27.470839,0.338180
"2026-07-13 15:42:26",0.343644,1020,0,27.597433,0.338180
"2026-07-13 15:42:26",0.343634,1021,0,27.461798,0.338180
"2026-07-13 15:42:26",0.343637,1019,0,27.479881,0.338180
"2026-07-13 15:42:26",0.343637,1020,0,27.493444,0.338180
"2026-07-13 15:42:26",0.343640,1020,0,27.466318,0.338180
"2026-07-13 15:42:27",0.343637,1020,0,27.475361,0.338180
"2026-07-13 15:42:27",0.343637,1019,0,27.502485,0.338180
"2026-07-13 15:42:27",0.343640,1020,0,27.461798,0.338180
"2026-07-13 15:42:27",0.343637,1021,0,27.470839,0.338180
"2026-07-13 15:42:27",0.343637,1021,0,27.538658,0.338180
"2026-07-13 15:42:28",0.343637,1021,0,27.461798,0.338180
"2026-07-13 15:42:28",0.343640,1021,0,27.534136,0.338180
"2026-07-13 15:42:28",0.343634,1021,0,27.461798,0.338180
"2026-07-13 15:42:28",0.343637,1021,0,27.461798,0.338180
"2026-07-13 15:42:28",0.343634,1021,0,27.502485,0.338180
"2026-07-13 15:42:29",0.343640,1021,0,27.461798,0.338180
"2026-07-13 15:42:29",0.343634,1021,0,27.470839,0.338180
"2026-07-13 15:42:29",0.343634,1021,0,27.579346,0.338180
"2026-07-13 15:42:29",0.343637,1021,0,27.579346,0.338180
"2026-07-13 15:42:29",0.343637,1021,0,27.461798,0.338180
"2026-07-13 15:42:30",0.343634,1021,0,27.534136,0.338180
"2026-07-13 15:42:30",0.343637,1021,0,27.461798,0.338180
"2026-07-13 15:42:30",0.343637,1022,0,27.466318,0.338180
"2026-07-13 15:42:30",0.343634,1022,0,27.479881,0.338180
"2026-07-13 15:42:30",0.343634,1022,0,27.461798,0.338180
"2026-07-13 15:42:31",0.343637,1022,0,27.479881,0.338180
"2026-07-13 15:42:31",0.343637,1022,0,27.538658,0.338180
"2026-07-13 15:42:31",0.343637,1022,0,27.461798,0.338180
"2026-07-13 15:42:31",0.343637,1022,0,27.470839,0.338180
"2026-07-13 15:42:31",0.343640,1022,0,27.461798,0.338180
"2026-07-13 15:42:32",0.343634,1022,0,27.470839,0.338180
"2026-07-13 15:42:32",0.343634,1022,0,27.552219,0.338180
"2026-07-13 15:42:32",0.343634,1022,0,27.538658,0.338180
"2026-07-13 15:42:32",0.343634,1022,0,27.479881,0.338180
"2026-07-13 15:42:32",0.343637,1022,0,27.520571,0.338180
"2026-07-13 15:42:33",0.343637,1023,0,27.461798,0.338180
"2026-07-13 15:42:33",0.343637,1023,0,27.470839,0.338180
"2026-07-13 15:42:33",0.343634,1024,0,27.479881,0.338180
"2026-07-13 15:42:33",0.343637,1024,0,27.597433,0.338180
"2026-07-13 15:42:33",0.343634,1024,0,27.479881,0.338180
"2026-07-13 15:42:34",0.343634,1024,0,27.538658,0.338180
"2026-07-13 15:42:34",0.343630,1024,0,27.461798,0.338180
"2026-07-13 15:42:34",0.343634,1025,0,27.479881,0.338180
"2026-07-13 15:42:34",0.343637,1024,0,27.534136,0.338180
"2026-07-13 15:42:34",0.343637,1024,0,27.461798,0.338180
"2026-07-13 15:42:35",0.343634,1024,0,27.497965,0.338180
"2026-07-13 15:42:35",0.343637,1024,0,27.538658,0.338180
"2026-07-13 15:42:35",0.343634,1024,0,27.470839,0.338180
"2026-07-13 15:42:35",0.343637,1025,0,27.466318,0.338180
"2026-07-13 15:42:35",0.343640,1025,0,27.538658,0.338831
"2026-07-13 15:42:36",0.343637,1025,0,27.470839,0.338180
"2026-07-13 15:42:36",0.343630,1025,0,27.606476,0.338180
"2026-07-13 15:42:36",0.343634,1025,0,27.461798,0.338180
"2026-07-13 15:42:36",0.343637,1025,0,27.461798,0.338180
"2026-07-13 15:42:36",0.343634,1025,0,27.579346,0.338180
"2026-07-13 15:42:37",0.343637,1025,0,27.461798,0.338180
"2026-07-13 15:42:37",0.343637,1026,0,27.479881,0.338180
"2026-07-13 15:42:37",0.343634,1026,0,27.579346,0.338180
"2026-07-13 15:42:37",0.343637,1027,0,27.579346,0.338180
"2026-07-13 15:42:37",0.343634,1027,0,27.466318,0.338180
"2026-07-13 15:42:38",0.343637,1027,0,27.606476,0.338180
"2026-07-13 15:42:38",0.343637,1027,0,27.538658,0.338180
"2026-07-13 15:42:38",0.343637,1027,0,27.461798,0.338180
"2026-07-13 15:42:38",0.343637,1027,0,27.579346,0.338180
"2026-07-13 15:42:38",0.343637,1027,0,27.466318,0.338180
"2026-07-13 15:42:39",0.343640,1027,0,27.479881,0.338180
"2026-07-13 15:42:39",0.343637,1027,0,27.461798,0.338180
"2026-07-13 15:42:39",0.343640,1027,0,27.466318,0.338180
"2026-07-13 15:42:39",0.343637,1027,0,27.538658,0.338180
"2026-07-13 15:42:39",0.343637,1027,0,27.461798,0.338180
"2026-07-13 15:42:40",0.343640,1027,0,27.493444,0.338180
"2026-07-13 15:42:40",0.343637,1027,0,27.597433,0.338180
"2026-07-13 15:42:40",0.343640,1027,0,27.461798,0.338180
"2026-07-13 15:42:40",0.343640,1027,0,27.466318,0.338180
"2026-07-13 15:42:40",0.343640,1027,0,27.597433,0.338180
"2026-07-13 15:42:41",0.343634,1027,0,27.461798,0.338180
"2026-07-13 15:42:41",0.343637,1027,0,27.479881,0.338180
"2026-07-13 15:42:41",0.343637,1027,0,27.461798,0.338180
"2026-07-13 15:42:41",0.343637,1027,0,27.461798,0.338180
"2026-07-13 15:42:41",0.343644,1028,0,27.479881,0.338180
"2026-07-13 15:42:42",0.343637,1028,0,27.579346,0.338180
"2026-07-13 15:42:42",0.343640,1028,0,27.466318,0.338180
"2026-07-13 15:42:42",0.343640,1028,0,27.475361,0.338180
"2026-07-13 15:42:42",0.343637,1027,0,27.579346,0.338180
"2026-07-13 15:42:42",0.343637,1028,0,27.466318,0.338180
"2026-07-13 15:42:43",0.343637,1027,0,27.493444,0.338180
"2026-07-13 15:42:43",0.343637,1027,0,27.538658,0.338180
"2026-07-13 15:42:43",0.343637,1028,0,27.466318,0.338180
"2026-07-13 15:42:43",0.343640,1028,0,27.497965,0.338180
"2026-07-13 15:42:43",0.343640,1028,0,27.538658,0.338180
"2026-07-13 15:42:44",0.343637,1028,0,27.461798,0.338180
"2026-07-13 15:42:44",0.343637,1028,0,27.497965,0.338180
"2026-07-13 15:42:44",0.343637,1028,0,27.502485,0.338180
"2026-07-13 15:42:44",0.343637,1028,0,27.461798,0.338180
"2026-07-13 15:42:44",0.343640,1028,0,27.529615,0.338180
"2026-07-13 15:42:45",0.343637,1028,0,27.461798,0.338180
"2026-07-13 15:42:45",0.343634,1028,0,27.461798,0.338180
"2026-07-13 15:42:45",0.343640,1028,0,27.534136,0.338180
"2026-07-13 15:42:45",0.343637,1028,0,27.579346,0.338180
"2026-07-13 15:42:45",0.343640,1029,0,27.461798,0.338180
"2026-07-13 15:42:46",0.343640,1028,0,27.493444,0.338180
"2026-07-13 15:42:46",0.343637,1028,0,27.579346,0.338180
"2026-07-13 15:42:46",0.343637,1028,0,27.461798,0.338180
"2026-07-13 15:42:46",0.343637,1029,0,27.461798,0.338180
"2026-07-13 15:42:46",0.343637,1029,0,27.538658,0.338180
"2026-07-13 15:42:47",0.343637,1029,0,27.461798,0.338180
"2026-07-13 15:42:47",0.343637,1029,0,27.466318,0.338180
"2026-07-13 15:42:47",0.343637,1029,0,27.502485,0.338180
"2026-07-13 15:42:47",0.343637,1029,0,27.461798,0.338180
"2026-07-13 15:42:47",0.343640,1029,0,27.479881,0.338180
"2026-07-13 15:42:48",0.343637,1029,0,27.461798,0.338180
"2026-07-13 15:42:48",0.343637,1029,0,27.461798,0.338180
"2026-07-13 15:42:48",0.343640,1030,0,27.488922,0.338180
"2026-07-13 15:42:48",0.343637,1030,0,27.579346,0.338180
"2026-07-13 15:42:48",0.343637,1030,0,27.461798,0.338180
"2026-07-13 15:42:49",0.343637,1030,0,27.475361,0.338180
"2026-07-13 15:42:49",0.343640,1030,0,27.461798,0.338180
"2026-07-13 15:42:49",0.343637,1030,0,27.466318,0.338180
"2026-07-13 15:42:49",0.343637,1030,0,27.493444,0.338180
"2026-07-13 15:42:49",0.343640,1030,0,27.461798,0.338180
"2026-07-13 15:42:50",0.343637,1030,0,27.470839,0.338180
"2026-07-13 15:42:50",0.343640,1030,0,27.579346,0.338180
"2026-07-13 15:42:50",0.343637,1030,0,27.461798,0.338180
"2026-07-13 15:42:50",0.343637,1030,0,27.470839,0.338180
"2026-07-13 15:42:50",0.343637,1030,0,27.534136,0.338180
"2026-07-13 15:42:51",0.343640,1030,0,27.538658,0.338180
"2026-07-13 15:42:51",0.343637,1030,0,27.461798,0.338180
"2026-07-13 15:42:51",0.343640,1030,0,27.606476,0.338180
"2026-07-13 15:42:51",0.343637,1030,0,27.538658,0.338180
"2026-07-13 15:42:51",0.343637,1030,0,27.461798,0.338180
"2026-07-13 15:42:52",0.343640,1030,0,27.606476,0.338180
"2026-07-13 15:42:52",0.343640,1030,0,27.461798,0.338180
"2026-07-13 15:42:52",0.343637,1030,0,27.466318,0.338180
"2026-07-13 15:42:52",0.343637,1030,0,27.610996,0.338180
"2026-07-13 15:42:52",0.343640,1030,0,27.461798,0.338180
"2026-07-13 15:42:53",0.343644,1030,0,27.466318,0.338180
"2026-07-13 15:42:53",0.343640,1030,0,27.597433,0.338180
"2026-07-13 15:42:53",0.343634,1031,0,27.461798,0.338180
"2026-07-13 15:42:53",0.343637,1030,0,27.479881,0.338180
"2026-07-13 15:42:53",0.343640,1030,0,27.610996,0.338180
"2026-07-13 15:42:54",0.343640,1030,0,27.461798,0.338180
"2026-07-13 15:42:54",0.343640,1030,0,27.479881,0.338180
"2026-07-13 15:42:54",0.343644,1030,0,27.597433,0.338180
"2026-07-13 15:42:54",0.343647,1031,0,27.461798,0.338180
"2026-07-13 15:42:54",0.343640,1030,0,27.479881,0.338180
"2026-07-13 15:42:55",0.343640,1030,0,27.579346,0.338180
"2026-07-13 15:42:55",0.343640,1030,0,27.461798,0.338180
"2026-07-13 15:42:55",0.343640,1030,0,27.610996,0.338180
"2026-07-13 15:42:55",0.343640,1030,0,27.615517,0.338180
"2026-07-13 15:42:55",0.343640,1030,0,27.615517,0.338180
"2026-07-13 15:42:56",0.343647,1030,0,27.615517,0.338180
"2026-07-13 15:42:56",0.343644,1030,0,27.615517,0.338180
"2026-07-13 15:42:56",0.343644,1030,0,27.615517,0.338180
"2026-07-13 15:42:56",0.343647,1030,0,27.615517,0.338180
"2026-07-13 15:42:56",0.343640,1030,0,27.615517,0.338180
"2026-07-13 15:42:57",0.343647,1030,0,27.615517,0.338180
"2026-07-13 15:42:57",0.343640,1029,0,27.615517,0.338180
"2026-07-13 15:42:57",0.343640,1030,0,27.615517,0.338180
"2026-07-13 15:42:57",0.343647,1030,0,27.615517,0.338180
"2026-07-13 15:42:57",0.343640,1029,0,27.615517,0.338180
"2026-07-13 15:42:58",0.343640,1029,0,27.615517,0.338180
"2026-07-13 15:42:58",0.343644,1028,0,27.556742,0.338180
"2026-07-13 15:42:58",0.343647,1028,0,27.615517,0.338180
"2026-07-13 15:42:58",0.343644,1028,0,27.615517,0.338180
"2026-07-13 15:42:58",0.343647,1028,0,27.615517,0.338180
"2026-07-13 15:42:59",0.343647,1028,0,27.615517,0.338180
"2026-07-13 15:42:59",0.343647,1028,0,27.615517,0.338180
"2026-07-13 15:42:59",0.343647,1028,0,27.556742,0.338180
"2026-07-13 15:42:59",0.343647,1027,0,27.615517,0.338180
"2026-07-13 15:42:59",0.343644,1027,0,27.615517,0.338180
"2026-07-13 15:43:00",0.343650,1027,0,27.615517,0.338180
"2026-07-13 15:43:00",0.343647,1027,0,27.615517,0.338180
"2026-07-13 15:43:00",0.343647,1026,0,27.615517,0.338180
"2026-07-13 15:43:00",0.343644,1026,0,27.615517,0.338180
"2026-07-13 15:43:00",0.343647,1025,0,27.615517,0.338180
"2026-07-13 15:43:01",0.343647,1026,0,27.615517,0.338180
"2026-07-13 15:43:01",0.343647,1025,0,27.615517,0.338180
"2026-07-13 15:43:01",0.343650,1025,0,27.615517,0.338180
"2026-07-13 15:43:01",0.343644,1025,0,27.615517,0.338180
"2026-07-13 15:43:01",0.343640,1025,0,27.615517,0.338180
"2026-07-13 15:43:02",0.343647,1025,0,27.615517,0.338180
"2026-07-13 15:43:02",0.343647,1025,0,27.615517,0.338180
"2026-07-13 15:43:02",0.343647,1024,0,27.615517,0.338180
"2026-07-13 15:43:02",0.343644,1024,0,27.615517,0.338180
"2026-07-13 15:43:02",0.343647,1024,0,27.615517,0.338180
"2026-07-13 15:43:03",0.343647,1024,0,27.615517,0.338180
"2026-07-13 15:43:03",0.343650,1024,0,27.615517,0.338180
"2026-07-13 15:43:03",0.343644,1023,0,27.615517,0.338180
"2026-07-13 15:43:03",0.343640,1023,0,27.615517,0.338180
"2026-07-13 15:43:03",0.343647,1022,0,27.615517,0.338180
"2026-07-13 15:43:04",0.343640,1022,0,27.606476,0.338180
"2026-07-13 15:43:04",0.343650,1022,0,27.615517,0.338180
"2026-07-13 15:43:04",0.343644,1022,0,27.615517,0.338180
"2026-07-13 15:43:04",0.343640,1022,0,27.615517,0.338180
"2026-07-13 15:43:04",0.343647,1021,0,27.615517,0.338180
"2026-07-13 15:43:05",0.343647,1021,0,27.615517,0.338180
"2026-07-13 15:43:05",0.343640,1021,0,27.615517,0.338180
"2026-07-13 15:43:05",0.343647,1021,0,27.615517,0.338180
"2026-07-13 15:43:05",0.343647,1021,0,27.615517,0.338180
"2026-07-13 15:43:05",0.343647,1021,0,27.615517,0.338180
"2026-07-13 15:43:06",0.343644,1020,0,27.497965,0.338180
"2026-07-13 15:43:06",0.343647,1019,0,27.615517,0.338180
"2026-07-13 15:43:06",0.343647,1020,0,27.615517,0.338831
"2026-07-13 15:43:06",0.343640,1019,0,27.615517,0.338180
"2026-07-13 15:43:06",0.343640,1019,0,27.615517,0.338252
"2026-07-13 15:43:07",0.343647,1019,0,27.615517,0.338180
"2026-07-13 15:43:07",0.343640,1019,0,27.615517,0.338180
"2026-07-13 15:43:07",0.343647,1019,0,27.615517,0.338180
"2026-07-13 15:43:07",0.343637,1018,0,27.606476,0.338180
"2026-07-13 15:43:07",0.343644,1017,0,27.615517,0.338180
"2026-07-13 15:43:08",0.343647,1018,0,27.615517,0.338180
"2026-07-13 15:43:08",0.343640,1018,0,27.606476,0.338180
"2026-07-13 15:43:08",0.343640,1017,0,27.615517,0.338180
"2026-07-13 15:43:08",0.343637,1017,0,27.615517,0.338180
"2026-07-13 15:43:08",0.343640,1017,0,27.615517,0.338180
"2026-07-13 15:43:09",0.343640,1017,0,27.615517,0.338180
"2026-07-13 15:43:09",0.343640,1017,0,27.615517,0.338180
"2026-07-13 15:43:09",0.343640,1017,0,27.615517,0.338180
"2026-07-13 15:43:09",0.343644,1016,0,27.615517,0.338180
"2026-07-13 15:43:09",0.343640,1017,0,27.615517,0.338180
"2026-07-13 15:43:10",0.343647,1016,0,27.615517,0.338180
"2026-07-13 15:43:10",0.343640,1016,0,27.615517,0.338180
"2026-07-13 15:43:10",0.343644,1016,0,27.615517,0.338180
"2026-07-13 15:43:10",0.343640,1016,0,27.588388,0.338180
"2026-07-13 15:43:10",0.343640,1016,0,27.615517,0.338180
"2026-07-13 15:43:11",0.343647,1016,0,27.615517,0.338180
"2026-07-13 15:43:11",0.343640,1016,0,27.615517,0.338180
"2026-07-13 15:43:11",0.343640,1016,0,27.615517,0.338180
"2026-07-13 15:43:11",0.343644,1015,0,27.615517,0.338180
"2026-07-13 15:43:11",0.343637,1015,0,27.615517,0.338180
"2026-07-13 15:43:12",0.343640,1015,0,27.615517,0.338180
"2026-07-13 15:43:12",0.343644,1015,0,27.615517,0.338180
"2026-07-13 15:43:12",0.343640,1016,0,27.615517,0.338180
"2026-07-13 15:43:12",0.343640,1015,0,27.615517,0.338180
"2026-07-13 15:43:12",0.343640,1015,0,27.615517,0.338180
"2026-07-13 15:43:13",0.343637,1015,0,27.556742,0.338180
"2026-07-13 15:43:13",0.343640,1015,0,27.615517,0.338180
"2026-07-13 15:43:13",0.343640,1014,0,27.615517,0.338180
"2026-07-13 15:43:13",0.343640,1014,0,27.615517,0.338180
"2026-07-13 15:43:13",0.343640,1015,0,27.615517,0.338180
"2026-07-13 15:43:14",0.343634,1015,0,27.615517,0.338180
"2026-07-13 15:43:14",0.343634,1015,0,27.615517,0.338180
"2026-07-13 15:43:14",0.343634,1015,0,27.615517,0.338180
"2026-07-13 15:43:14",0.343634,1016,0,27.615517,0.338180
"2026-07-13 15:43:14",0.343637,1015,0,27.615517,0.338180
"2026-07-13 15:43:15",0.343634,1015,0,27.615517,0.338180
"2026-07-13 15:43:15",0.343634,1015,0,27.615517,0.338180
"2026-07-13 15:43:15",0.343634,1015,0,27.615517,0.338180
"2026-07-13 15:43:15",0.343634,1015,0,27.615517,0.338180
"2026-07-13 15:43:15",0.343630,1016,0,27.615517,0.338180
"2026-07-13 15:43:16",0.343634,1016,0,27.615517,0.338180
"2026-07-13 15:43:16",0.343630,1016,0,27.615517,0.338180
"2026-07-13 15:43:16",0.343634,1017,0,27.615517,0.338180
"2026-07-13 15:43:16",0.343634,1016,0,27.538658,0.338180
"2026-07-13 15:43:16",0.343627,1016,0,27.615517,0.338180
"2026-07-13 15:43:17",0.343634,1016,0,27.615517,0.338180
"2026-07-13 15:43:17",0.343630,1017,0,27.615517,0.338180
"2026-07-13 15:43:17",0.343634,1017,0,27.615517,0.338180
"2026-07-13 15:43:17",0.343627,1017,0,27.606476,0.338180
"2026-07-13 15:43:17",0.343630,1017,0,27.615517,0.338180
"2026-07-13 15:43:18",0.343627,1018,0,27.615517,0.338180
"2026-07-13 15:43:18",0.343634,1017,0,27.615517,0.338180
"2026-07-13 15:43:18",0.343634,1019,0,27.615517,0.338180
"2026-07-13 15:43:18",0.343630,1018,0,27.615517,0.338180
"2026-07-13 15:43:18",0.343634,1019,0,27.615517,0.338180
"2026-07-13 15:43:19",0.343634,1019,0,27.615517,0.338180
"2026-07-13 15:43:19",0.343634,1019,0,27.615517,0.338180
"2026-07-13 15:43:19",0.343634,1019,0,27.615517,0.338180
"2026-07-13 15:43:19",0.343634,1019,0,27.615517,0.338180
"2026-07-13 15:43:19",0.343634,1019,0,27.615517,0.338180
"2026-07-13 15:43:20",0.343634,1019,0,27.588388,0.338180
"2026-07-13 15:43:20",0.343640,1020,0,27.615517,0.338180
"2026-07-13 15:43:20",0.343634,1019,0,27.615517,0.338180
"2026-07-13 15:43:20",0.343637,1021,0,27.615517,0.338180
"2026-07-13 15:43:20",0.343634,1021,0,27.615517,0.338180
"2026-07-13 15:43:21",0.343634,1021,0,27.615517,0.338180
"2026-07-13 15:43:21",0.343637,1020,0,27.615517,0.338252
"2026-07-13 15:43:21",0.343637,1021,0,27.615517,0.338180
"2026-07-13 15:43:21",0.343630,1021,0,27.615517,0.338180
"2026-07-13 15:43:21",0.343634,1021,0,27.497965,0.338180
"2026-07-13 15:43:22",0.343634,1021,0,27.615517,0.338180
"2026-07-13 15:43:22",0.343637,1022,0,27.610996,0.338180
"2026-07-13 15:43:22",0.343637,1021,0,27.615517,0.338180
"2026-07-13 15:43:22",0.343637,1022,0,27.615517,0.338180
"2026-07-13 15:43:22",0.343637,1022,0,27.615517,0.338180
"2026-07-13 15:43:23",0.343634,1022,0,27.497965,0.338180
"2026-07-13 15:43:23",0.343637,1022,0,27.615517,0.338180
"2026-07-13 15:43:23",0.343634,1022,0,27.615517,0.338180
"2026-07-13 15:43:23",0.343634,1022,0,27.615517,0.338180
"2026-07-13 15:43:23",0.343637,1022,0,27.615517,0.338180
"2026-07-13 15:43:24",0.343634,1022,0,27.610996,0.338180
"2026-07-13 15:43:24",0.343634,1023,0,27.615517,0.338180
"2026-07-13 15:43:24",0.343637,1023,0,27.615517,0.338180
"2026-07-13 15:43:24",0.343637,1023,0,27.615517,0.338180
"2026-07-13 15:43:24",0.343634,1023,0,27.615517,0.338180
"2026-07-13 15:43:25",0.343637,1024,0,27.615517,0.338180
"2026-07-13 15:43:25",0.343640,1024,0,27.615517,0.338180
"2026-07-13 15:43:25",0.343634,1023,0,27.615517,0.338180
"2026-07-13 15:43:25",0.343637,1024,0,27.615517,0.338180
"2026-07-13 15:43:25",0.343634,1024,0,27.615517,0.338180
"2026-07-13 15:43:26",0.343637,1024,0,27.615517,0.338180
"2026-07-13 15:43:26",0.343640,1024,0,27.615517,0.338180
"2026-07-13 15:43:26",0.343634,1024,0,27.615517,0.338180
"2026-07-13 15:43:26",0.343634,1024,0,27.615517,0.338180
"2026-07-13 15:43:26",0.343634,1024,0,27.615517,0.338180
"2026-07-13 15:43:27",0.343637,1025,0,27.615517,0.338180
"2026-07-13 15:43:27",0.343637,1025,0,27.538658,0.338180
"2026-07-13 15:43:27",0.343637,1025,0,27.615517,0.338180
"2026-07-13 15:43:27",0.343634,1025,0,27.615517,0.338180
"2026-07-13 15:43:27",0.343637,1025,0,27.615517,0.338180
"2026-07-13 15:43:28",0.343634,1025,0,27.615517,0.338180
"2026-07-13 15:43:28",0.343634,1025,0,27.615517,0.338180
"2026-07-13 15:43:28",0.343637,1025,0,27.615517,0.338180
"2026-07-13 15:43:28",0.343634,1025,0,27.615517,0.338180
"2026-07-13 15:43:28",0.343637,1025,0,27.615517,0.338180
"2026-07-13 15:43:29",0.343634,1026,0,27.615517,0.338180
"2026-07-13 15:43:29",0.343640,1026,0,27.615517,0.338180
"2026-07-13 15:43:29",0.343640,1026,0,27.615517,0.338180
"2026-07-13 15:43:29",0.343637,1026,0,27.615517,0.338180
"2026-07-13 15:43:29",0.343634,1026,0,27.615517,0.338180
"2026-07-13 15:43:30",0.343637,1027,0,27.601954,0.338180
"2026-07-13 15:43:30",0.343640,1027,0,27.615517,0.338180
"2026-07-13 15:43:30",0.343637,1027,0,27.615517,0.338180
"2026-07-13 15:43:30",0.343637,1027,0,27.615517,0.338180
"2026-07-13 15:43:30",0.343637,1027,0,27.615517,0.338180
"2026-07-13 15:43:31",0.343640,1026,0,27.615517,0.338180
"2026-07-13 15:43:31",0.343637,1026,0,27.601954,0.338180
"2026-07-13 15:43:31",0.343637,1027,0,27.615517,0.338180
"2026-07-13 15:43:31",0.343640,1027,0,27.615517,0.338180
"2026-07-13 15:43:31",0.343637,1027,0,27.615517,0.338180
"2026-07-13 15:43:32",0.343637,1027,0,27.615517,0.338180
"2026-07-13 15:43:32",0.343640,1027,0,27.615517,0.338180
"2026-07-13 15:43:32",0.343637,1027,0,27.615517,0.338180
"2026-07-13 15:43:32",0.343637,1028,0,27.615517,0.338180
"2026-07-13 15:43:32",0.343640,1028,0,27.615517,0.338180
"2026-07-13 15:43:33",0.343634,1028,0,27.588388,0.338180
"2026-07-13 15:43:33",0.343637,1027,0,27.615517,0.338180
"2026-07-13 15:43:33",0.343640,1028,0,27.615517,0.338180
"2026-07-13 15:43:33",0.343637,1028,0,27.615517,0.338180
"2026-07-13 15:43:33",0.343637,1028,0,27.615517,0.338180
"2026-07-13 15:43:34",0.343637,1028,0,27.615517,0.338180
"2026-07-13 15:43:34",0.343640,1028,0,27.615517,0.338180
"2026-07-13 15:43:34",0.343637,1028,0,27.615517,0.338180
"2026-07-13 15:43:34",0.343637,1029,0,27.615517,0.338180
"2026-07-13 15:43:34",0.343640,1028,0,27.615517,0.338180
"2026-07-13 15:43:35",0.343637,1028,0,27.615517,0.338180
"2026-07-13 15:43:35",0.343637,1028,0,27.615517,0.338180
"2026-07-13 15:43:35",0.343637,1028,0,27.615517,0.338180
"2026-07-13 15:43:35",0.343640,1028,0,27.615517,0.338180
"2026-07-13 15:43:35",0.343644,1028,0,27.615517,0.338180
"2026-07-13 15:43:36",0.343634,1028,0,27.615517,0.338180
"2026-07-13 15:43:36",0.343637,1028,0,27.615517,0.338180
"2026-07-13 15:43:36",0.343640,1028,0,27.615517,0.338180
"2026-07-13 15:43:36",0.343644,1029,0,27.615517,0.338180
"2026-07-13 15:43:36",0.343637,1028,0,27.615517,0.338180
"2026-07-13 15:43:37",0.343640,1028,0,27.615517,0.338180
"2026-07-13 15:43:37",0.343640,1028,0,27.615517,0.338180
"2026-07-13 15:43:37",0.343644,1028,0,27.615517,0.338180
"2026-07-13 15:43:37",0.343640,1028,0,27.615517,0.338180
"2026-07-13 15:43:37",0.343647,1028,0,27.615517,0.338180
"2026-07-13 15:43:38",0.343640,1028,0,27.615517,0.338180
"2026-07-13 15:43:38",0.343640,1028,0,27.615517,0.338180
"2026-07-13 15:43:38",0.343640,1028,0,27.615517,0.338180
"2026-07-13 15:43:38",0.343637,1028,0,27.615517,0.338180
"2026-07-13 15:43:38",0.343640,1028,0,27.615517,0.338180
"2026-07-13 15:43:39",0.343637,1028,0,27.615517,0.338180
"2026-07-13 15:43:39",0.343640,1028,0,27.615517,0.338180
"2026-07-13 15:43:39",0.345519,1028,10,27.606476,0.338180
"2026-07-13 15:43:39",0.346118,878,19,27.497965,0.338180
