导出时间,实时压力P1,瞬时流量M1,瞬时流量M2,温度T_R,压力P2_R,时间s
2026/7/11 10:22,0.000232,0,0,23.139524,0,0.2
2026/7/11 10:22,0.000236,0,0,23.139524,0,0.4
2026/7/11 10:22,0.000232,0,0,23.139524,0,0.6
2026/7/11 10:22,0.000236,0,0,23.139524,0,0.8
2026/7/11 10:22,0.000236,0,0,23.139524,0,1
2026/7/11 10:22,0.000232,0,0,23.139524,0,1.2
2026/7/11 10:22,0.000232,0,0,23.139524,0,1.4
2026/7/11 10:22,0.000232,0,0,23.139524,0,1.6
2026/7/11 10:22,0.000232,0,0,23.139524,0,1.8
2026/7/11 10:22,0.000236,0,0,23.139524,0,2
2026/7/11 10:22,0.000232,0,0,23.139524,0,2.2
2026/7/11 10:22,0.000232,0,0,23.139524,0,2.4
2026/7/11 10:22,0.000236,0,0,23.139524,0,2.6
2026/7/11 10:22,0.000236,0,0,23.139524,0,2.8
2026/7/11 10:22,0.000236,0,0,23.139524,0,3
2026/7/11 10:22,0.000232,0,0,23.139524,0,3.2
2026/7/11 10:22,0.000232,0,0,23.021975,0,3.4
2026/7/11 10:22,0.000236,0,0,23.139524,0,3.6
2026/7/11 10:22,0.000236,0,0,23.139524,0,3.8
2026/7/11 10:22,0.000236,0,0,23.139524,0,4
2026/7/11 10:22,0.000232,0,0,23.139524,0,4.2
2026/7/11 10:22,0.000232,0,0,23.139524,0,4.4
2026/7/11 10:22,0.000232,0,0,23.139524,0,4.6
2026/7/11 10:22,0.000232,0,0,23.139524,0,4.8
2026/7/11 10:22,0.000236,0,0,23.139524,0,5
2026/7/11 10:22,0.000236,0,0,23.139524,0,5.2
2026/7/11 10:22,0.000232,0,0,23.139524,0,5.4
2026/7/11 10:22,0.00032,0,0,23.139524,0,5.6
2026/7/11 10:22,0.000367,0,0,23.139524,0,5.8
2026/7/11 10:22,0.000387,1,0,23.139524,0,6
2026/7/11 10:22,0.000391,1,0,23.139524,0,6.2
2026/7/11 10:22,0.000391,0,0,23.139524,0,6.4
2026/7/11 10:22,0.000387,0,0,23.139524,0,6.6
2026/7/11 10:22,0.000391,1,0,23.139524,0,6.8
2026/7/11 10:22,0.000391,0,0,23.139524,0,7
2026/7/11 10:22,0.000391,0,0,23.139524,0,7.2
2026/7/11 10:22,0.000391,0,0,23.139524,0,7.4
2026/7/11 10:22,0.000391,0,0,23.139524,0,7.6
2026/7/11 10:22,0.000391,1,0,23.139524,0,7.8
2026/7/11 10:22,0.000391,1,0,23.139524,0,8
2026/7/11 10:22,0.000387,1,0,23.139524,0,8.2
2026/7/11 10:22,0.000387,1,0,23.139524,0,8.4
2026/7/11 10:22,0.000391,1,0,23.139524,0,8.6
2026/7/11 10:22,0.000391,1,0,23.139524,0,8.8
2026/7/11 10:22,0.000391,1,0,23.139524,0,9
2026/7/11 10:22,0.000387,1,0,23.139524,0,9.2
2026/7/11 10:22,0.000391,1,0,23.139524,0,9.4
2026/7/11 10:22,0.000391,1,0,23.139524,0,9.6
2026/7/11 10:22,0.000387,1,0,23.139524,0,9.8
2026/7/11 10:22,0.000391,1,0,23.139524,0,10
2026/7/11 10:22,0.000387,1,0,23.139524,0,10.2
2026/7/11 10:22,0.000391,1,0,23.139524,0,10.4
2026/7/11 10:22,0.000391,2,0,23.139524,0,10.6
2026/7/11 10:22,0.000391,2,0,23.139524,0,10.8
2026/7/11 10:22,0.000391,1,0,23.139524,0,11
2026/7/11 10:22,0.000391,2,0,23.139524,0,11.2
2026/7/11 10:22,0.000391,2,0,23.139524,0,11.4
2026/7/11 10:22,0.000391,2,0,23.139524,0,11.6
2026/7/11 10:22,0.000391,2,0,23.139524,0,11.8
2026/7/11 10:22,0.000387,2,0,23.139524,0,12
2026/7/11 10:22,0.000391,2,0,23.139524,0,12.2
2026/7/11 10:22,0.000387,2,0,23.139524,0,12.4
2026/7/11 10:22,0.000387,2,0,23.139524,0,12.6
2026/7/11 10:22,0.000394,2,0,23.139524,0,12.8
2026/7/11 10:22,0.000391,2,0,23.139524,0,13
2026/7/11 10:22,0.000391,2,0,23.139524,0,13.2
2026/7/11 10:22,0.000394,2,0,23.139524,0,13.4
2026/7/11 10:22,0.000391,2,0,23.139524,0,13.6
2026/7/11 10:22,0.000391,2,0,23.139524,0,13.8
2026/7/11 10:22,0.000391,2,0,23.139524,0,14
2026/7/11 10:22,0.000394,2,0,23.139524,0,14.2
2026/7/11 10:22,0.000391,2,0,23.139524,0,14.4
2026/7/11 10:22,0.000391,2,0,23.139524,0,14.6
2026/7/11 10:22,0.000391,2,0,23.139524,0,14.8
2026/7/11 10:22,0.000391,2,0,23.139524,0,15
2026/7/11 10:22,0.000391,2,0,23.125961,0,15.2
2026/7/11 10:22,0.000394,2,0,23.139524,0,15.4
2026/7/11 10:22,0.000391,2,0,23.139524,0,15.6
2026/7/11 10:22,0.000391,3,0,23.139524,0,15.8
2026/7/11 10:22,0.000394,3,0,23.139524,0,16
2026/7/11 10:22,0.000394,3,0,23.139524,0,16.2
2026/7/11 10:22,0.000387,3,0,23.139524,0,16.4
2026/7/11 10:22,0.000394,3,0,23.139524,0,16.6
2026/7/11 10:22,0.000391,3,0,23.139524,0,16.8
2026/7/11 10:22,0.000387,3,0,23.139524,0,17
2026/7/11 10:22,0.000387,3,0,23.139524,0,17.2
2026/7/11 10:22,0.000391,3,0,23.139524,0,17.4
2026/7/11 10:22,0.000391,3,0,23.139524,0,17.6
2026/7/11 10:22,0.000387,3,0,23.139524,0,17.8
2026/7/11 10:22,0.000387,3,0,23.139524,0,18
2026/7/11 10:22,0.000391,3,0,23.139524,0,18.2
2026/7/11 10:22,0.000391,3,0,23.139524,0,18.4
2026/7/11 10:22,0.000391,3,0,23.139524,0,18.6
2026/7/11 10:22,0.000391,3,0,23.139524,0,18.8
2026/7/11 10:22,0.000391,3,0,23.139524,0,19
2026/7/11 10:22,0.000391,3,0,23.139524,0,19.2
2026/7/11 10:22,0.000391,3,0,23.139524,0,19.4
2026/7/11 10:22,0.000387,3,0,23.139524,0,19.6
2026/7/11 10:22,0.000391,3,0,23.139524,0,19.8
2026/7/11 10:22,0.000394,4,0,23.139524,0,20
2026/7/11 10:22,0.000394,4,0,23.139524,0,20.2
2026/7/11 10:22,0.000394,4,0,23.139524,0,20.4
2026/7/11 10:22,0.000391,4,0,23.139524,0,20.6
2026/7/11 10:22,0.000391,4,0,23.139524,0,20.8
2026/7/11 10:22,0.000391,4,0,23.139524,0,21
2026/7/11 10:22,0.000387,4,0,23.139524,0,21.2
2026/7/11 10:22,0.000387,4,0,23.139524,0,21.4
2026/7/11 10:22,0.000391,4,0,23.139524,0,21.6
2026/7/11 10:22,0.000391,4,0,23.139524,0,21.8
2026/7/11 10:22,0.000394,4,0,23.139524,0,22
2026/7/11 10:22,0.000391,4,0,23.139524,0,22.2
2026/7/11 10:22,0.000391,4,0,23.139524,0,22.4
2026/7/11 10:22,0.000391,4,0,23.139524,0,22.6
2026/7/11 10:22,0.000394,4,0,23.139524,0,22.8
2026/7/11 10:22,0.000394,4,0,23.139524,0,23
2026/7/11 10:22,0.000394,4,0,23.135004,0,23.2
2026/7/11 10:22,0.000394,4,0,23.139524,0,23.4
2026/7/11 10:22,0.000397,4,0,23.139524,0,23.6
2026/7/11 10:22,0.000394,4,0,23.139524,0,23.8
2026/7/11 10:22,0.000394,4,0,23.139524,0,24
2026/7/11 10:22,0.000394,4,0,23.139524,0,24.2
2026/7/11 10:22,0.000394,4,0,23.139524,0,24.4
2026/7/11 10:22,0.000391,4,0,23.139524,0,24.6
2026/7/11 10:22,0.000394,4,0,23.139524,0,24.8
2026/7/11 10:22,0.000391,4,0,23.139524,0,25
2026/7/11 10:22,0.000394,4,0,23.139524,0,25.2
2026/7/11 10:22,0.000394,4,0,23.139524,0,25.4
2026/7/11 10:22,0.000391,4,0,23.139524,0,25.6
2026/7/11 10:22,0.000394,4,0,23.139524,0,25.8
2026/7/11 10:22,0.000391,4,0,23.139524,0,26
2026/7/11 10:22,0.000391,4,0,23.139524,0,26.2
2026/7/11 10:22,0.000387,4,0,23.139524,0,26.4
2026/7/11 10:22,0.000391,4,0,23.139524,0,26.6
2026/7/11 10:22,0.000394,4,0,23.139524,0,26.8
2026/7/11 10:22,0.000391,5,0,23.139524,0.00123,27
2026/7/11 10:22,0.005289,12,71,23.288723,0.147425,27.2
2026/7/11 10:22,0.02194,182,195,23.257074,0.167824,27.4
2026/7/11 10:22,0.038918,414,217,23.144045,0.165365,27.6
2026/7/11 10:22,0.046304,463,227,23.293245,0.162977,27.8
2026/7/11 10:22,0.068294,509,228,23.216385,0.162905,28
2026/7/11 10:22,0.075586,524,230,23.175694,0.162905,28.2
2026/7/11 10:22,0.092244,531,230,23.293245,0.162905,28.4
2026/7/11 10:22,0.099462,533,231,23.144045,0.162905,28.6
2026/7/11 10:22,0.121042,535,232,23.216385,0.162905,28.8
2026/7/11 10:22,0.128159,536,232,23.284203,0.162905,29
2026/7/11 10:22,0.144187,536,230,23.225426,0.162905,29.2
2026/7/11 10:22,0.151119,532,229,23.175694,0.165292,29.4
2026/7/11 10:22,0.171167,530,225,23.288723,0.165365,29.6
2026/7/11 10:22,0.177735,522,220,23.220905,0.165365,29.8
2026/7/11 10:22,0.193427,513,213,23.211864,0.165365,30
2026/7/11 10:22,0.199399,499,209,23.293245,0.165365,30.2
2026/7/11 10:22,0.215377,491,201,23.148567,0.165365,30.4
2026/7/11 10:22,0.225911,472,190,23.293245,0.166884,30.6
2026/7/11 10:22,0.233334,452,177,23.275162,0.167824,30.8
2026/7/11 10:22,0.237957,425,165,23.144045,0.167824,31
2026/7/11 10:22,0.248669,400,159,23.293245,0.167824,31.2
2026/7/11 10:22,0.257378,386,145,23.288723,0.168258,31.4
2026/7/11 10:22,0.262337,359,129,23.157608,0.170284,31.6
2026/7/11 10:22,0.265425,325,114,23.293245,0.170284,31.8
2026/7/11 10:22,0.272023,291,107,23.288723,0.170284,32
2026/7/11 10:22,0.276713,269,91,23.225426,0.170573,32.2
2026/7/11 10:22,0.279123,222,74,23.293245,0.171441,32.4
2026/7/11 10:22,0.281059,168,59,23.275162,0.172815,32.6
2026/7/11 10:22,0.28282,121,52,23.148567,0.172815,32.8
2026/7/11 10:22,0.2839,99,38,23.293245,0.173105,33
2026/7/11 10:22,0.284244,57,25,23.216385,0.174841,33.2
2026/7/11 10:22,0.284473,32,17,23.157608,0.175275,33.4
2026/7/11 10:22,0.284641,23,15,23.293245,0.175275,33.6
2026/7/11 10:22,0.284752,21,12,23.257074,0.175275,33.8
2026/7/11 10:22,0.284836,18,9,23.148567,0.175275,34
2026/7/11 10:22,0.284894,15,8,23.293245,0.1773,34.2
2026/7/11 10:22,0.284914,14,6,23.220905,0.177734,34.4
2026/7/11 10:22,0.284995,13,6,23.175694,0.177734,34.6
2026/7/11 10:22,0.285106,12,4,23.284203,0.177734,34.8
2026/7/11 10:22,0.285065,12,4,23.261597,0.178096,35
2026/7/11 10:22,0.285149,11,3,23.175694,0.180122,35.2
2026/7/11 10:22,0.285298,10,3,23.284203,0.180194,35.4
2026/7/11 10:22,0.285361,10,4,23.144045,0.180194,35.6
2026/7/11 10:22,0.285375,10,2,23.216385,0.180194,35.8
2026/7/11 10:22,0.285429,10,1,23.284203,0.180194,36
2026/7/11 10:22,0.285537,9,1,23.139524,0.180483,36.2
2026/7/11 10:22,0.285543,9,1,23.139524,0.182653,36.4
2026/7/11 10:22,0.285557,9,1,23.139524,0.182653,36.6
2026/7/11 10:22,0.285611,9,1,23.139524,0.182653,36.8
2026/7/11 10:22,0.285621,9,0,23.139524,0.182653,37
2026/7/11 10:22,0.285685,8,0,23.139524,0.183232,37.2
2026/7/11 10:22,0.285698,9,1,23.139524,0.185113,37.4
2026/7/11 10:22,0.285742,8,0,23.139524,0.185113,37.6
2026/7/11 10:22,0.285739,8,0,23.139524,0.185113,37.8
2026/7/11 10:22,0.285675,7,0,23.139524,0.185113,38
2026/7/11 10:22,0.285681,7,0,23.139524,0.185113,38.2
2026/7/11 10:22,0.285648,7,0,23.139524,0.185619,38.4
2026/7/11 10:22,0.285675,7,0,23.139524,0.187572,38.6
2026/7/11 10:22,0.285796,7,1,23.139524,0.187572,38.8
2026/7/11 10:22,0.285681,7,0,23.139524,0.187572,39
2026/7/11 10:22,0.285638,7,0,23.139524,0.187572,39.2
2026/7/11 10:22,0.285617,6,0,23.139524,0.187572,39.4
2026/7/11 10:22,0.285607,6,0,23.139524,0.189815,39.6
2026/7/11 10:22,0.285634,7,0,23.139524,0.190104,39.8
2026/7/11 10:22,0.2856,7,0,23.139524,0.190104,40
2026/7/11 10:22,0.285543,6,0,23.130482,0.190104,40.2
2026/7/11 10:22,0.285537,6,0,23.139524,0.190104,40.4
2026/7/11 10:22,0.285493,7,0,23.139524,0.190104,40.6
2026/7/11 10:22,0.285378,6,0,23.021975,0.191406,40.8
2026/7/11 10:22,0.28525,5,0,23.139524,0.190394,41
2026/7/11 10:22,0.285207,5,0,23.139524,0.192419,41.2
2026/7/11 10:22,0.285149,5,0,23.139524,0.192564,41.4
2026/7/11 10:22,0.285032,5,0,23.144045,0.192564,41.6
2026/7/11 10:22,0.284947,5,0,23.139524,0.192564,41.8
2026/7/11 10:22,0.284759,5,0,23.139524,0.192564,42
2026/7/11 10:22,0.284621,5,0,23.139524,0.192636,42.2
2026/7/11 10:22,0.28457,4,0,23.139524,0.195023,42.4
2026/7/11 10:22,0.284405,4,0,23.139524,0.193504,42.6
2026/7/11 10:22,0.284163,4,0,23.139524,0.195023,42.8
2026/7/11 10:22,0.284082,4,0,23.139524,0.195023,43
2026/7/11 10:22,0.284028,4,0,23.139524,0.195023,43.2
2026/7/11 10:22,0.283951,5,0,23.139524,0.195023,43.4
2026/7/11 10:22,0.283739,5,0,23.139524,0.195023,43.6
2026/7/11 10:22,0.283611,5,0,23.139524,0.195023,43.8
2026/7/11 10:22,0.283301,4,0,23.139524,0.19553,44
2026/7/11 10:22,0.283304,4,0,23.139524,0.195095,44.2
2026/7/11 10:22,0.283567,5,0,23.139524,0.197483,44.4
2026/7/11 10:22,0.283826,8,1,23.139524,0.197483,44.6
2026/7/11 10:22,0.284237,9,3,23.139524,0.197483,44.8
2026/7/11 10:22,0.284395,10,4,23.139524,0.197483,45
2026/7/11 10:22,0.2849,11,5,23.139524,0.197627,45.2
2026/7/11 10:22,0.285139,12,5,23.139524,0.198712,45.4
2026/7/11 10:22,0.285452,12,4,23.139524,0.199942,45.6
2026/7/11 10:22,0.285681,12,4,23.139524,0.199942,45.8
2026/7/11 10:22,0.285984,12,5,23.139524,0.199942,46
2026/7/11 10:22,0.286318,12,5,23.139524,0.200883,46.2
2026/7/11 10:22,0.286728,12,4,23.139524,0.201895,46.4
2026/7/11 10:22,0.28688,12,4,23.139524,0.202402,46.6
2026/7/11 10:22,0.287048,12,3,23.139524,0.202402,46.8
2026/7/11 10:22,0.287469,12,4,23.139524,0.202836,47
2026/7/11 10:22,0.287772,12,3,23.139524,0.203053,47.2
2026/7/11 10:22,0.287863,12,3,23.139524,0.203559,47.4
2026/7/11 10:22,0.288432,11,5,23.139524,0.204861,47.6
2026/7/11 10:22,0.288587,12,5,23.139524,0.204861,47.8
2026/7/11 10:22,0.288886,12,4,23.139524,0.204861,48
2026/7/11 10:23,0.289044,12,4,23.139524,0.204861,48.2
2026/7/11 10:23,0.289486,12,4,23.139524,0.205367,48.4
2026/7/11 10:23,0.28958,12,3,23.139524,0.206814,48.6
2026/7/11 10:23,0.289906,11,3,23.139524,0.207321,48.8
2026/7/11 10:23,0.290054,11,3,23.139524,0.207321,49
2026/7/11 10:23,0.290465,12,3,23.139524,0.207321,49.2
2026/7/11 10:23,0.290714,12,3,23.139524,0.207321,49.4
2026/7/11 10:23,0.290937,11,3,23.139524,0.207321,49.6
2026/7/11 10:23,0.291061,11,3,23.139524,0.207827,49.8
2026/7/11 10:23,0.291391,11,2,23.139524,0.209852,50
2026/7/11 10:23,0.291559,11,2,23.139524,0.209852,50.2
2026/7/11 10:23,0.291721,10,1,23.139524,0.209852,50.4
2026/7/11 10:23,0.291947,10,3,23.139524,0.209852,50.6
2026/7/11 10:23,0.292118,11,3,23.139524,0.209852,50.8
2026/7/11 10:23,0.292428,10,2,23.139524,0.211155,51
2026/7/11 10:23,0.29259,11,2,23.139524,0.212312,51.2
2026/7/11 10:23,0.292738,10,2,23.139524,0.212312,51.4
2026/7/11 10:23,0.292936,10,2,23.139524,0.212312,51.6
2026/7/11 10:23,0.293155,10,2,23.139524,0.212312,51.8
2026/7/11 10:23,0.293323,10,1,23.139524,0.212384,52
2026/7/11 10:23,0.293536,10,2,23.139524,0.212529,52.2
2026/7/11 10:23,0.293711,10,2,23.139524,0.212891,52.4
2026/7/11 10:23,0.294121,11,3,23.139524,0.213542,52.6
2026/7/11 10:23,0.294205,11,3,23.139524,0.214771,52.8
2026/7/11 10:23,0.294337,10,1,23.139524,0.214771,53
2026/7/11 10:23,0.294394,10,1,23.139524,0.214771,53.2
2026/7/11 10:23,0.294636,9,1,23.139524,0.21535,53.4
2026/7/11 10:23,0.294727,10,1,23.139524,0.214771,53.6
2026/7/11 10:23,0.294987,10,1,23.139524,0.21535,53.8
2026/7/11 10:23,0.295037,10,1,23.139524,0.217014,54
2026/7/11 10:23,0.295219,10,1,23.139524,0.216291,54.2
2026/7/11 10:23,0.295367,9,1,23.139524,0.217231,54.4
2026/7/11 10:23,0.295569,10,1,23.139524,0.217231,54.6
2026/7/11 10:23,0.295656,10,1,23.130482,0.217231,54.8
2026/7/11 10:23,0.295842,10,1,23.139524,0.217231,55
2026/7/11 10:23,0.295949,10,1,23.139524,0.217303,55.2
2026/7/11 10:23,0.296135,9,1,23.139524,0.219401,55.4
2026/7/11 10:23,0.296182,10,1,23.139524,0.219618,55.6
2026/7/11 10:23,0.296367,10,1,23.139524,0.21969,55.8
2026/7/11 10:23,0.296562,10,1,23.139524,0.21969,56
2026/7/11 10:23,0.296754,10,1,23.139524,0.21969,56.2
2026/7/11 10:23,0.296858,10,1,23.139524,0.21969,56.4
2026/7/11 10:23,0.296956,10,1,23.139524,0.21969,56.6
2026/7/11 10:23,0.297101,10,1,23.139524,0.22092,56.8
2026/7/11 10:23,0.297283,10,1,23.139524,0.220631,57
2026/7/11 10:23,0.29735,10,1,23.139524,0.219835,57.2
2026/7/11 10:23,0.297579,10,1,23.139524,0.22215,57.4
2026/7/11 10:23,0.297656,9,1,23.139524,0.22215,57.6
2026/7/11 10:23,0.297821,9,1,23.139524,0.22215,57.8
2026/7/11 10:23,0.297895,9,1,23.139524,0.22215,58
2026/7/11 10:23,0.298104,9,1,23.139524,0.22215,58.2
2026/7/11 10:23,0.298212,9,1,23.139524,0.22215,58.4
2026/7/11 10:23,0.29833,9,1,23.139524,0.222222,58.6
2026/7/11 10:23,0.298383,9,1,23.139524,0.222873,58.8
2026/7/11 10:23,0.298602,9,1,23.139524,0.224537,59
2026/7/11 10:23,0.298757,9,1,23.139524,0.224392,59.2
2026/7/11 10:23,0.298885,9,1,23.139524,0.224609,59.4
2026/7/11 10:23,0.298962,10,1,23.139524,0.224609,59.6
2026/7/11 10:23,0.299134,9,0,23.139524,0.224609,59.8
2026/7/11 10:23,0.299276,9,1,23.139524,0.224609,60
2026/7/11 10:23,0.299377,9,1,23.139524,0.224609,60.2
2026/7/11 10:23,0.299474,9,1,23.139524,0.224609,60.4
2026/7/11 10:23,0.299558,9,0,23.139524,0.224682,60.6
2026/7/11 10:23,0.29973,9,1,23.139524,0.226056,60.8
2026/7/11 10:23,0.299888,9,1,23.139524,0.227069,61
2026/7/11 10:23,0.300006,9,1,23.139524,0.22678,61.2
2026/7/11 10:23,0.300084,10,0,23.139524,0.227069,61.4
2026/7/11 10:23,0.300161,9,0,23.139524,0.227069,61.6
2026/7/11 10:23,0.300356,9,0,23.139524,0.227069,61.8
2026/7/11 10:23,0.300447,9,0,23.139524,0.227069,62
2026/7/11 10:23,0.300521,9,0,23.139524,0.227069,62.2
2026/7/11 10:23,0.300683,9,0,23.139524,0.227069,62.4
2026/7/11 10:23,0.300764,9,1,23.139524,0.227069,62.6
2026/7/11 10:23,0.300939,9,1,23.139524,0.227069,62.8
2026/7/11 10:23,0.300989,9,0,23.139524,0.227431,63
2026/7/11 10:23,0.30105,9,0,23.139524,0.22866,63.2
2026/7/11 10:23,0.301181,9,1,23.139524,0.229528,63.4
2026/7/11 10:23,0.301349,9,0,23.139524,0.229311,63.6
2026/7/11 10:23,0.30144,9,0,23.139524,0.229601,63.8
2026/7/11 10:23,0.301551,9,0,23.139524,0.229601,64
2026/7/11 10:23,0.301693,9,1,23.139524,0.229601,64.2
2026/7/11 10:23,0.301831,9,1,23.139524,0.229601,64.4
2026/7/11 10:23,0.301895,9,0,23.139524,0.229601,64.6
2026/7/11 10:23,0.301979,9,0,23.139524,0.229601,64.8
2026/7/11 10:23,0.302083,9,0,23.139524,0.230541,65
2026/7/11 10:23,0.302208,9,0,23.139524,0.230903,65.2
2026/7/11 10:23,0.302255,9,0,23.139524,0.229601,65.4
2026/7/11 10:23,0.302369,8,0,23.139524,0.231771,65.6
2026/7/11 10:23,0.302403,9,0,23.139524,0.229745,65.8
2026/7/11 10:23,0.302528,9,0,23.139524,0.230179,66
2026/7/11 10:23,0.302571,9,0,23.139524,0.231916,66.2
2026/7/11 10:23,0.30272,9,0,23.139524,0.23206,66.4
2026/7/11 10:23,0.302821,9,0,23.139524,0.23206,66.6
2026/7/11 10:23,0.302938,9,1,23.139524,0.23206,66.8
2026/7/11 10:23,0.303083,9,1,23.139524,0.23206,67
2026/7/11 10:23,0.303339,9,1,23.139524,0.23206,67.2
2026/7/11 10:23,0.30347,9,1,23.139524,0.23206,67.4
2026/7/11 10:23,0.303524,9,0,23.139524,0.23206,67.6
2026/7/11 10:23,0.303575,9,0,23.139524,0.23423,67.8
2026/7/11 10:23,0.303639,8,0,23.139524,0.23452,68
2026/7/11 10:23,0.30376,8,0,23.139524,0.232133,68.2
2026/7/11 10:23,0.303682,8,0,23.021975,0.234086,68.4
2026/7/11 10:23,0.303713,7,0,23.139524,0.233001,68.6
2026/7/11 10:23,0.303854,7,0,23.139524,0.234375,68.8
2026/7/11 10:23,0.303969,7,0,23.139524,0.23452,69
2026/7/11 10:23,0.304123,8,1,23.139524,0.23452,69.2
2026/7/11 10:23,0.304127,9,0,23.139524,0.23452,69.4
2026/7/11 10:23,0.304208,8,0,23.139524,0.23452,69.6
2026/7/11 10:23,0.304322,8,0,23.139524,0.23452,69.8
2026/7/11 10:23,0.304369,8,0,23.139524,0.23452,70
2026/7/11 10:23,0.304504,8,0,23.139524,0.23452,70.2
2026/7/11 10:23,0.304595,8,0,23.139524,0.23452,70.4
2026/7/11 10:23,0.304696,8,0,23.139524,0.23452,70.6
2026/7/11 10:23,0.304729,8,0,23.139524,0.235171,70.8
2026/7/11 10:23,0.304824,7,0,23.139524,0.23452,71
2026/7/11 10:23,0.304894,7,0,23.139524,0.236473,71.2
2026/7/11 10:23,0.305019,8,0,23.139524,0.236762,71.4
2026/7/11 10:23,0.305106,8,0,23.139524,0.236545,71.6
2026/7/11 10:23,0.305181,8,0,23.139524,0.236762,71.8
2026/7/11 10:23,0.305174,7,0,23.139524,0.236979,72
2026/7/11 10:23,0.305342,7,0,23.139524,0.236979,72.2
2026/7/11 10:23,0.305403,7,0,23.139524,0.236979,72.4
2026/7/11 10:23,0.305504,7,0,23.139524,0.236979,72.6
2026/7/11 10:23,0.305534,7,0,23.139524,0.236979,72.8
2026/7/11 10:23,0.305564,7,0,23.139524,0.236979,73
2026/7/11 10:23,0.305662,7,0,23.130482,0.236979,73.2
2026/7/11 10:23,0.305773,7,0,23.139524,0.236979,73.4
2026/7/11 10:23,0.305857,7,0,23.139524,0.236979,73.6
2026/7/11 10:23,0.305918,7,0,23.139524,0.237124,73.8
2026/7/11 10:23,0.305989,7,0,23.139524,0.23886,74
2026/7/11 10:23,0.306079,7,0,23.139524,0.237341,74.2
2026/7/11 10:23,0.30609,7,0,23.139524,0.237124,74.4
2026/7/11 10:23,0.306271,7,0,23.139524,0.237269,74.6
2026/7/11 10:23,0.306268,7,0,23.139524,0.239439,74.8
2026/7/11 10:23,0.306403,7,0,23.139524,0.239439,75
2026/7/11 10:23,0.306419,7,0,23.139524,0.239005,75.2
2026/7/11 10:23,0.306591,7,0,23.139524,0.239439,75.4
2026/7/11 10:23,0.306655,7,0,23.139524,0.239439,75.6
2026/7/11 10:23,0.306716,7,0,23.139524,0.239439,75.8
2026/7/11 10:23,0.306716,7,0,23.139524,0.239439,76
2026/7/11 10:23,0.3068,6,0,23.139524,0.239439,76.2
2026/7/11 10:23,0.306928,6,0,23.139524,0.239439,76.4
2026/7/11 10:23,0.307052,7,0,23.139524,0.239439,76.6
2026/7/11 10:23,0.307123,7,0,23.139524,0.239439,76.8
2026/7/11 10:23,0.30713,7,0,23.139524,0.239439,77
2026/7/11 10:23,0.306847,6,0,23.139524,0.239439,77.2
2026/7/11 10:23,0.30614,4,0,23.139524,0.239439,77.4
2026/7/11 10:23,0.304948,0,0,23.139524,0.237052,77.6
2026/7/11 10:23,0.298949,0,0,23.139524,0.21535,77.8
2026/7/11 10:23,0.286486,0,0,23.139524,0.195674,78
2026/7/11 10:23,0.276669,0,0,23.139524,0.185764,78.2
2026/7/11 10:23,0.264017,0,0,23.139524,0.182798,78.4
2026/7/11 10:23,0.258708,0,0,23.139524,0.180339,78.6
2026/7/11 10:23,0.247292,0,0,23.139524,0.180194,78.8
2026/7/11 10:23,0.239401,0,0,23.139524,0.177734,79
2026/7/11 10:23,0.229382,0,0,23.139524,0.175275,79.2
2026/7/11 10:23,0.225288,0,0,23.139524,0.172815,79.4
2026/7/11 10:23,0.215663,0,0,23.139524,0.170284,79.6
2026/7/11 10:23,0.21025,0,0,23.139524,0.169343,79.8
2026/7/11 10:23,0.202533,0,0,23.139524,0.167824,80
2026/7/11 10:23,0.199399,0,0,23.139524,0.165365,80.2
2026/7/11 10:23,0.194875,0,0,23.139524,0.163845,80.4
2026/7/11 10:23,0.187986,0,0,23.139524,0.161097,80.6
2026/7/11 10:23,0.182213,0,0,23.139524,0.160446,80.8
2026/7/11 10:23,0.17987,0,0,23.139524,0.158203,81
2026/7/11 10:23,0.176129,0,0,23.139524,0.156756,81.2
2026/7/11 10:23,0.171585,0,0,23.139524,0.155527,81.4
2026/7/11 10:23,0.167538,0,0,23.139524,0.153646,81.6
2026/7/11 10:23,0.165929,0,0,23.139524,0.153067,81.8
2026/7/11 10:23,0.161609,0,0,23.139524,0.151186,82
2026/7/11 10:23,0.1603,0,0,23.139524,0.148582,82.2
2026/7/11 10:23,0.157697,0,0,23.139524,0.148076,82.4
2026/7/11 10:23,0.15665,0,0,23.139524,0.148076,82.6
2026/7/11 10:23,0.153698,0,0,23.139524,0.145616,82.8
2026/7/11 10:23,0.151897,0,0,23.139524,0.143663,83
2026/7/11 10:23,0.150611,0,0,23.139524,0.143157,83.2
2026/7/11 10:23,0.149776,0,0,23.139524,0.141493,83.4
2026/7/11 10:23,0.147786,0,0,23.139524,0.140697,83.6
2026/7/11 10:23,0.146039,0,0,23.139524,0.13831,83.8
2026/7/11 10:23,0.144938,0,0,23.139524,0.138238,84
2026/7/11 10:23,0.143864,0,0,23.139524,0.135923,84.2
2026/7/11 10:23,0.142464,0,0,23.139524,0.135561,84.4
2026/7/11 10:23,0.140898,0,0,23.139524,0.133391,84.6
2026/7/11 10:23,0.139757,0,0,23.139524,0.133319,84.8
2026/7/11 10:23,0.138915,0,0,23.139524,0.130859,85
2026/7/11 10:23,0.137633,0,0,23.139524,0.130787,85.2
2026/7/11 10:23,0.136205,0,0,23.139524,0.128545,85.4
2026/7/11 10:23,0.135151,0,0,23.139524,0.128328,85.6
2026/7/11 10:23,0.134367,0,0,23.139524,0.126157,85.8
2026/7/11 10:23,0.133162,0,0,23.139524,0.125868,86
2026/7/11 10:23,0.131815,0,0,23.139524,0.125868,86.2
2026/7/11 10:23,0.130835,0,0,23.139524,0.123409,86.4
2026/7/11 10:23,0.129533,0,0,23.139524,0.123409,86.6
2026/7/11 10:23,0.12897,0,0,23.139524,0.1216,86.8
2026/7/11 10:23,0.127587,0,0,23.139524,0.120949,87
2026/7/11 10:23,0.126765,0,0,23.139524,0.120949,87.2
2026/7/11 10:23,0.12553,0,0,23.139524,0.11849,87.4
2026/7/11 10:23,0.124998,0,0,23.139524,0.11849,87.6
2026/7/11 10:23,0.124207,0,0,23.139524,0.11726,87.8
2026/7/11 10:23,0.122914,0,0,23.139524,0.11603,88
2026/7/11 10:23,0.121736,0,0,23.139524,0.11603,88.2
2026/7/11 10:23,0.121231,0,0,23.139524,0.113498,88.4
2026/7/11 10:23,0.119726,0,0,23.139524,0.113498,88.6
2026/7/11 10:23,0.119238,0,0,23.139524,0.113498,88.8
2026/7/11 10:23,0.118113,0,0,23.139524,0.111183,89
2026/7/11 10:23,0.117625,0,0,23.139524,0.111039,89.2
2026/7/11 10:23,0.116181,0,0,23.139524,0.10923,89.4
2026/7/11 10:23,0.115709,0,0,23.139524,0.108579,89.6
2026/7/11 10:23,0.114545,0,0,23.139524,0.106771,89.8
2026/7/11 10:23,0.114077,0,0,23.139524,0.107567,90
2026/7/11 10:23,0.112797,0,0,23.139524,0.10612,90.2
2026/7/11 10:23,0.111898,0,0,23.139524,0.10612,90.4
2026/7/11 10:23,0.111225,0,0,23.139524,0.10612,90.6
2026/7/11 10:23,0.110791,0,0,23.139524,0.10366,90.8
2026/7/11 10:23,0.109697,0,0,23.139524,0.10366,91
2026/7/11 10:23,0.108704,0,0,23.139524,0.103516,91.2
2026/7/11 10:23,0.107976,0,0,23.139524,0.101201,91.4
2026/7/11 10:23,0.107431,0,0,23.139524,0.101201,91.6
2026/7/11 10:23,0.106603,0,0,23.139524,0.09932,91.8
2026/7/11 10:23,0.10567,0,0,23.139524,0.099392,92
2026/7/11 10:23,0.10499,0,0,23.139524,0.098741,92.2
2026/7/11 10:23,0.104478,0,0,23.139524,0.097367,92.4
2026/7/11 10:23,0.103687,0,0,23.139524,0.096354,92.6
2026/7/11 10:23,0.102815,0,0,23.139524,0.096282,92.8
2026/7/11 10:23,0.102179,0,0,23.139524,0.096282,93
2026/7/11 10:23,0.101337,0,0,23.139524,0.095052,93.2
2026/7/11 10:23,0.100977,0,0,23.139524,0.096209,93.4
2026/7/11 10:23,0.100082,0,0,23.139524,0.09375,93.6
2026/7/11 10:23,0.09956,0,0,23.139524,0.09375,93.8
2026/7/11 10:23,0.098765,0,0,23.139524,0.091363,94
2026/7/11 10:23,0.098429,0,0,23.139524,0.091435,94.2
2026/7/11 10:23,0.097934,0,0,23.139524,0.091291,94.4
2026/7/11 10:23,0.097122,0,0,23.139524,0.091291,94.6
2026/7/11 10:23,0.096392,0,0,23.139524,0.091291,94.8
2026/7/11 10:23,0.096075,0,0,23.139524,0.089554,95
2026/7/11 10:23,0.095143,0,0,23.139524,0.088831,95.2
2026/7/11 10:23,0.094847,0,0,23.139524,0.088831,95.4
2026/7/11 10:23,0.09416,0,0,23.139524,0.088831,95.6
2026/7/11 10:23,0.09386,0,0,23.139524,0.086733,95.8
2026/7/11 10:23,0.093005,0,0,23.139524,0.087601,96
2026/7/11 10:23,0.092433,0,0,23.139524,0.086372,96.2
2026/7/11 10:23,0.092025,0,0,23.139524,0.086372,96.4
2026/7/11 10:23,0.091749,0,0,23.139524,0.086372,96.6
2026/7/11 10:23,0.091083,0,0,23.139524,0.085142,96.8
2026/7/11 10:23,0.090484,0,0,23.139524,0.083912,97
2026/7/11 10:23,0.090103,0,0,23.139524,0.083912,97.2
2026/7/11 10:23,0.089729,0,0,23.139524,0.083912,97.4
2026/7/11 10:23,0.089235,0,0,23.139524,0.083912,97.6
2026/7/11 10:23,0.088689,0,0,23.139524,0.083912,97.8
2026/7/11 10:23,0.088289,0,0,23.139524,0.081959,98
2026/7/11 10:23,0.087767,0,0,23.139524,0.081453,98.2
2026/7/11 10:23,0.087548,0,0,23.139524,0.081453,98.4
2026/7/11 10:23,0.087033,0,0,23.139524,0.081453,98.6
2026/7/11 10:23,0.086659,0,0,23.139524,0.081453,98.8
2026/7/11 10:23,0.086181,0,0,23.139524,0.081453,99
2026/7/11 10:23,0.085976,0,0,23.139524,0.079572,99.2
2026/7/11 10:23,0.085471,0,0,23.139524,0.078993,99.4
2026/7/11 10:23,0.085178,0,0,23.139524,0.078993,99.6
2026/7/11 10:23,0.084737,0,0,23.139524,0.078993,99.8
2026/7/11 10:23,0.084552,0,0,23.139524,0.078993,100
2026/7/11 10:23,0.084232,0,0,23.139524,0.078993,100.2
2026/7/11 10:23,0.083828,0,0,23.139524,0.078848,100.4
2026/7/11 10:23,0.083427,0,0,23.139524,0.076751,100.6
2026/7/11 10:23,0.083259,0,0,23.139524,0.076678,100.8
2026/7/11 10:23,0.082767,0,0,23.139524,0.076606,101
2026/7/11 10:23,0.082609,0,0,23.139524,0.076534,101.2
2026/7/11 10:23,0.082225,0,0,23.139524,0.076534,101.4
2026/7/11 10:23,0.08207,0,0,23.139524,0.076534,101.6
2026/7/11 10:23,0.08166,0,0,23.139524,0.076534,101.8
2026/7/11 10:23,0.08138,0,0,23.139524,0.076534,102
2026/7/11 10:23,0.081175,0,0,23.139524,0.076534,102.2
2026/7/11 10:23,0.080973,0,0,23.139524,0.076389,102.4
2026/7/11 10:23,0.080707,0,0,23.139524,0.074291,102.6
2026/7/11 10:23,0.080418,0,0,23.139524,0.074942,102.8
2026/7/11 10:23,0.080212,0,0,23.139524,0.074002,103
2026/7/11 10:23,0.080057,0,0,23.139524,0.074002,103.2
2026/7/11 10:23,0.079828,0,0,23.139524,0.074002,103.4
2026/7/11 10:23,0.079559,0,0,23.130482,0.074002,103.6
2026/7/11 10:23,0.079384,0,0,23.139524,0.074002,103.8
2026/7/11 10:23,0.079152,0,0,23.139524,0.074002,104
2026/7/11 10:23,0.079054,0,0,23.139524,0.074002,104.2
2026/7/11 10:23,0.078815,0,0,23.139524,0.073712,104.4
2026/7/11 10:23,0.07868,0,0,23.139524,0.074002,104.6
2026/7/11 10:23,0.078478,0,0,23.139524,0.073857,104.8
2026/7/11 10:23,0.078404,0,0,23.139524,0.073785,105
2026/7/11 10:23,0.07828,0,0,23.139524,0.073423,105.2
2026/7/11 10:23,0.078084,0,0,23.139524,0.071542,105.4
2026/7/11 10:23,0.077923,0,0,23.139524,0.071542,105.6
2026/7/11 10:23,0.077845,0,0,23.139524,0.071542,105.8
2026/7/11 10:23,0.077643,0,0,23.139524,0.071542,106
2026/7/11 10:23,0.077586,0,0,23.139524,0.071542,106.2
2026/7/11 10:23,0.077448,0,0,23.139524,0.071542,106.4
2026/7/11 10:23,0.077388,0,0,23.139524,0.071542,106.6
2026/7/11 10:23,0.077388,0,0,23.139524,0.071542,106.8
2026/7/11 10:23,0.077142,0,0,23.139524,0.071542,107
2026/7/11 10:23,0.077061,0,0,23.139524,0.071542,107.2
2026/7/11 10:23,0.077004,0,0,23.139524,0.071542,107.4
2026/7/11 10:23,0.07692,0,0,23.139524,0.071542,107.6
2026/7/11 10:23,0.076829,0,0,23.139524,0.071542,107.8
2026/7/11 10:23,0.076768,0,0,23.139524,0.071542,108
2026/7/11 10:24,0.076684,0,0,23.139524,0.071542,108.2
2026/7/11 10:24,0.076654,0,0,23.139524,0.071542,108.4
2026/7/11 10:24,0.076607,0,0,23.139524,0.071542,108.6
2026/7/11 10:24,0.076532,0,0,23.139524,0.071542,108.8
2026/7/11 10:24,0.076472,0,0,23.139524,0.071542,109
2026/7/11 10:24,0.076452,0,0,23.139524,0.071542,109.2
2026/7/11 10:24,0.076408,0,0,23.139524,0.071542,109.4
2026/7/11 10:24,0.076357,0,0,23.139524,0.071542,109.6
2026/7/11 10:24,0.076304,0,0,23.139524,0.071542,109.8
2026/7/11 10:24,0.07628,0,0,23.139524,0.071542,110
2026/7/11 10:24,0.076226,0,0,23.139524,0.071542,110.2
2026/7/11 10:24,0.076213,0,0,23.139524,0.070168,110.4
2026/7/11 10:24,0.076169,0,0,23.139524,0.071542,110.6
2026/7/11 10:24,0.076149,0,0,23.139524,0.070964,110.8
2026/7/11 10:24,0.076102,0,0,23.139524,0.071542,111
2026/7/11 10:24,0.076075,0,0,23.139524,0.071542,111.2
2026/7/11 10:24,0.076048,0,0,23.139524,0.069734,111.4
2026/7/11 10:24,0.076027,0,0,23.139524,0.07147,111.6
2026/7/11 10:24,0.075997,0,0,23.139524,0.070312,111.8
2026/7/11 10:24,0.075974,0,0,23.139524,0.071325,112
2026/7/11 10:24,0.075953,0,0,23.139524,0.07147,112.2
2026/7/11 10:24,0.075933,0,0,23.139524,0.071108,112.4
2026/7/11 10:24,0.075916,0,0,23.139524,0.071542,112.6
2026/7/11 10:24,0.075886,0,0,23.139524,0.069661,112.8
2026/7/11 10:24,0.075873,0,0,23.139524,0.071398,113
2026/7/11 10:24,0.075839,0,0,23.139524,0.070457,113.2
2026/7/11 10:24,0.075825,0,0,23.139524,0.0693,113.4
2026/7/11 10:24,0.075805,0,0,23.139524,0.069083,113.6
2026/7/11 10:24,0.075792,0,0,23.139524,0.071542,113.8
2026/7/11 10:24,0.075765,0,0,23.139524,0.069589,114
2026/7/11 10:24,0.075758,0,0,23.139524,0.070168,114.2
2026/7/11 10:24,0.075735,0,0,23.139524,0.069734,114.4
2026/7/11 10:24,0.075718,0,0,23.139524,0.069155,114.6
2026/7/11 10:24,0.075694,0,0,23.139524,0.069155,114.8
2026/7/11 10:24,0.075687,0,0,23.139524,0.069444,115
2026/7/11 10:24,0.075664,0,0,23.139524,0.069589,115.2
2026/7/11 10:24,0.075654,0,0,23.139524,0.0693,115.4
2026/7/11 10:24,0.075634,0,0,23.139524,0.069589,115.6
2026/7/11 10:24,0.075627,0,0,23.139524,0.069083,115.8
2026/7/11 10:24,0.075607,0,0,23.139524,0.069589,116
2026/7/11 10:24,0.075586,0,0,23.139524,0.069083,116.2
2026/7/11 10:24,0.075583,0,0,23.139524,0.069083,116.4
2026/7/11 10:24,0.075563,0,0,23.139524,0.069083,116.6
2026/7/11 10:24,0.075549,0,0,23.139524,0.071325,116.8
2026/7/11 10:24,0.075536,0,0,23.139524,0.069083,117
2026/7/11 10:24,0.075526,0,0,23.139524,0.069444,117.2
2026/7/11 10:24,0.075509,0,0,23.139524,0.069083,117.4
2026/7/11 10:24,0.075499,0,0,23.130482,0.069155,117.6
2026/7/11 10:24,0.075479,0,0,23.139524,0.069227,117.8
2026/7/11 10:24,0.075472,0,0,23.139524,0.069083,118
2026/7/11 10:24,0.075452,0,0,23.139524,0.070964,118.2
2026/7/11 10:24,0.075448,0,0,23.139524,0.069227,118.4
2026/7/11 10:24,0.075428,0,0,23.139524,0.071036,118.6
2026/7/11 10:24,0.075422,0,0,23.139524,0.069083,118.8
2026/7/11 10:24,0.075408,0,0,23.139524,0.069083,119
2026/7/11 10:24,0.075398,0,0,23.139524,0.069589,119.2
2026/7/11 10:24,0.075384,0,0,23.139524,0.070964,119.4
2026/7/11 10:24,0.075371,0,0,23.139524,0.069083,119.6
2026/7/11 10:24,0.075361,0,0,23.139524,0.069083,119.8
2026/7/11 10:24,0.075351,0,0,23.139524,0.069083,120
2026/7/11 10:24,0.075337,0,0,23.139524,0.070312,120.2
2026/7/11 10:24,0.075331,0,0,23.139524,0.069227,120.4
2026/7/11 10:24,0.075321,0,0,23.139524,0.069155,120.6
2026/7/11 10:24,0.075307,0,0,23.139524,0.069083,120.8
2026/7/11 10:24,0.085952,15,16,23.139524,0.166884,121
2026/7/11 10:24,0.100832,83,163,23.139524,0.185836,121.2
2026/7/11 10:24,0.111828,345,222,23.139524,0.185113,121.4
2026/7/11 10:24,0.12285,458,226,23.139524,0.185547,121.6
2026/7/11 10:24,0.137266,499,227,23.139524,0.185619,121.8
2026/7/11 10:24,0.153459,508,226,23.139524,0.187572,122
2026/7/11 10:24,0.165144,509,224,23.139524,0.187572,122.2
2026/7/11 10:24,0.173901,505,221,23.139524,0.190032,122.4
2026/7/11 10:24,0.187269,498,216,23.139524,0.190032,122.6
2026/7/11 10:24,0.201779,490,214,23.288723,0.190104,122.8
2026/7/11 10:24,0.211994,479,207,23.220905,0.190177,123
2026/7/11 10:24,0.225049,472,199,23.293245,0.192564,123.2
2026/7/11 10:24,0.230453,455,188,23.293245,0.192564,123.4
2026/7/11 10:24,0.24307,436,178,23.257074,0.192708,123.6
2026/7/11 10:24,0.249992,410,172,23.175694,0.195023,123.8
2026/7/11 10:24,0.259853,386,160,23.293245,0.195023,124
2026/7/11 10:24,0.263741,374,145,23.220905,0.19741,124.2
2026/7/11 10:24,0.269256,348,132,23.175694,0.197483,124.4
2026/7/11 10:24,0.277228,320,118,23.293245,0.197483,124.6
2026/7/11 10:24,0.283328,279,110,23.257074,0.198929,124.8
2026/7/11 10:24,0.28557,256,95,23.216385,0.199942,125
2026/7/11 10:24,0.291017,212,79,23.284203,0.199942,125.2
2026/7/11 10:24,0.292381,166,65,23.16213,0.201895,125.4
2026/7/11 10:24,0.294764,115,50,23.216385,0.202402,125.6
2026/7/11 10:24,0.295478,71,44,23.288723,0.202402,125.8
2026/7/11 10:24,0.296764,51,32,23.144045,0.20298,126
2026/7/11 10:24,0.297148,30,22,23.293245,0.204789,126.2
2026/7/11 10:24,0.297384,21,16,23.275162,0.204861,126.4
2026/7/11 10:24,0.297505,15,13,23.157608,0.204861,126.6
2026/7/11 10:24,0.297814,12,12,23.216385,0.205006,126.8
2026/7/11 10:24,0.298124,10,11,23.284203,0.207321,127
2026/7/11 10:24,0.298232,9,10,23.157608,0.207321,127.2
2026/7/11 10:24,0.29836,8,8,23.293245,0.207321,127.4
2026/7/11 10:24,0.298575,7,8,23.257074,0.207321,127.6
2026/7/11 10:24,0.298824,6,8,23.148567,0.209852,127.8
2026/7/11 10:24,0.298993,5,7,23.293245,0.20855,128
2026/7/11 10:24,0.299185,5,5,23.257074,0.209852,128.2
2026/7/11 10:24,0.299309,5,6,23.175694,0.209852,128.4
2026/7/11 10:24,0.299575,4,5,23.293245,0.21101,128.6
2026/7/11 10:24,0.299737,4,5,23.275162,0.212312,128.8
2026/7/11 10:24,0.299922,4,4,23.216385,0.212312,129
2026/7/11 10:24,0.300009,4,4,23.288723,0.213252,129.2
2026/7/11 10:24,0.300168,4,4,23.220905,0.212601,129.4
2026/7/11 10:24,0.300417,3,3,23.144045,0.214771,129.6
2026/7/11 10:24,0.300592,3,3,23.288723,0.214771,129.8
2026/7/11 10:24,0.300659,2,3,23.284203,0.216001,130
2026/7/11 10:24,0.300939,2,2,23.216385,0.214844,130.2
2026/7/11 10:24,0.301043,3,3,23.288723,0.216942,130.4
2026/7/11 10:24,0.301191,2,1,23.257074,0.217231,130.6
2026/7/11 10:24,0.301279,2,2,23.157608,0.217231,130.8
2026/7/11 10:24,0.301484,2,1,23.293245,0.217231,131
2026/7/11 10:24,0.301646,2,2,23.220905,0.21781,131.2
2026/7/11 10:24,0.30175,2,2,23.216385,0.21969,131.4
2026/7/11 10:24,0.301821,2,1,23.288723,0.21969,131.6
2026/7/11 10:24,0.301999,2,1,23.144045,0.21969,131.8
2026/7/11 10:24,0.302322,2,1,23.293245,0.221499,132
2026/7/11 10:24,0.302393,2,2,23.284203,0.219763,132.2
2026/7/11 10:24,0.302518,2,1,23.220905,0.220269,132.4
2026/7/11 10:24,0.302561,1,0,23.216385,0.221933,132.6
2026/7/11 10:24,0.302693,1,0,23.288723,0.22215,132.8
2026/7/11 10:24,0.302777,1,0,23.144045,0.22215,133
2026/7/11 10:24,0.302942,1,1,23.288723,0.22338,133.2
2026/7/11 10:24,0.303093,1,1,23.275162,0.224609,133.4
2026/7/11 10:24,0.30315,1,0,23.225426,0.224609,133.6
2026/7/11 10:24,0.303241,1,0,23.293245,0.224609,133.8
2026/7/11 10:24,0.303262,1,1,23.275162,0.224609,134
2026/7/11 10:24,0.303352,1,0,23.225426,0.224609,134.2
2026/7/11 10:24,0.30343,0,0,23.293245,0.225767,134.4
2026/7/11 10:24,0.303551,0,0,23.284203,0.225911,134.6
2026/7/11 10:24,0.303652,1,0,23.157608,0.227069,134.8
2026/7/11 10:24,0.303662,0,0,23.293245,0.227069,135
2026/7/11 10:24,0.303746,0,0,23.275162,0.227069,135.2
2026/7/11 10:24,0.303787,0,0,23.157608,0.227069,135.4
2026/7/11 10:24,0.303824,0,0,23.293245,0.229456,135.6
2026/7/11 10:24,0.303807,0,0,23.257074,0.229528,135.8
2026/7/11 10:24,0.303874,0,0,23.216385,0.229601,136
2026/7/11 10:24,0.303985,0,0,23.293245,0.229601,136.2
2026/7/11 10:24,0.304093,0,0,23.220905,0.229601,136.4
2026/7/11 10:24,0.304043,0,0,23.175694,0.229601,136.6
2026/7/11 10:24,0.304016,0,0,23.288723,0.229601,136.8
2026/7/11 10:24,0.304033,0,0,23.284203,0.229745,137
2026/7/11 10:24,0.303992,0,0,23.175694,0.231843,137.2
2026/7/11 10:24,0.304016,0,0,23.284203,0.23206,137.4
2026/7/11 10:24,0.303958,0,0,23.144045,0.23206,137.6
2026/7/11 10:24,0.303992,0,0,23.175694,0.23206,137.8
2026/7/11 10:24,0.303989,0,0,23.288723,0.23206,138
2026/7/11 10:24,0.303918,0,0,23.144045,0.23206,138.2
2026/7/11 10:24,0.303891,0,0,23.175694,0.23206,138.4
2026/7/11 10:24,0.303787,0,0,23.288723,0.232133,138.6
2026/7/11 10:24,0.3038,0,0,23.144045,0.23452,138.8
2026/7/11 10:24,0.303723,0,0,23.175694,0.234303,139
2026/7/11 10:24,0.303689,0,0,23.293245,0.234447,139.2
2026/7/11 10:24,0.303511,0,0,23.266119,0.23452,139.4
2026/7/11 10:24,0.30346,0,0,23.175694,0.23452,139.6
2026/7/11 10:24,0.303521,0,0,23.288723,0.23452,139.8
2026/7/11 10:24,0.303504,0,0,23.144045,0.23452,140
2026/7/11 10:24,0.3034,0,0,23.216385,0.23452,140.2
2026/7/11 10:24,0.303315,0,0,23.288723,0.23452,140.4
2026/7/11 10:24,0.303083,0,0,23.261597,0.23452,140.6
2026/7/11 10:24,0.302831,0,0,23.175694,0.235532,140.8
2026/7/11 10:24,0.302831,0,0,23.275162,0.236979,141
2026/7/11 10:24,0.302709,0,0,23.144045,0.236979,141.2
2026/7/11 10:24,0.302555,0,0,23.175694,0.236762,141.4
2026/7/11 10:24,0.302373,0,0,23.284203,0.236979,141.6
2026/7/11 10:24,0.302319,0,0,23.157608,0.236979,141.8
2026/7/11 10:24,0.302252,0,0,23.216385,0.236979,142
2026/7/11 10:24,0.302437,0,0,23.275162,0.236979,142.2
2026/7/11 10:24,0.302784,0,1,23.257074,0.236979,142.4
2026/7/11 10:24,0.302959,2,2,23.175694,0.237124,142.6
2026/7/11 10:24,0.303467,2,4,23.293245,0.237124,142.8
2026/7/11 10:24,0.303676,3,4,23.220905,0.239366,143
2026/7/11 10:24,0.30407,3,4,23.216385,0.239439,143.2
2026/7/11 10:24,0.304218,3,3,23.284203,0.239439,143.4
2026/7/11 10:24,0.304628,3,3,23.148567,0.239439,143.6
2026/7/11 10:24,0.305019,3,4,23.216385,0.240668,143.8
2026/7/11 10:24,0.305218,3,4,23.284203,0.241392,144
2026/7/11 10:24,0.305446,3,3,23.175694,0.240958,144.2
2026/7/11 10:24,0.305746,3,4,23.293245,0.241898,144.4
2026/7/11 10:24,0.306032,3,4,23.284203,0.241898,144.6
2026/7/11 10:24,0.306248,3,2,23.175694,0.241898,144.8
2026/7/11 10:24,0.306638,2,3,23.288723,0.241898,145
2026/7/11 10:24,0.306904,3,6,23.293245,0.244285,145.2
2026/7/11 10:24,0.307352,4,6,23.293245,0.243417,145.4
2026/7/11 10:24,0.307557,4,5,23.370106,0.244358,145.6
2026/7/11 10:24,0.307847,3,3,23.293245,0.244358,145.8
2026/7/11 10:24,0.307998,3,3,23.293245,0.244358,146
2026/7/11 10:24,0.30816,3,2,23.379148,0.244358,146.2
2026/7/11 10:24,0.308537,2,3,23.293245,0.244358,146.4
2026/7/11 10:24,0.308729,2,3,23.302288,0.244647,146.6
2026/7/11 10:24,0.308843,2,1,23.428881,0.246817,146.8
2026/7/11 10:24,0.309247,2,3,23.293245,0.246889,147
2026/7/11 10:24,0.309318,2,2,23.302288,0.246889,147.2
2026/7/11 10:24,0.309631,2,3,23.370106,0.246889,147.4
2026/7/11 10:24,0.309678,2,1,23.293245,0.246889,147.6
2026/7/11 10:24,0.309951,2,1,23.302288,0.246889,147.8
2026/7/11 10:24,0.310163,2,1,23.370106,0.246889,148
2026/7/11 10:24,0.310389,2,2,23.293245,0.248047,148.2
2026/7/11 10:24,0.310523,2,2,23.297766,0.249349,148.4
2026/7/11 10:24,0.310816,2,3,23.370106,0.249349,148.6
2026/7/11 10:24,0.311075,2,3,23.293245,0.249349,148.8
2026/7/11 10:24,0.311237,2,2,23.320372,0.249349,149
2026/7/11 10:24,0.311537,2,1,23.333935,0.249349,149.2
2026/7/11 10:24,0.311749,2,4,23.293245,0.249349,149.4
2026/7/11 10:24,0.312062,3,3,23.324894,0.25123,149.6
2026/7/11 10:24,0.312183,2,2,23.428881,0.25123,149.8
2026/7/11 10:24,0.312372,2,1,23.293245,0.251808,150
2026/7/11 10:24,0.312489,2,1,23.311331,0.250579,150.2
2026/7/11 10:24,0.312651,2,1,23.293245,0.251808,150.4
2026/7/11 10:24,0.31291,1,2,23.293245,0.251808,150.6
2026/7/11 10:24,0.313136,2,2,23.302288,0.253038,150.8
2026/7/11 10:24,0.313237,2,1,23.293245,0.253038,151
2026/7/11 10:24,0.313536,2,1,23.293245,0.251808,151.2
2026/7/11 10:24,0.313641,2,1,23.365583,0.253038,151.4
2026/7/11 10:24,0.313907,2,2,23.370106,0.254268,151.6
2026/7/11 10:24,0.313987,2,1,23.293245,0.254268,151.8
2026/7/11 10:24,0.314206,2,1,23.333935,0.254268,152
2026/7/11 10:24,0.314429,1,1,23.370106,0.254268,152.2
2026/7/11 10:24,0.314654,1,1,23.293245,0.254268,152.4
2026/7/11 10:24,0.314769,2,2,23.311331,0.254268,152.6
2026/7/11 10:24,0.31496,2,1,23.293245,0.254268,152.8
2026/7/11 10:24,0.315156,1,1,23.297766,0.254774,153
2026/7/11 10:24,0.315338,1,1,23.428881,0.255425,153.2
2026/7/11 10:24,0.31558,1,1,23.293245,0.256655,153.4
2026/7/11 10:24,0.315634,2,1,23.293245,0.256727,153.6
2026/7/11 10:24,0.315839,1,1,23.297766,0.256727,153.8
2026/7/11 10:24,0.316011,1,1,23.293245,0.256727,154
2026/7/11 10:24,0.316166,1,1,23.293245,0.256727,154.2
2026/7/11 10:24,0.316257,1,1,23.293245,0.256727,154.4
2026/7/11 10:24,0.316442,1,1,23.293245,0.257378,154.6
2026/7/11 10:24,0.316644,1,1,23.306808,0.256872,154.8
2026/7/11 10:24,0.316859,1,1,23.333935,0.259042,155
2026/7/11 10:24,0.316964,1,1,23.293245,0.259187,155.2
2026/7/11 10:24,0.317398,1,2,23.297766,0.259187,155.4
2026/7/11 10:24,0.317543,2,3,23.410797,0.259187,155.6
2026/7/11 10:24,0.317657,2,1,23.293245,0.259187,155.8
2026/7/11 10:24,0.317697,1,1,23.297766,0.259187,156
2026/7/11 10:24,0.317963,1,1,23.428881,0.259187,156.2
2026/7/11 10:24,0.318176,1,1,23.293245,0.259259,156.4
2026/7/11 10:24,0.318307,1,1,23.297766,0.26114,156.6
2026/7/11 10:24,0.318425,1,1,23.293245,0.260561,156.8
2026/7/11 10:24,0.318482,1,0,23.293245,0.260706,157
2026/7/11 10:24,0.318714,1,0,23.302288,0.261646,157.2
2026/7/11 10:24,0.318862,1,1,23.333935,0.261646,157.4
2026/7/11 10:24,0.31898,1,1,23.293245,0.261646,157.6
2026/7/11 10:24,0.319091,1,0,23.329414,0.261646,157.8
2026/7/11 10:24,0.319256,1,1,23.35202,0.261646,158
2026/7/11 10:24,0.319401,1,1,23.293245,0.261646,158.2
2026/7/11 10:24,0.319576,1,1,23.365583,0.2636,158.4
2026/7/11 10:24,0.319616,1,1,23.293245,0.261646,158.6
2026/7/11 10:24,0.319926,1,1,23.293245,0.263889,158.8
2026/7/11 10:24,0.32,1,1,23.324894,0.264034,159
2026/7/11 10:24,0.320169,1,1,23.293245,0.264106,159.2
2026/7/11 10:24,0.320263,1,1,23.293245,0.264106,159.4
2026/7/11 10:24,0.320482,1,1,23.320372,0.264106,159.6
2026/7/11 10:24,0.320562,1,1,23.370106,0.264106,159.8
2026/7/11 10:24,0.320748,1,1,23.293245,0.264106,160
2026/7/11 10:24,0.320886,1,1,23.410797,0.264106,160.2
2026/7/11 10:24,0.321104,1,2,23.293245,0.265987,160.4
2026/7/11 10:24,0.321236,1,1,23.297766,0.264178,160.6
2026/7/11 10:24,0.321391,1,1,23.302288,0.264902,160.8
2026/7/11 10:24,0.321519,1,1,23.293245,0.266638,161
2026/7/11 10:24,0.321646,1,1,23.297766,0.266638,161.2
2026/7/11 10:24,0.321744,1,0,23.35202,0.266638,161.4
2026/7/11 10:24,0.321923,1,0,23.293245,0.266638,161.6
2026/7/11 10:24,0.32204,1,0,23.293245,0.266638,161.8
2026/7/11 10:24,0.322098,1,0,23.297766,0.266638,162
2026/7/11 10:24,0.322145,0,0,23.293245,0.266638,162.2
2026/7/11 10:24,0.32232,0,0,23.302288,0.266638,162.4
2026/7/11 10:24,0.322485,0,0,23.35202,0.268519,162.6
2026/7/11 10:24,0.322609,1,1,23.410797,0.266999,162.8
2026/7/11 10:24,0.322842,1,1,23.293245,0.268663,163
2026/7/11 10:24,0.322939,1,1,23.324894,0.269097,163.2
2026/7/11 10:24,0.323195,1,1,23.293245,0.269097,163.4
2026/7/11 10:24,0.323252,1,1,23.293245,0.269097,163.6
2026/7/11 10:24,0.32337,1,0,23.442446,0.269097,163.8
2026/7/11 10:24,0.323515,1,1,23.293245,0.269097,164
2026/7/11 10:24,0.323643,1,0,23.302288,0.269097,164.2
2026/7/11 10:24,0.32374,1,1,23.410797,0.269097,164.4
2026/7/11 10:24,0.323879,1,1,23.293245,0.270038,164.6
2026/7/11 10:24,0.324047,1,1,23.311331,0.27105,164.8
2026/7/11 10:24,0.324181,1,1,23.311331,0.271412,165
2026/7/11 10:24,0.32437,1,1,23.293245,0.270327,165.2
2026/7/11 10:24,0.324407,1,0,23.329414,0.271557,165.4
2026/7/11 10:24,0.324572,1,0,23.410797,0.271557,165.6
2026/7/11 10:24,0.324703,1,1,23.293245,0.271557,165.8
2026/7/11 10:24,0.324821,1,0,23.293245,0.271557,166
2026/7/11 10:24,0.324862,0,0,23.370106,0.271557,166.2
2026/7/11 10:24,0.324986,0,0,23.293245,0.271557,166.4
2026/7/11 10:24,0.325154,0,1,23.306808,0.271701,166.6
2026/7/11 10:24,0.325319,1,1,23.370106,0.272859,166.8
2026/7/11 10:24,0.32541,1,1,23.293245,0.272786,167
2026/7/11 10:24,0.325656,1,1,23.442446,0.272208,167.2
2026/7/11 10:24,0.325777,1,1,23.293245,0.273076,167.4
2026/7/11 10:24,0.325848,1,0,23.293245,0.274016,167.6
2026/7/11 10:24,0.325952,1,1,23.35202,0.274016,167.8
2026/7/11 10:24,0.326232,1,1,23.293245,0.274016,168
2026/7/11 10:25,0.326417,1,1,23.297766,0.274016,168.2
2026/7/11 10:25,0.326451,1,0,23.410797,0.274016,168.4
2026/7/11 10:25,0.326508,0,0,23.293245,0.274016,168.6
2026/7/11 10:25,0.326673,0,1,23.302288,0.274016,168.8
2026/7/11 10:25,0.326814,1,1,23.320372,0.274089,169
2026/7/11 10:25,0.326939,1,0,23.293245,0.276259,169.2
2026/7/11 10:25,0.327097,1,0,23.297766,0.275391,169.4
2026/7/11 10:25,0.327174,0,1,23.324894,0.276259,169.6
2026/7/11 10:25,0.327222,1,0,23.293245,0.276476,169.8
2026/7/11 10:25,0.327393,0,0,23.297766,0.276476,170
2026/7/11 10:25,0.327551,1,0,23.370106,0.276476,170.2
2026/7/11 10:25,0.327595,0,0,23.293245,0.276476,170.4
2026/7/11 10:25,0.327794,1,0,23.297766,0.276476,170.6
2026/7/11 10:25,0.327851,0,0,23.293245,0.276476,170.8
2026/7/11 10:25,0.328033,0,0,23.293245,0.276476,171
2026/7/11 10:25,0.32809,1,1,23.297766,0.27662,171.2
2026/7/11 10:25,0.328178,0,0,23.410797,0.278791,171.4
2026/7/11 10:25,0.328255,0,0,23.293245,0.278791,171.6
2026/7/11 10:25,0.328454,0,0,23.329414,0.27662,171.8
2026/7/11 10:25,0.328622,1,2,23.410797,0.278935,172
2026/7/11 10:25,0.328784,1,1,23.293245,0.278935,172.2
2026/7/11 10:25,0.328952,1,1,23.315851,0.278935,172.4
2026/7/11 10:25,0.329046,1,0,23.293245,0.278935,172.6
2026/7/11 10:25,0.329228,1,1,23.293245,0.278935,172.8
2026/7/11 10:25,0.329316,1,1,23.329414,0.278935,173
2026/7/11 10:25,0.329427,1,0,23.293245,0.278935,173.2
2026/7/11 10:25,0.329477,0,0,23.293245,0.278935,173.4
2026/7/11 10:25,0.329588,0,0,23.35202,0.278935,173.6
2026/7/11 10:25,0.329679,0,0,23.293245,0.279876,173.8
2026/7/11 10:25,0.329753,0,0,23.297766,0.279514,174
2026/7/11 10:25,0.329975,0,1,23.293245,0.281322,174.2
2026/7/11 10:25,0.330154,1,1,23.293245,0.281178,174.4
2026/7/11 10:25,0.330262,1,1,23.297766,0.280961,174.6
2026/7/11 10:25,0.330373,1,1,23.428881,0.281395,174.8
2026/7/11 10:25,0.330551,1,0,23.370106,0.281395,175
2026/7/11 10:25,0.330484,0,0,23.297766,0.281395,175.2
2026/7/11 10:25,0.330625,0,0,23.410797,0.281395,175.4
2026/7/11 10:25,0.330743,0,0,23.293245,0.281395,175.6
2026/7/11 10:25,0.330851,0,0,23.297766,0.281612,175.8
2026/7/11 10:25,0.331117,0,1,23.446966,0.281467,176
2026/7/11 10:25,0.331248,1,1,23.446966,0.283275,176.2
2026/7/11 10:25,0.331349,1,1,23.446966,0.283854,176.4
2026/7/11 10:25,0.331554,1,1,23.446966,0.283275,176.6
2026/7/11 10:25,0.331645,1,1,23.446966,0.283854,176.8
2026/7/11 10:25,0.331709,0,0,23.446966,0.283637,177
2026/7/11 10:25,0.33178,0,0,23.446966,0.283854,177.2
2026/7/11 10:25,0.331888,0,0,23.446966,0.283854,177.4
2026/7/11 10:25,0.331999,0,0,23.446966,0.283854,177.6
2026/7/11 10:25,0.332137,0,0,23.446966,0.283854,177.8
2026/7/11 10:25,0.332268,0,1,23.446966,0.283854,178
2026/7/11 10:25,0.332484,1,1,23.446966,0.284505,178.2
2026/7/11 10:25,0.332571,1,1,23.446966,0.286314,178.4
2026/7/11 10:25,0.332655,1,0,23.446966,0.286314,178.6
2026/7/11 10:25,0.332756,0,1,23.446966,0.28588,178.8
2026/7/11 10:25,0.332877,0,0,23.446966,0.286314,179
2026/7/11 10:25,0.333069,0,0,23.446966,0.286386,179.2
2026/7/11 10:25,0.333147,0,0,23.370106,0.286386,179.4
2026/7/11 10:25,0.333167,0,0,23.446966,0.286386,179.6
2026/7/11 10:25,0.333345,0,0,23.446966,0.286386,179.8
2026/7/11 10:25,0.333493,1,1,23.446966,0.286386,180
2026/7/11 10:25,0.333544,0,0,23.442446,0.286386,180.2
2026/7/11 10:25,0.333709,0,0,23.446966,0.286386,180.4
2026/7/11 10:25,0.333729,0,0,23.446966,0.287616,180.6
2026/7/11 10:25,0.333833,0,0,23.446966,0.286386,180.8
2026/7/11 10:25,0.334025,1,1,23.329414,0.28682,181
2026/7/11 10:25,0.33416,1,1,23.446966,0.288628,181.2
2026/7/11 10:25,0.334227,0,0,23.446966,0.287833,181.4
2026/7/11 10:25,0.33452,0,1,23.446966,0.288556,181.6
2026/7/11 10:25,0.334581,1,1,23.446966,0.288845,181.8
2026/7/11 10:25,0.334776,1,1,23.446966,0.288845,182
2026/7/11 10:25,0.334854,1,1,23.446966,0.288845,182.2
2026/7/11 10:25,0.335035,1,0,23.446966,0.288845,182.4
2026/7/11 10:25,0.335173,1,0,23.446966,0.288845,182.6
2026/7/11 10:25,0.335254,0,0,23.446966,0.288845,182.8
2026/7/11 10:25,0.335375,0,1,23.442446,0.289352,183
2026/7/11 10:25,0.335544,1,1,23.446966,0.290726,183.2
2026/7/11 10:25,0.335672,1,1,23.446966,0.289424,183.4
2026/7/11 10:25,0.335726,1,0,23.446966,0.291305,183.6
2026/7/11 10:25,0.335803,0,0,23.446966,0.291305,183.8
2026/7/11 10:25,0.33587,0,0,23.446966,0.291016,184
2026/7/11 10:25,0.336089,0,1,23.446966,0.291305,184.2
2026/7/11 10:25,0.336204,1,1,23.446966,0.291305,184.4
2026/7/11 10:25,0.336338,1,1,23.446966,0.291305,184.6
2026/7/11 10:25,0.336439,0,1,23.446966,0.291305,184.8
2026/7/11 10:25,0.336523,0,0,23.370106,0.291305,185
2026/7/11 10:25,0.336608,0,0,23.446966,0.291305,185.2
2026/7/11 10:25,0.336752,0,0,23.446966,0.291305,185.4
2026/7/11 10:25,0.336793,0,0,23.446966,0.291305,185.6
2026/7/11 10:25,0.336985,0,0,23.446966,0.29145,185.8
2026/7/11 10:25,0.337143,0,1,23.446966,0.29333,186
2026/7/11 10:25,0.337224,1,0,23.446966,0.293764,186.2
2026/7/11 10:25,0.337278,1,0,23.446966,0.293547,186.4
2026/7/11 10:25,0.337392,0,0,23.446966,0.293764,186.6
2026/7/11 10:25,0.337587,0,0,23.446966,0.293764,186.8
2026/7/11 10:25,0.337702,0,0,23.437923,0.293764,187
2026/7/11 10:25,0.337833,1,1,23.446966,0.293764,187.2
2026/7/11 10:25,0.337964,1,1,23.446966,0.293764,187.4
2026/7/11 10:25,0.338156,1,1,23.446966,0.293764,187.6
2026/7/11 10:25,0.338281,1,1,23.446966,0.293764,187.8
2026/7/11 10:25,0.338341,1,0,23.446966,0.296224,188
2026/7/11 10:25,0.338466,0,0,23.446966,0.296152,188.2
2026/7/11 10:25,0.338587,0,1,23.446966,0.296152,188.4
2026/7/11 10:25,0.338772,1,1,23.446966,0.296224,188.6
2026/7/11 10:25,0.338867,1,0,23.446966,0.296224,188.8
2026/7/11 10:25,0.338937,0,0,23.446966,0.296224,189
2026/7/11 10:25,0.339119,0,0,23.446966,0.296224,189.2
2026/7/11 10:25,0.339281,0,0,23.329414,0.296224,189.4
2026/7/11 10:25,0.339429,0,1,23.446966,0.296224,189.6
2026/7/11 10:25,0.339473,1,1,23.446966,0.296224,189.8
2026/7/11 10:25,0.339668,1,0,23.446966,0.296224,190
2026/7/11 10:25,0.339772,1,0,23.446966,0.297454,190.2
2026/7/11 10:25,0.339917,0,0,23.446966,0.298683,190.4
2026/7/11 10:25,0.340015,1,1,23.446966,0.296224,190.6
2026/7/11 10:25,0.340085,1,0,23.446966,0.298394,190.8
2026/7/11 10:25,0.34019,0,0,23.446966,0.298683,191
2026/7/11 10:25,0.340277,0,0,23.446966,0.298683,191.2
2026/7/11 10:25,0.340382,0,0,23.446966,0.298683,191.4
2026/7/11 10:25,0.340425,0,0,23.446966,0.298683,191.6
2026/7/11 10:25,0.340523,0,1,23.446966,0.298683,191.8
2026/7/11 10:25,0.340688,1,0,23.446966,0.298683,192
2026/7/11 10:25,0.340826,0,0,23.446966,0.298683,192.2
2026/7/11 10:25,0.340853,0,0,23.446966,0.298973,192.4
2026/7/11 10:25,0.341095,0,0,23.446966,0.298683,192.6
2026/7/11 10:25,0.341156,0,1,23.446966,0.298683,192.8
2026/7/11 10:25,0.341247,1,0,23.446966,0.299913,193
2026/7/11 10:25,0.341314,0,0,23.446966,0.298973,193.2
2026/7/11 10:25,0.341503,0,0,23.446966,0.300203,193.4
2026/7/11 10:25,0.341627,0,1,23.446966,0.301143,193.6
2026/7/11 10:25,0.341843,0,1,23.446966,0.300926,193.8
2026/7/11 10:25,0.341917,1,1,23.446966,0.301143,194
2026/7/11 10:25,0.342051,1,1,23.446966,0.301143,194.2
2026/7/11 10:25,0.342257,1,0,23.446966,0.301143,194.4
2026/7/11 10:25,0.342304,1,1,23.446966,0.301143,194.6
2026/7/11 10:25,0.342523,1,0,23.446966,0.301143,194.8
2026/7/11 10:25,0.342617,1,1,23.446966,0.301288,195
2026/7/11 10:25,0.342762,1,1,23.446966,0.301143,195.2
2026/7/11 10:25,0.342832,1,0,23.446966,0.302662,195.4
2026/7/11 10:25,0.342977,0,0,23.446966,0.303602,195.6
2026/7/11 10:25,0.342997,0,0,23.446966,0.301432,195.8
2026/7/11 10:25,0.343112,0,0,23.446966,0.303458,196
2026/7/11 10:25,0.343179,0,0,23.446966,0.303602,196.2
2026/7/11 10:25,0.343411,0,1,23.446966,0.303602,196.4
2026/7/11 10:25,0.343492,1,1,23.446966,0.303602,196.6
2026/7/11 10:25,0.343667,1,0,23.446966,0.303602,196.8
2026/7/11 10:25,0.343762,1,0,23.446966,0.303602,197
2026/7/11 10:25,0.343836,0,0,23.446966,0.303602,197.2
2026/7/11 10:25,0.343933,0,0,23.446966,0.303602,197.4
2026/7/11 10:25,0.344014,0,0,23.446966,0.303602,197.6
2026/7/11 10:25,0.344166,0,0,23.456009,0.304615,197.8
2026/7/11 10:25,0.344337,0,1,23.591644,0.304253,198
2026/7/11 10:25,0.344418,1,1,23.451488,0.303747,198.2
2026/7/11 10:25,0.344556,1,1,23.483137,0.306062,198.4
2026/7/11 10:25,0.344714,1,1,23.596167,0.306134,198.6
2026/7/11 10:25,0.344805,1,0,23.451488,0.306134,198.8
2026/7/11 10:25,0.344926,0,1,23.483137,0.306134,199
2026/7/11 10:25,0.345037,1,0,23.582603,0.306134,199.2
2026/7/11 10:25,0.34525,1,0,23.456009,0.306134,199.4
2026/7/11 10:25,0.345394,1,1,23.600687,0.306134,199.6
2026/7/11 10:25,0.345455,1,1,23.446966,0.306134,199.8
2026/7/11 10:25,0.345566,0,0,23.483137,0.306279,200
2026/7/11 10:25,0.345734,0,1,23.600687,0.306134,200.2
2026/7/11 10:25,0.345889,1,0,23.451488,0.308304,200.4
2026/7/11 10:25,0.345983,1,0,23.451488,0.308521,200.6
2026/7/11 10:25,0.34601,0,0,23.591644,0.307292,200.8
2026/7/11 10:25,0.346162,0,0,23.528347,0.30816,201
2026/7/11 10:25,0.34629,0,0,23.483137,0.308594,201.2
2026/7/11 10:25,0.346445,0,1,23.596167,0.308594,201.4
2026/7/11 10:25,0.346539,1,1,23.564518,0.308594,201.6
2026/7/11 10:25,0.346667,1,0,23.465052,0.308594,201.8
2026/7/11 10:25,0.346748,0,0,23.591644,0.308594,202
2026/7/11 10:25,0.346909,0,0,23.528347,0.308594,202.2
2026/7/11 10:25,0.34698,1,0,23.483137,0.308666,202.4
2026/7/11 10:25,0.347078,1,0,23.600687,0.308594,202.6
2026/7/11 10:25,0.347243,0,0,23.451488,0.308883,202.8
2026/7/11 10:25,0.347371,0,1,23.523827,0.311053,203
2026/7/11 10:25,0.347424,0,0,23.596167,0.308811,203.2
2026/7/11 10:25,0.347556,0,1,23.451488,0.311053,203.4
2026/7/11 10:25,0.347714,0,0,23.483137,0.310619,203.6
2026/7/11 10:25,0.347899,0,1,23.591644,0.311053,203.8
2026/7/11 10:25,0.347923,0,1,23.451488,0.311053,204
2026/7/11 10:25,0.348044,0,0,23.465052,0.311053,204.2
2026/7/11 10:25,0.348158,0,0,23.596167,0.311053,204.4
2026/7/11 10:25,0.348347,0,0,23.483137,0.311053,204.6
2026/7/11 10:25,0.348455,1,1,23.596167,0.311053,204.8
2026/7/11 10:25,0.34864,1,0,23.523827,0.311053,205
2026/7/11 10:25,0.3487,1,1,23.456009,0.312428,205.2
2026/7/11 10:25,0.348781,0,0,23.483137,0.311343,205.4
2026/7/11 10:25,0.348855,0,0,23.591644,0.313513,205.6
2026/7/11 10:25,0.349024,0,0,23.483137,0.313513,205.8
2026/7/11 10:25,0.349087,0,0,23.600687,0.311632,206
2026/7/11 10:25,0.349249,0,0,23.564518,0.313513,206.2
2026/7/11 10:25,0.34931,1,0,23.465052,0.313513,206.4
2026/7/11 10:25,0.349505,1,1,23.596167,0.313513,206.6
2026/7/11 10:25,0.349656,1,1,23.446966,0.313513,206.8
2026/7/11 10:25,0.349717,0,0,23.456009,0.313513,207
2026/7/11 10:25,0.349788,0,0,23.596167,0.313513,207.2
2026/7/11 10:25,0.349996,0,0,23.478615,0.313513,207.4
2026/7/11 10:25,0.350118,1,1,23.456009,0.313513,207.6
2026/7/11 10:25,0.350161,1,0,23.591644,0.313657,207.8
2026/7/11 10:25,0.350296,0,0,23.523827,0.313802,208
2026/7/11 10:25,0.350424,0,0,23.483137,0.315755,208.2
2026/7/11 10:25,0.350562,0,1,23.591644,0.315828,208.4
2026/7/11 10:25,0.350633,0,0,23.451488,0.315972,208.6
2026/7/11 10:25,0.35069,0,0,23.465052,0.314091,208.8
2026/7/11 10:25,0.350798,0,0,23.591644,0.315972,209
2026/7/11 10:25,0.350942,0,0,23.456009,0.315972,209.2
2026/7/11 10:25,0.351101,0,0,23.523827,0.315972,209.4
2026/7/11 10:25,0.351134,1,0,23.591644,0.315972,209.6
2026/7/11 10:25,0.351282,0,0,23.451488,0.315972,209.8
2026/7/11 10:25,0.351501,0,0,23.465052,0.315972,210
2026/7/11 10:25,0.351572,1,1,23.591644,0.315972,210.2
2026/7/11 10:25,0.351713,0,1,23.451488,0.317781,210.4
2026/7/11 10:25,0.35175,0,0,23.483137,0.317491,210.6
2026/7/11 10:25,0.351905,0,0,23.564518,0.315972,210.8
2026/7/11 10:25,0.351942,0,0,23.456009,0.316551,211
2026/7/11 10:25,0.35209,0,0,23.596167,0.318359,211.2
2026/7/11 10:25,0.352178,0,0,23.523827,0.318432,211.4
2026/7/11 10:25,0.352377,0,0,23.483137,0.318432,211.6
2026/7/11 10:25,0.352441,0,1,23.596167,0.318432,211.8
2026/7/11 10:25,0.352639,1,1,23.582603,0.318432,212
2026/7/11 10:25,0.352757,1,1,23.483137,0.318432,212.2
2026/7/11 10:25,0.352787,0,0,23.523827,0.318432,212.4
2026/7/11 10:25,0.352865,0,0,23.451488,0.318432,212.6
2026/7/11 10:25,0.352929,0,0,23.483137,0.318432,212.8
2026/7/11 10:25,0.35301,0,0,23.596167,0.319372,213
2026/7/11 10:25,0.353114,0,0,23.569038,0.319951,213.2
2026/7/11 10:25,0.353279,0,0,23.483137,0.320602,213.4
2026/7/11 10:25,0.353481,0,0,23.596167,0.318432,213.6
2026/7/11 10:25,0.353518,0,1,23.564518,0.319661,213.8
2026/7/11 10:25,0.35371,0,0,23.465052,0.320891,214
2026/7/11 10:25,0.353774,0,0,23.591644,0.320891,214.2
2026/7/11 10:25,0.353848,0,0,23.451488,0.320891,214.4
2026/7/11 10:25,0.354016,0,0,23.465052,0.320891,214.6
2026/7/11 10:25,0.354181,0,1,23.591644,0.320891,214.8
2026/7/11 10:25,0.354238,1,0,23.564518,0.320891,215
2026/7/11 10:25,0.35442,0,0,23.465052,0.320891,215.2
2026/7/11 10:25,0.354461,0,0,23.582603,0.320891,215.4
2026/7/11 10:25,0.354646,0,0,23.456009,0.321036,215.6
2026/7/11 10:25,0.354767,0,0,23.600687,0.321904,215.8
2026/7/11 10:25,0.354881,0,0,23.564518,0.323423,216
2026/7/11 10:25,0.354918,0,0,23.456009,0.32147,216.2
2026/7/11 10:25,0.355083,0,1,23.600687,0.323351,216.4
2026/7/11 10:25,0.355231,0,0,23.596167,0.323423,216.6
2026/7/11 10:25,0.355319,0,1,23.465052,0.323423,216.8
2026/7/11 10:25,0.35537,0,0,23.600687,0.323423,217
2026/7/11 10:25,0.355504,0,0,23.446966,0.323423,217.2
2026/7/11 10:25,0.355642,0,0,23.483137,0.323423,217.4
2026/7/11 10:25,0.3558,0,0,23.596167,0.323423,217.6
2026/7/11 10:25,0.355875,0,0,23.582603,0.323423,217.8
2026/7/11 10:25,0.355982,0,0,23.465052,0.323423,218
2026/7/11 10:25,0.35608,0,0,23.596167,0.323785,218.2
2026/7/11 10:25,0.356181,0,0,23.451488,0.324074,218.4
2026/7/11 10:25,0.356322,0,0,23.465052,0.324002,218.6
2026/7/11 10:25,0.356406,0,0,23.618773,0.325666,218.8
2026/7/11 10:25,0.356561,0,0,23.600687,0.325883,219
2026/7/11 10:25,0.356642,0,0,23.600687,0.325738,219.2
2026/7/11 10:25,0.356841,0,0,23.600687,0.325883,219.4
2026/7/11 10:25,0.356898,0,1,23.600687,0.325883,219.6
2026/7/11 10:25,0.357049,1,0,23.600687,0.325883,219.8
2026/7/11 10:25,0.357161,0,0,23.600687,0.325883,220
2026/7/11 10:25,0.357288,0,0,23.600687,0.325883,220.2
2026/7/11 10:25,0.357332,0,0,23.605207,0.325883,220.4
2026/7/11 10:25,0.357507,0,0,23.600687,0.325883,220.6
2026/7/11 10:25,0.357575,0,0,23.600687,0.325883,220.8
2026/7/11 10:25,0.357746,0,0,23.600687,0.325955,221
2026/7/11 10:25,0.3578,0,1,23.600687,0.328053,221.2
2026/7/11 10:25,0.357911,1,1,23.600687,0.328197,221.4
2026/7/11 10:25,0.358022,0,0,23.600687,0.328342,221.6
2026/7/11 10:25,0.358174,0,0,23.587124,0.328342,221.8
2026/7/11 10:25,0.358268,0,0,23.465052,0.328342,222
2026/7/11 10:25,0.358325,0,0,23.600687,0.328342,222.2
2026/7/11 10:25,0.35848,0,0,23.564518,0.328342,222.4
2026/7/11 10:25,0.358612,0,1,23.456009,0.328342,222.6
2026/7/11 10:25,0.358689,0,1,23.596167,0.328342,222.8
2026/7/11 10:25,0.358891,0,0,23.582603,0.328342,223
2026/7/11 10:25,0.358955,0,0,23.483137,0.328342,223.2
2026/7/11 10:25,0.359271,1,2,23.600687,0.328342,223.4
2026/7/11 10:25,0.359302,1,1,23.564518,0.328487,223.6
2026/7/11 10:25,0.359457,1,0,23.456009,0.328921,223.8
2026/7/11 10:25,0.359531,0,0,23.596167,0.329282,224
2026/7/11 10:25,0.359635,0,0,23.451488,0.329572,224.2
2026/7/11 10:25,0.35976,0,0,23.523827,0.330729,224.4
2026/7/11 10:25,0.359871,1,1,23.591644,0.330802,224.6
2026/7/11 10:25,0.359965,0,0,23.564518,0.330802,224.8
2026/7/11 10:25,0.360093,0,0,23.483137,0.330802,225
2026/7/11 10:25,0.360224,0,1,23.591644,0.330802,225.2
2026/7/11 10:25,0.360419,1,1,23.573559,0.330802,225.4
2026/7/11 10:25,0.36053,1,1,23.600687,0.330802,225.6
2026/7/11 10:25,0.360638,1,0,23.600687,0.332031,225.8
2026/7/11 10:25,0.360719,0,0,23.600687,0.330802,226
2026/7/11 10:25,0.360817,0,0,23.600687,0.330946,226.2
2026/7/11 10:25,0.360955,0,0,23.600687,0.330874,226.4
2026/7/11 10:25,0.361046,0,0,23.600687,0.332827,226.6
2026/7/11 10:25,0.36112,0,0,23.600687,0.331959,226.8
2026/7/11 10:25,0.361268,0,0,23.600687,0.331887,227
2026/7/11 10:25,0.361355,0,0,23.600687,0.333261,227.2
2026/7/11 10:25,0.361507,0,0,23.618773,0.333261,227.4
2026/7/11 10:25,0.361601,0,1,23.600687,0.333261,227.6
2026/7/11 10:25,0.361682,0,0,23.605207,0.333261,227.8
2026/7/11 10:25,0.361864,0,0,23.718239,0.333261,228
2026/7/11 10:26,0.361931,0,1,23.600687,0.333261,228.2
2026/7/11 10:26,0.362032,0,0,23.600687,0.333261,228.4
2026/7/11 10:26,0.362109,0,0,23.600687,0.333261,228.6
2026/7/11 10:26,0.362241,0,0,23.600687,0.333261,228.8
2026/7/11 10:26,0.362315,0,0,23.600687,0.335503,229
2026/7/11 10:26,0.36251,0,0,23.600687,0.33384,229.2
2026/7/11 10:26,0.36254,0,0,23.600687,0.33478,229.4
2026/7/11 10:26,0.362641,0,0,23.632336,0.33572,229.6
2026/7/11 10:26,0.362783,0,0,23.682068,0.33572,229.8
2026/7/11 10:26,0.363028,0,0,23.600687,0.33572,230
2026/7/11 10:26,0.363028,1,0,23.600687,0.33572,230.2
2026/7/11 10:26,0.363069,0,0,23.600687,0.33572,230.4
2026/7/11 10:26,0.363204,0,0,23.600687,0.33572,230.6
2026/7/11 10:26,0.363298,0,0,23.600687,0.33572,230.8
2026/7/11 10:26,0.363426,0,0,23.600687,0.33572,231
2026/7/11 10:26,0.363564,0,0,23.600687,0.33572,231.2
2026/7/11 10:26,0.363618,0,0,23.600687,0.33572,231.4
2026/7/11 10:26,0.363776,0,0,23.600687,0.336082,231.6
2026/7/11 10:26,0.363816,0,1,23.600687,0.336516,231.8
2026/7/11 10:26,0.363978,0,0,23.600687,0.336806,232
2026/7/11 10:26,0.364045,0,0,23.600687,0.336878,232.2
2026/7/11 10:26,0.364264,0,0,23.600687,0.338108,232.4
2026/7/11 10:26,0.364311,0,1,23.600687,0.33818,232.6
2026/7/11 10:26,0.364442,0,0,23.600687,0.33818,232.8
2026/7/11 10:26,0.36454,0,0,23.600687,0.33818,233
2026/7/11 10:26,0.364631,0,0,23.60973,0.33818,233.2
2026/7/11 10:26,0.364718,0,0,23.600687,0.33818,233.4
2026/7/11 10:26,0.364799,0,0,23.600687,0.33818,233.6
2026/7/11 10:26,0.36489,0,0,23.600687,0.33818,233.8
2026/7/11 10:26,0.364981,0,0,23.600687,0.33818,234
2026/7/11 10:26,0.365045,0,0,23.600687,0.33818,234.2
2026/7/11 10:26,0.365217,0,0,23.600687,0.33818,234.4
2026/7/11 10:26,0.365328,0,0,23.600687,0.340639,234.6
2026/7/11 10:26,0.365429,0,0,23.605207,0.340422,234.8
2026/7/11 10:26,0.365493,0,0,23.600687,0.340495,235
2026/7/11 10:26,0.365685,0,1,23.600687,0.33941,235.2
2026/7/11 10:26,0.36589,1,1,23.600687,0.340133,235.4
2026/7/11 10:26,0.365971,1,0,23.682068,0.340639,235.6
2026/7/11 10:26,0.366011,0,0,23.600687,0.340639,235.8
2026/7/11 10:26,0.366139,0,0,23.600687,0.340639,236
2026/7/11 10:26,0.366324,0,0,23.682068,0.340639,236.2
2026/7/11 10:26,0.366311,0,0,23.600687,0.340639,236.4
2026/7/11 10:26,0.366479,0,0,23.600687,0.340639,236.6
2026/7/11 10:26,0.366493,0,0,23.682068,0.340639,236.8
2026/7/11 10:26,0.366614,0,0,23.600687,0.340639,237
2026/7/11 10:26,0.366769,0,0,23.600687,0.340639,237.2
2026/7/11 10:26,0.366927,0,1,23.600687,0.340639,237.4
2026/7/11 10:26,0.366981,0,0,23.600687,0.340712,237.6
2026/7/11 10:26,0.367146,1,1,23.600687,0.343171,237.8
2026/7/11 10:26,0.36727,0,0,23.600687,0.342086,238
2026/7/11 10:26,0.367358,0,0,23.600687,0.342954,238.2
2026/7/11 10:26,0.367412,0,0,23.605207,0.342231,238.4
2026/7/11 10:26,0.367499,0,0,23.600687,0.343171,238.6
2026/7/11 10:26,0.367577,0,0,23.600687,0.343171,238.8
2026/7/11 10:26,0.367772,0,0,23.659464,0.343171,239
2026/7/11 10:26,0.367742,0,0,23.600687,0.343171,239.2
2026/7/11 10:26,0.367849,0,0,23.600687,0.343171,239.4
2026/7/11 10:26,0.367987,0,0,23.600687,0.343171,239.6
2026/7/11 10:26,0.368119,0,0,23.600687,0.343171,239.8
2026/7/11 10:26,0.368189,0,0,23.605207,0.343171,240
2026/7/11 10:26,0.368381,0,0,23.618773,0.343605,240.2
2026/7/11 10:26,0.368422,0,0,23.600687,0.344401,240.4
2026/7/11 10:26,0.368499,0,0,23.605207,0.345341,240.6
2026/7/11 10:26,0.368506,0,0,23.641378,0.343461,240.8
2026/7/11 10:26,0.368711,0,0,23.600687,0.344618,241
2026/7/11 10:26,0.368765,0,0,23.605207,0.345631,241.2
2026/7/11 10:26,0.368822,0,0,23.600687,0.345631,241.4
2026/7/11 10:26,0.368913,0,0,23.600687,0.345197,241.6
2026/7/11 10:26,0.369193,0,1,23.600687,0.345631,241.8
2026/7/11 10:26,0.369307,1,1,23.600687,0.345631,242
2026/7/11 10:26,0.369401,0,0,23.600687,0.345631,242.2
2026/7/11 10:26,0.369486,0,0,23.600687,0.345631,242.4
2026/7/11 10:26,0.3696,0,0,23.618773,0.345631,242.6
2026/7/11 10:26,0.369735,0,0,23.600687,0.345631,242.8
2026/7/11 10:26,0.369822,0,0,23.600687,0.345631,243
2026/7/11 10:26,0.369846,0,0,23.600687,0.347512,243.2
2026/7/11 10:26,0.369903,0,0,23.600687,0.346137,243.4
2026/7/11 10:26,0.370115,0,0,23.600687,0.34809,243.6
2026/7/11 10:26,0.370216,0,0,23.682068,0.346427,243.8
2026/7/11 10:26,0.37026,0,0,23.600687,0.348018,244
2026/7/11 10:26,0.370317,0,0,23.600687,0.347946,244.2
2026/7/11 10:26,0.370432,0,0,23.600687,0.34809,244.4
2026/7/11 10:26,0.370516,0,0,23.600687,0.34809,244.6
2026/7/11 10:26,0.370698,0,0,23.600687,0.34809,244.8
2026/7/11 10:26,0.370731,0,0,23.600687,0.34809,245
2026/7/11 10:26,0.370883,0,0,23.600687,0.34809,245.2
2026/7/11 10:26,0.37097,0,0,23.600687,0.34809,245.4
2026/7/11 10:26,0.371095,0,0,23.682068,0.34809,245.6
2026/7/11 10:26,0.371172,0,0,23.600687,0.34809,245.8
2026/7/11 10:26,0.371243,0,0,23.60973,0.34932,246
2026/7/11 10:26,0.371347,0,0,23.682068,0.348741,246.2
2026/7/11 10:26,0.371512,0,0,23.600687,0.348741,246.4
2026/7/11 10:26,0.371559,0,0,23.61425,0.348163,246.6
2026/7/11 10:26,0.371623,0,0,23.718239,0.348163,246.8
2026/7/11 10:26,0.371778,0,0,23.600687,0.349465,247
2026/7/11 10:26,0.371913,0,0,23.600687,0.35055,247.2
2026/7/11 10:26,0.37191,0,0,23.682068,0.350405,247.4
2026/7/11 10:26,0.372044,0,0,23.600687,0.35055,247.6
2026/7/11 10:26,0.372132,0,0,23.60973,0.35055,247.8
2026/7/11 10:26,0.37232,0,0,23.600687,0.35055,248
2026/7/11 10:26,0.372364,0,0,23.600687,0.35055,248.2
2026/7/11 10:26,0.372529,0,0,23.600687,0.35055,248.4
2026/7/11 10:26,0.372596,0,0,23.600687,0.35055,248.6
2026/7/11 10:26,0.372664,0,0,23.600687,0.35055,248.8
2026/7/11 10:26,0.372707,0,0,23.600687,0.35055,249
2026/7/11 10:26,0.372869,0,0,23.600687,0.35055,249.2
2026/7/11 10:26,0.37298,0,0,23.605207,0.351997,249.4
2026/7/11 10:26,0.373054,0,0,23.600687,0.350839,249.6
2026/7/11 10:26,0.373105,0,0,23.682068,0.35055,249.8
2026/7/11 10:26,0.373256,0,0,23.600687,0.353009,250
2026/7/11 10:26,0.373297,0,0,23.600687,0.351997,250.2
2026/7/11 10:26,0.373424,0,0,23.600687,0.352937,250.4
2026/7/11 10:26,0.373492,0,0,23.600687,0.353009,250.6
2026/7/11 10:26,0.37361,0,0,23.600687,0.353009,250.8
2026/7/11 10:26,0.373694,0,0,23.600687,0.353009,251
2026/7/11 10:26,0.373795,0,0,23.600687,0.353009,251.2
2026/7/11 10:26,0.373839,0,0,23.618773,0.353009,251.4
2026/7/11 10:26,0.373967,0,0,23.600687,0.353009,251.6
2026/7/11 10:26,0.374071,0,0,23.605207,0.353009,251.8
2026/7/11 10:26,0.374172,0,0,23.682068,0.353009,252
2026/7/11 10:26,0.374337,0,0,23.600687,0.353009,252.2
2026/7/11 10:26,0.374401,0,0,23.60973,0.353226,252.4
2026/7/11 10:26,0.374495,0,0,23.641378,0.353009,252.6
2026/7/11 10:26,0.374529,0,0,23.600687,0.353009,252.8
2026/7/11 10:26,0.37466,0,0,23.60973,0.35489,253
2026/7/11 10:26,0.374684,0,0,23.600687,0.355179,253.2
2026/7/11 10:26,0.374849,0,0,23.600687,0.354962,253.4
2026/7/11 10:26,0.374916,0,0,23.605207,0.355469,253.6
2026/7/11 10:26,0.375,0,0,23.682068,0.353588,253.8
2026/7/11 10:26,0.375077,0,0,23.600687,0.355469,254
2026/7/11 10:26,0.375152,0,0,23.605207,0.355396,254.2
2026/7/11 10:26,0.37531,0,0,23.600687,0.355469,254.4
2026/7/11 10:26,0.375418,0,0,23.600687,0.355469,254.6
2026/7/11 10:26,0.375444,0,0,23.600687,0.355469,254.8
2026/7/11 10:26,0.375545,0,0,23.600687,0.355469,255
2026/7/11 10:26,0.37565,0,0,23.727282,0.355469,255.2
2026/7/11 10:26,0.375818,0,0,23.75893,0.355469,255.4
2026/7/11 10:26,0.375822,0,0,23.75893,0.355469,255.6
2026/7/11 10:26,0.375983,0,0,23.700153,0.355469,255.8
2026/7/11 10:26,0.376064,0,0,23.75893,0.355686,256
2026/7/11 10:26,0.376141,0,0,23.754408,0.356698,256.2
2026/7/11 10:26,0.376219,0,0,23.75893,0.355758,256.4
2026/7/11 10:26,0.37634,0,0,23.75893,0.357422,256.6
2026/7/11 10:26,0.376427,0,0,23.75893,0.356626,256.8
2026/7/11 10:26,0.376498,0,0,23.75893,0.357711,257
2026/7/11 10:26,0.376542,0,0,23.75893,0.357784,257.2
2026/7/11 10:26,0.376653,0,0,23.75893,0.356988,257.4
2026/7/11 10:26,0.376791,0,0,23.75893,0.357928,257.6
2026/7/11 10:26,0.376855,0,0,23.75893,0.357928,257.8
2026/7/11 10:26,0.376892,0,0,23.749886,0.357928,258
2026/7/11 10:26,0.377,0,0,23.75893,0.357928,258.2
2026/7/11 10:26,0.377165,0,0,23.75893,0.357928,258.4
2026/7/11 10:26,0.377225,0,0,23.75893,0.357928,258.6
2026/7/11 10:26,0.377286,0,0,23.641378,0.357928,258.8
2026/7/11 10:26,0.377404,0,0,23.75893,0.357928,259
2026/7/11 10:26,0.377488,0,0,23.727282,0.357928,259.2
2026/7/11 10:26,0.377613,0,0,23.75893,0.358001,259.4
2026/7/11 10:26,0.377703,0,0,23.75893,0.357928,259.6
2026/7/11 10:26,0.377724,0,0,23.727282,0.358218,259.8
2026/7/11 10:26,0.377905,0,0,23.75893,0.359447,260
2026/7/11 10:26,0.377963,0,0,23.75893,0.358724,260.2
2026/7/11 10:26,0.378074,0,0,23.727282,0.359447,260.4
2026/7/11 10:26,0.378107,0,0,23.75893,0.359086,260.6
2026/7/11 10:26,0.378165,0,0,23.75893,0.358218,260.8
2026/7/11 10:26,0.378313,0,0,23.75893,0.360388,261
2026/7/11 10:26,0.378434,0,0,23.75893,0.360388,261.2
2026/7/11 10:26,0.378471,0,0,23.75893,0.360388,261.4
2026/7/11 10:26,0.378525,0,0,23.75893,0.360388,261.6
2026/7/11 10:26,0.378653,0,0,23.75893,0.360388,261.8
2026/7/11 10:26,0.378737,0,0,23.75893,0.360388,262
2026/7/11 10:26,0.378804,0,0,23.745365,0.360388,262.2
2026/7/11 10:26,0.378932,0,0,23.75893,0.360388,262.4
2026/7/11 10:26,0.378976,0,0,23.749886,0.360388,262.6
2026/7/11 10:26,0.379134,0,0,23.75893,0.360677,262.8
2026/7/11 10:26,0.379208,0,0,23.75893,0.36046,263
2026/7/11 10:26,0.379303,0,0,23.749886,0.36046,263.2
2026/7/11 10:26,0.379424,0,0,23.75893,0.361039,263.4
2026/7/11 10:26,0.379464,0,0,23.75893,0.362413,263.6
2026/7/11 10:26,0.379494,0,0,23.749886,0.36292,263.8
2026/7/11 10:26,0.379595,0,0,23.75893,0.36292,264
2026/7/11 10:26,0.379703,0,0,23.75893,0.36292,264.2
2026/7/11 10:26,0.379811,0,0,23.75893,0.36292,264.4
2026/7/11 10:26,0.379912,0,0,23.75893,0.36292,264.6
2026/7/11 10:26,0.379993,0,0,23.75893,0.36292,264.8
2026/7/11 10:26,0.380067,0,0,23.745365,0.36292,265
2026/7/11 10:26,0.380148,0,0,23.641378,0.36292,265.2
2026/7/11 10:26,0.380198,0,0,23.75893,0.36292,265.4
2026/7/11 10:26,0.380336,0,0,23.740845,0.36292,265.6
2026/7/11 10:26,0.380397,0,0,23.641378,0.36292,265.8
2026/7/11 10:26,0.380481,0,0,23.75893,0.36292,266
2026/7/11 10:26,0.380582,0,0,23.75893,0.36292,266.2
2026/7/11 10:26,0.380636,0,0,23.641378,0.363209,266.4
2026/7/11 10:26,0.38074,0,0,23.75893,0.36292,266.6
2026/7/11 10:26,0.380841,0,0,23.745365,0.363064,266.8
2026/7/11 10:26,0.380922,0,0,23.677547,0.364439,267
2026/7/11 10:26,0.380976,0,0,23.754408,0.363498,267.2
2026/7/11 10:26,0.381097,0,0,23.75893,0.364439,267.4
2026/7/11 10:26,0.381144,0,0,23.75893,0.365379,267.6
2026/7/11 10:26,0.381252,0,0,23.75893,0.365379,267.8
2026/7/11 10:26,0.381302,0,0,23.75893,0.365379,268
2026/7/11 10:26,0.381376,0,0,23.75893,0.365379,268.2
2026/7/11 10:26,0.381518,0,0,23.75893,0.365379,268.4
2026/7/11 10:26,0.381592,0,0,23.75893,0.365379,268.6
2026/7/11 10:26,0.381639,0,0,23.75893,0.365379,268.8
2026/7/11 10:26,0.381764,0,0,23.749886,0.365379,269
2026/7/11 10:26,0.381787,0,0,23.700153,0.365379,269.2
2026/7/11 10:26,0.381888,0,0,23.75893,0.365379,269.4
2026/7/11 10:26,0.381932,0,0,23.749886,0.365379,269.6
2026/7/11 10:26,0.38209,0,0,23.700153,0.365379,269.8
2026/7/11 10:26,0.382167,0,0,23.75893,0.365379,270
2026/7/11 10:26,0.382255,0,0,23.75893,0.365451,270.2
2026/7/11 10:26,0.382262,0,0,23.75893,0.365379,270.4
2026/7/11 10:26,0.3824,0,0,23.75893,0.366609,270.6
2026/7/11 10:26,0.382481,0,0,23.745365,0.365958,270.8
2026/7/11 10:26,0.382548,0,0,23.641378,0.366898,271
2026/7/11 10:26,0.382622,0,0,23.75893,0.367839,271.2
2026/7/11 10:26,0.38272,0,0,23.75893,0.367839,271.4
2026/7/11 10:26,0.382804,0,0,23.75893,0.367839,271.6
2026/7/11 10:26,0.382915,0,0,23.75893,0.367405,271.8
2026/7/11 10:26,0.382928,0,0,23.727282,0.367839,272
2026/7/11 10:26,0.383063,0,0,23.75893,0.367839,272.2
2026/7/11 10:26,0.383127,0,0,23.75893,0.367839,272.4
2026/7/11 10:26,0.383191,0,0,23.727282,0.367839,272.6
2026/7/11 10:26,0.383268,0,0,23.75893,0.367839,272.8
2026/7/11 10:26,0.383319,0,0,23.75893,0.367839,273
2026/7/11 10:26,0.38345,0,0,23.75893,0.367839,273.2
2026/7/11 10:26,0.383494,0,0,23.75893,0.367839,273.4
2026/7/11 10:26,0.383615,0,0,23.75893,0.367839,273.6
2026/7/11 10:26,0.383645,0,0,23.75893,0.367839,273.8
2026/7/11 10:26,0.383709,0,0,23.75893,0.369068,274
2026/7/11 10:26,0.383814,0,0,23.75893,0.367839,274.2
2026/7/11 10:26,0.383898,0,0,23.75893,0.369719,274.4
2026/7/11 10:26,0.383969,0,0,23.75893,0.368056,274.6
2026/7/11 10:26,0.384063,0,0,23.740845,0.370226,274.8
2026/7/11 10:26,0.384113,0,0,23.75893,0.370009,275
2026/7/11 10:26,0.384221,0,0,23.75893,0.370298,275.2
2026/7/11 10:26,0.384278,0,0,23.75893,0.370153,275.4
2026/7/11 10:26,0.3844,0,0,23.75893,0.369792,275.6
2026/7/11 10:26,0.384443,0,0,23.75893,0.370298,275.8
2026/7/11 10:26,0.384538,0,0,23.75893,0.370298,276
2026/7/11 10:26,0.384561,0,0,23.641378,0.370298,276.2
2026/7/11 10:26,0.384662,0,0,23.75893,0.370298,276.4
2026/7/11 10:26,0.384756,0,0,23.749886,0.370298,276.6
2026/7/11 10:26,0.38482,0,0,23.641378,0.370298,276.8
2026/7/11 10:26,0.384905,0,0,23.754408,0.370298,277
2026/7/11 10:26,0.384975,0,0,23.745365,0.370298,277.2
2026/7/11 10:26,0.385063,0,0,23.75893,0.370298,277.4
2026/7/11 10:26,0.385123,0,0,23.75893,0.370298,277.6
2026/7/11 10:26,0.385194,0,0,23.727282,0.370298,277.8
2026/7/11 10:26,0.385255,0,0,23.677547,0.370298,278
2026/7/11 10:26,0.385352,0,0,23.75893,0.370443,278.2
2026/7/11 10:26,0.385413,0,0,23.75893,0.371021,278.4
2026/7/11 10:26,0.385497,0,0,23.677547,0.370298,278.6
2026/7/11 10:26,0.385531,0,0,23.75893,0.370587,278.8
2026/7/11 10:26,0.385638,0,0,23.727282,0.372758,279
2026/7/11 10:26,0.385719,0,0,23.75893,0.372613,279.2
2026/7/11 10:26,0.385793,0,0,23.75893,0.371383,279.4
2026/7/11 10:26,0.385834,0,0,23.75893,0.372685,279.6
2026/7/11 10:26,0.385901,0,0,23.75893,0.371817,279.8
2026/7/11 10:26,0.385985,0,0,23.754408,0.372758,280
2026/7/11 10:26,0.386083,0,0,23.677547,0.372758,280.2
2026/7/11 10:26,0.386123,0,0,23.75893,0.372758,280.4
2026/7/11 10:26,0.386194,0,0,23.75893,0.372758,280.6
2026/7/11 10:26,0.386278,0,0,23.677547,0.372758,280.8
2026/7/11 10:26,0.386359,0,0,23.75893,0.372758,281
2026/7/11 10:26,0.386416,0,0,23.754408,0.372758,281.2
2026/7/11 10:26,0.386497,0,0,23.75893,0.372758,281.4
2026/7/11 10:26,0.386605,0,0,23.75893,0.372758,281.6
2026/7/11 10:26,0.386675,0,0,23.75893,0.372758,281.8
2026/7/11 10:26,0.386689,0,0,23.641378,0.372758,282
2026/7/11 10:26,0.386753,0,0,23.75893,0.372758,282.2
2026/7/11 10:26,0.386864,0,0,23.75893,0.372758,282.4
2026/7/11 10:26,0.386948,0,0,23.75893,0.374638,282.6
2026/7/11 10:26,0.387002,0,0,23.75893,0.373987,282.8
2026/7/11 10:26,0.387073,0,0,23.75893,0.37406,283
2026/7/11 10:26,0.38717,0,0,23.795099,0.374132,283.2
2026/7/11 10:26,0.387231,0,0,23.908129,0.373698,283.4
2026/7/11 10:26,0.387281,0,0,23.75893,0.375072,283.6
2026/7/11 10:26,0.387342,0,0,23.777014,0.375217,283.8
2026/7/11 10:26,0.38745,0,0,23.894566,0.375217,284
2026/7/11 10:26,0.387463,0,0,23.763451,0.375217,284.2
2026/7/11 10:26,0.387588,0,0,23.795099,0.375217,284.4
2026/7/11 10:26,0.387601,0,0,23.903608,0.375217,284.6
2026/7/11 10:26,0.387722,0,0,23.75893,0.375217,284.8
2026/7/11 10:26,0.387793,0,0,23.795099,0.375217,285
2026/7/11 10:26,0.387827,0,0,23.87648,0.375217,285.2
2026/7/11 10:26,0.387894,0,0,23.763451,0.375217,285.4
2026/7/11 10:26,0.387968,0,0,23.795099,0.375217,285.6
2026/7/11 10:26,0.388032,0,0,23.894566,0.375217,285.8
2026/7/11 10:26,0.38814,0,0,23.763451,0.375217,286
2026/7/11 10:26,0.388173,0,0,23.831268,0.375217,286.2
2026/7/11 10:26,0.388274,0,0,23.894566,0.375217,286.4
2026/7/11 10:26,0.388298,0,0,23.763451,0.375217,286.6
2026/7/11 10:26,0.388365,0,0,23.908129,0.375217,286.8
2026/7/11 10:26,0.388416,0,0,23.87648,0.375217,287
2026/7/11 10:26,0.388537,0,0,23.767971,0.375506,287.2
2026/7/11 10:26,0.388604,0,0,23.831268,0.375506,287.4
2026/7/11 10:26,0.388682,0,0,23.835791,0.377604,287.6
2026/7/11 10:26,0.388675,0,0,23.767971,0.377098,287.8
2026/7/11 10:26,0.388769,0,0,23.795099,0.377098,288
2026/7/11 10:27,0.388867,0,0,23.835791,0.376519,288.2
2026/7/11 10:27,0.388934,0,0,23.767971,0.377532,288.4
2026/7/11 10:27,0.388961,0,0,23.908129,0.377677,288.6
2026/7/11 10:27,0.389056,0,0,23.835791,0.377677,288.8
2026/7/11 10:27,0.389109,0,0,23.777014,0.377677,289
2026/7/11 10:27,0.389167,0,0,23.908129,0.377677,289.2
2026/7/11 10:27,0.389231,0,0,23.75893,0.377677,289.4
2026/7/11 10:27,0.389305,0,0,23.795099,0.375796,289.6
2026/7/11 10:27,0.389372,0,0,23.903608,0.377677,289.8
2026/7/11 10:27,0.389443,0,0,23.763451,0.377677,290
2026/7/11 10:27,0.389507,0,0,23.795099,0.377677,290.2
2026/7/11 10:27,0.389557,0,0,23.87648,0.377677,290.4
2026/7/11 10:27,0.389601,0,0,23.75893,0.377677,290.6
2026/7/11 10:27,0.389688,0,0,23.795099,0.377677,290.8
2026/7/11 10:27,0.389762,0,0,23.894566,0.377677,291
2026/7/11 10:27,0.389803,0,0,23.763451,0.377677,291.2
2026/7/11 10:27,0.389853,0,0,23.790579,0.377677,291.4
2026/7/11 10:27,0.389917,0,0,23.844831,0.377677,291.6
2026/7/11 10:27,0.390015,0,0,23.763451,0.377677,291.8
2026/7/11 10:27,0.390052,0,0,23.831268,0.379051,292
2026/7/11 10:27,0.390163,0,0,23.87648,0.377749,292.2
2026/7/11 10:27,0.390207,0,0,23.767971,0.378328,292.4
2026/7/11 10:27,0.390254,0,0,23.835791,0.377894,292.6
2026/7/11 10:27,0.390264,0,0,23.835791,0.378979,292.8
2026/7/11 10:27,0.390355,0,0,23.763451,0.380136,293
2026/7/11 10:27,0.390449,0,0,23.817705,0.378834,293.2
2026/7/11 10:27,0.390476,0,0,23.835791,0.380208,293.4
2026/7/11 10:27,0.39053,0,0,23.777014,0.380208,293.6
2026/7/11 10:27,0.390601,0,0,23.908129,0.379991,293.8
2026/7/11 10:27,0.390688,0,0,23.835791,0.380208,294
2026/7/11 10:27,0.390752,0,0,23.777014,0.380208,294.2
2026/7/11 10:27,0.390836,0,0,23.903608,0.380208,294.4
2026/7/11 10:27,0.39087,0,0,23.75893,0.380208,294.6
2026/7/11 10:27,0.390934,0,0,23.795099,0.380208,294.8
2026/7/11 10:27,0.390974,0,0,23.903608,0.380208,295
2026/7/11 10:27,0.391025,0,0,23.763451,0.380208,295.2
2026/7/11 10:27,0.391059,0,0,23.795099,0.380208,295.4
2026/7/11 10:27,0.391129,0,0,23.894566,0.380208,295.6
2026/7/11 10:27,0.39119,0,0,23.763451,0.380208,295.8
2026/7/11 10:27,0.391284,0,0,23.835791,0.380208,296
2026/7/11 10:27,0.391308,0,0,23.87648,0.380208,296.2
2026/7/11 10:27,0.391412,0,0,23.767971,0.380208,296.4
2026/7/11 10:27,0.391436,0,0,23.908129,0.380353,296.6
2026/7/11 10:27,0.391506,0,0,23.87648,0.380425,296.8
2026/7/11 10:27,0.39155,0,0,23.75893,0.380281,297
2026/7/11 10:27,0.391638,0,0,23.908129,0.382595,297.2
2026/7/11 10:27,0.391668,0,0,23.75893,0.380208,297.4
2026/7/11 10:27,0.391718,0,0,23.767971,0.382089,297.6
2026/7/11 10:27,0.391766,0,0,23.908129,0.380787,297.8
2026/7/11 10:27,0.391833,0,0,23.87648,0.38151,298
2026/7/11 10:27,0.391927,0,0,23.777014,0.382089,298.2
2026/7/11 10:27,0.391991,0,0,23.903608,0.380787,298.4
2026/7/11 10:27,0.392059,0,0,23.840311,0.382668,298.6
2026/7/11 10:27,0.392109,0,0,23.777014,0.382668,298.8
2026/7/11 10:27,0.392193,0,0,23.908129,0.382451,299
2026/7/11 10:27,0.392271,0,0,23.835791,0.382668,299.2
2026/7/11 10:27,0.392361,0,0,23.795099,0.382668,299.4
2026/7/11 10:27,0.392409,0,0,23.894566,0.382668,299.6
2026/7/11 10:27,0.392503,0,0,23.75893,0.382668,299.8
2026/7/11 10:27,0.392584,0,0,23.795099,0.382668,300
2026/7/11 10:27,0.392668,0,0,23.894566,0.382668,300.2
2026/7/11 10:27,0.392705,0,0,23.763451,0.382668,300.4
2026/7/11 10:27,0.392759,0,0,23.790579,0.382668,300.6
2026/7/11 10:27,0.39288,0,0,23.87648,0.382668,300.8
2026/7/11 10:27,0.392981,0,0,23.763451,0.382668,301
2026/7/11 10:27,0.393025,0,0,23.908129,0.382668,301.2
2026/7/11 10:27,0.393149,0,0,23.903608,0.382668,301.4
2026/7/11 10:27,0.393196,0,0,23.75893,0.382668,301.6
2026/7/11 10:27,0.393287,0,0,23.835791,0.382668,301.8
2026/7/11 10:27,0.393318,0,0,23.87648,0.382668,302
2026/7/11 10:27,0.393452,0,0,23.763451,0.382668,302.2
2026/7/11 10:27,0.393557,0,0,23.831268,0.382668,302.4
2026/7/11 10:27,0.393614,0,0,23.777014,0.382812,302.6
2026/7/11 10:27,0.393658,0,0,23.763451,0.384042,302.8
2026/7/11 10:27,0.393755,0,0,23.831268,0.382957,303
2026/7/11 10:27,0.393843,0,0,23.75893,0.383753,303.2
2026/7/11 10:27,0.393917,0,0,23.767971,0.383825,303.4
2026/7/11 10:27,0.393998,0,0,23.831268,0.384187,303.6
2026/7/11 10:27,0.394062,0,0,23.835791,0.384042,303.8
2026/7/11 10:27,0.394186,0,0,23.763451,0.385127,304
2026/7/11 10:27,0.394237,0,0,23.908129,0.385127,304.2
2026/7/11 10:27,0.394351,0,0,23.835791,0.385127,304.4
2026/7/11 10:27,0.394385,0,0,23.767971,0.385127,304.6
2026/7/11 10:27,0.394499,0,0,23.831268,0.385127,304.8
2026/7/11 10:27,0.394563,0,0,23.835791,0.385127,305
2026/7/11 10:27,0.394658,0,0,23.767971,0.385127,305.2
2026/7/11 10:27,0.394705,0,0,23.903608,0.385127,305.4
2026/7/11 10:27,0.394829,0,0,23.75893,0.385127,305.6
2026/7/11 10:27,0.394873,0,0,23.777014,0.385127,305.8
2026/7/11 10:27,0.39496,0,0,23.908129,0.385127,306
2026/7/11 10:27,0.394977,0,0,23.835791,0.385127,306.2
2026/7/11 10:27,0.395115,0,0,23.767971,0.385127,306.4
2026/7/11 10:27,0.395213,0,0,23.908129,0.385706,306.6
2026/7/11 10:27,0.39527,0,0,23.835791,0.385127,306.8
2026/7/11 10:27,0.395304,0,0,23.767971,0.385127,307
2026/7/11 10:27,0.395415,0,0,23.908129,0.385561,307.2
2026/7/11 10:27,0.395516,0,0,23.75893,0.385778,307.4
2026/7/11 10:27,0.39559,0,0,23.767971,0.385417,307.6
2026/7/11 10:27,0.395654,0,0,23.903608,0.385489,307.8
2026/7/11 10:27,0.395708,0,0,23.835791,0.386502,308
2026/7/11 10:27,0.395826,0,0,23.795099,0.385634,308.2
2026/7/11 10:27,0.395883,0,0,23.908129,0.386429,308.4
2026/7/11 10:27,0.395987,0,0,23.75893,0.387587,308.6
2026/7/11 10:27,0.396038,0,0,23.777014,0.386285,308.8
2026/7/11 10:27,0.396132,0,0,23.903608,0.387587,309
2026/7/11 10:27,0.396172,0,0,23.763451,0.387587,309.2
2026/7/11 10:27,0.396284,0,0,23.835791,0.386357,309.4
2026/7/11 10:27,0.396317,0,0,23.903608,0.387587,309.6
2026/7/11 10:27,0.396358,0,0,23.763451,0.387587,309.8
2026/7/11 10:27,0.396465,0,0,23.835791,0.387587,310
2026/7/11 10:27,0.39657,0,0,23.894566,0.387587,310.2
2026/7/11 10:27,0.39661,0,0,23.763451,0.387587,310.4
2026/7/11 10:27,0.396738,0,0,23.831268,0.387587,310.6
2026/7/11 10:27,0.396805,0,0,23.894566,0.387587,310.8
2026/7/11 10:27,0.396866,0,0,23.763451,0.387587,311
2026/7/11 10:27,0.396893,0,0,23.908129,0.387587,311.2
2026/7/11 10:27,0.396994,0,0,23.87648,0.387587,311.4
2026/7/11 10:27,0.397092,0,0,23.763451,0.387587,311.6
2026/7/11 10:27,0.397139,0,0,23.908129,0.387587,311.8
2026/7/11 10:27,0.397209,0,0,23.835791,0.387731,312
2026/7/11 10:27,0.397287,0,0,23.767971,0.389468,312.2
2026/7/11 10:27,0.397374,0,0,23.908129,0.388889,312.4
2026/7/11 10:27,0.397435,0,0,23.75893,0.389468,312.6
2026/7/11 10:27,0.397499,0,0,23.777014,0.389468,312.8
2026/7/11 10:27,0.397573,0,0,23.903608,0.388166,313
2026/7/11 10:27,0.397677,0,0,23.75893,0.38954,313.2
2026/7/11 10:27,0.397741,0,0,23.795099,0.388166,313.4
2026/7/11 10:27,0.397788,0,0,23.903608,0.388817,313.6
2026/7/11 10:27,0.397873,0,0,23.75893,0.388383,313.8
2026/7/11 10:27,0.397926,0,0,23.835791,0.388961,314
2026/7/11 10:27,0.398014,0,0,23.903608,0.390046,314.2
2026/7/11 10:27,0.398095,0,0,23.763451,0.388817,314.4
2026/7/11 10:27,0.398122,0,0,23.835791,0.390046,314.6
2026/7/11 10:27,0.398203,0,0,23.835791,0.388166,314.8
2026/7/11 10:27,0.39828,0,0,23.763451,0.389829,315
2026/7/11 10:27,0.398371,0,0,23.795099,0.390046,315.2
2026/7/11 10:27,0.398405,0,0,23.835791,0.390046,315.4
2026/7/11 10:27,0.398475,0,0,23.763451,0.390046,315.6
2026/7/11 10:27,0.398563,0,0,23.795099,0.390046,315.8
2026/7/11 10:27,0.398623,0,0,23.894566,0.390046,316
2026/7/11 10:27,0.398674,0,0,23.75893,0.390046,316.2
2026/7/11 10:27,0.398788,0,0,23.908129,0.390046,316.4
2026/7/11 10:27,0.398883,0,0,23.835791,0.390046,316.6
2026/7/11 10:27,0.398936,0,0,23.767971,0.390046,316.8
2026/7/11 10:27,0.398957,0,0,23.908129,0.390046,317
2026/7/11 10:27,0.399037,0,0,23.835791,0.390046,317.2
2026/7/11 10:27,0.399135,0,0,23.777014,0.390046,317.4
2026/7/11 10:27,0.399192,0,0,23.908129,0.390046,317.6
2026/7/11 10:27,0.39925,0,0,23.75893,0.390046,317.8
2026/7/11 10:27,0.399317,0,0,23.767971,0.390046,318
2026/7/11 10:27,0.399401,0,0,23.894566,0.390046,318.2
2026/7/11 10:27,0.399458,0,0,23.840311,0.390408,318.4
2026/7/11 10:27,0.399536,0,0,23.795099,0.391927,318.6
2026/7/11 10:27,0.399596,0,0,23.903608,0.392289,318.8
2026/7/11 10:27,0.399694,0,0,23.75893,0.390119,319
2026/7/11 10:27,0.399738,0,0,23.767971,0.392289,319.2
2026/7/11 10:27,0.399818,0,0,23.87648,0.391421,319.4
2026/7/11 10:27,0.399849,0,0,23.75893,0.390625,319.6
2026/7/11 10:27,0.399909,0,0,23.831268,0.392506,319.8
2026/7/11 10:27,0.399997,0,0,23.894566,0.392506,320
2026/7/11 10:27,0.400071,0,0,23.763451,0.392506,320.2
2026/7/11 10:27,0.400101,0,0,23.795099,0.392506,320.4
2026/7/11 10:27,0.400222,0,0,23.87648,0.392506,320.6
2026/7/11 10:27,0.396513,0,0,23.763451,0.388166,320.8
2026/7/11 10:27,0.394762,0,0,23.908129,0.387731,321
2026/7/11 10:27,0.39385,0,0,23.75893,0.387587,321.2
2026/7/11 10:27,0.392318,0,0,23.767971,0.387587,321.4
2026/7/11 10:27,0.391516,0,0,23.908129,0.387587,321.6
2026/7/11 10:27,0.391166,0,0,23.835791,0.385706,321.8
2026/7/11 10:27,0.390894,0,0,23.763451,0.386357,322
2026/7/11 10:27,0.390601,0,0,23.908129,0.385561,322.2
2026/7/11 10:27,0.390325,0,0,23.835791,0.385272,322.4
2026/7/11 10:27,0.390156,0,0,23.777014,0.385127,322.6
2026/7/11 10:27,0.390045,0,0,23.908129,0.385127,322.8
2026/7/11 10:27,0.389914,0,0,23.75893,0.385127,323
2026/7/11 10:27,0.389793,0,0,23.777014,0.385127,323.2
2026/7/11 10:27,0.389725,0,0,23.908129,0.385127,323.4
2026/7/11 10:27,0.389645,0,0,23.75893,0.385127,323.6
2026/7/11 10:27,0.389614,0,0,23.777014,0.385127,323.8
2026/7/11 10:27,0.389567,0,0,23.894566,0.385127,324
2026/7/11 10:27,0.389497,0,0,23.763451,0.385127,324.2
2026/7/11 10:27,0.389443,0,0,23.795099,0.384983,324.4
2026/7/11 10:27,0.389416,0,0,23.87648,0.385127,324.6
2026/7/11 10:27,0.389372,0,0,23.75893,0.385127,324.8
2026/7/11 10:27,0.389318,0,0,23.795099,0.385127,325
2026/7/11 10:27,0.389268,0,0,23.87648,0.385127,325.2
2026/7/11 10:27,0.389247,0,0,23.763451,0.385127,325.4
2026/7/11 10:27,0.389177,0,0,23.831268,0.385127,325.6
2026/7/11 10:27,0.389133,0,0,23.87648,0.385127,325.8
2026/7/11 10:27,0.389106,0,0,23.763451,0.385127,326
2026/7/11 10:27,0.389072,0,0,23.908129,0.384693,326.2
2026/7/11 10:27,0.389029,0,0,23.835791,0.385127,326.4
2026/7/11 10:27,0.388981,0,0,23.763451,0.385127,326.6
2026/7/11 10:27,0.388948,0,0,23.908129,0.385127,326.8
2026/7/11 10:27,0.388921,0,0,23.835791,0.383247,327
2026/7/11 10:27,0.38887,0,0,23.763451,0.385127,327.2
2026/7/11 10:27,0.388823,0,0,23.908129,0.383898,327.4
2026/7/11 10:27,0.38879,0,0,23.75893,0.383898,327.6
2026/7/11 10:27,0.388739,0,0,23.777014,0.385127,327.8
2026/7/11 10:27,0.388722,0,0,23.903608,0.383681,328
2026/7/11 10:27,0.388689,0,0,23.75893,0.384187,328.2
2026/7/11 10:27,0.388635,0,0,23.777014,0.384693,328.4
2026/7/11 10:27,0.388594,0,0,23.790579,0.384549,328.6
2026/7/11 10:27,0.388577,0,0,23.75893,0.38303,328.8
2026/7/11 10:27,0.38854,0,0,23.777014,0.384042,329
2026/7/11 10:27,0.3885,0,0,23.881002,0.384042,329.2
2026/7/11 10:27,0.388453,0,0,23.75893,0.383102,329.4
2026/7/11 10:27,0.388439,0,0,23.795099,0.382957,329.6
2026/7/11 10:27,0.388382,0,0,23.903608,0.38397,329.8
2026/7/11 10:27,0.388335,0,0,23.75893,0.383608,330
2026/7/11 10:27,0.388315,0,0,23.795099,0.384838,330.2
2026/7/11 10:27,0.388288,0,0,23.908129,0.383898,330.4
2026/7/11 10:27,0.388251,0,0,23.763451,0.382668,330.6
2026/7/11 10:27,0.388211,0,0,23.777014,0.382885,330.8
2026/7/11 10:27,0.38818,0,0,23.894566,0.38274,331
2026/7/11 10:27,0.388153,0,0,23.763451,0.383898,331.2
2026/7/11 10:27,0.388116,0,0,23.75893,0.382668,331.4
2026/7/11 10:27,0.388086,0,0,23.754408,0.38274,331.6
2026/7/11 10:27,0.388052,0,0,23.641378,0.382812,331.8
2026/7/11 10:27,0.388009,0,0,23.75893,0.382668,332
2026/7/11 10:27,0.387995,0,0,23.75893,0.382668,332.2
2026/7/11 10:27,0.387968,0,0,23.75893,0.383319,332.4
2026/7/11 10:27,0.387928,0,0,23.75893,0.382668,332.6
2026/7/11 10:27,0.387891,0,0,23.75893,0.384549,332.8
2026/7/11 10:27,0.387874,0,0,23.75893,0.382668,333
2026/7/11 10:27,0.387817,0,0,23.75893,0.382668,333.2
2026/7/11 10:27,0.387803,0,0,23.75893,0.382812,333.4
2026/7/11 10:27,0.387763,0,0,23.75893,0.382668,333.6
2026/7/11 10:27,0.387746,0,0,23.75893,0.383898,333.8
2026/7/11 10:27,0.387702,0,0,23.75893,0.382668,334
2026/7/11 10:27,0.387668,0,0,23.75893,0.382668,334.2
2026/7/11 10:27,0.387642,0,0,23.75893,0.382668,334.4
2026/7/11 10:27,0.387615,0,0,23.749886,0.382668,334.6
2026/7/11 10:27,0.387591,0,0,23.75893,0.382668,334.8
2026/7/11 10:27,0.387547,0,0,23.75893,0.382668,335
2026/7/11 10:27,0.38752,0,0,23.75893,0.382668,335.2
2026/7/11 10:27,0.38749,0,0,23.75893,0.382668,335.4
2026/7/11 10:27,0.387477,0,0,23.75893,0.382668,335.6
2026/7/11 10:27,0.387436,0,0,23.75893,0.382668,335.8
2026/7/11 10:27,0.387409,0,0,23.700153,0.382668,336
2026/7/11 10:27,0.387376,0,0,23.75893,0.382668,336.2
2026/7/11 10:27,0.387359,0,0,23.727282,0.382668,336.4
2026/7/11 10:27,0.387342,0,0,23.75893,0.382668,336.6
2026/7/11 10:27,0.387305,0,0,23.75893,0.382668,336.8
2026/7/11 10:27,0.387268,0,0,23.722761,0.382668,337
2026/7/11 10:27,0.387254,0,0,23.677547,0.382668,337.2
2026/7/11 10:27,0.387214,0,0,23.75893,0.382668,337.4
2026/7/11 10:27,0.387187,0,0,23.75893,0.382668,337.6
2026/7/11 10:27,0.387157,0,0,23.75893,0.382668,337.8
2026/7/11 10:27,0.387147,0,0,23.754408,0.382668,338
2026/7/11 10:27,0.387113,0,0,23.727282,0.382668,338.2
2026/7/11 10:27,0.387083,0,0,23.75893,0.382668,338.4
2026/7/11 10:27,0.387059,0,0,23.75893,0.382668,338.6
2026/7/11 10:27,0.387042,0,0,23.75893,0.382668,338.8
2026/7/11 10:27,0.387015,0,0,23.75893,0.382668,339
2026/7/11 10:27,0.386982,0,0,23.749886,0.382668,339.2
2026/7/11 10:27,0.386955,0,0,23.75893,0.382668,339.4
2026/7/11 10:27,0.386928,0,0,23.75893,0.382668,339.6
2026/7/11 10:27,0.386908,0,0,23.749886,0.382668,339.8
2026/7/11 10:27,0.386891,0,0,23.75893,0.382668,340
2026/7/11 10:27,0.386854,0,0,23.75893,0.382668,340.2
2026/7/11 10:27,0.386827,0,0,23.749886,0.382668,340.4
2026/7/11 10:27,0.386817,0,0,23.75893,0.382668,340.6
2026/7/11 10:27,0.386776,0,0,23.75893,0.382668,340.8
2026/7/11 10:27,0.386763,0,0,23.75893,0.382668,341
2026/7/11 10:27,0.386733,0,0,23.641378,0.382668,341.2
2026/7/11 10:27,0.386722,0,0,23.75893,0.382668,341.4
2026/7/11 10:27,0.386682,0,0,23.749886,0.382668,341.6
2026/7/11 10:27,0.386655,0,0,23.641378,0.382668,341.8
2026/7/11 10:27,0.386642,0,0,23.75893,0.382668,342
2026/7/11 10:27,0.386621,0,0,23.727282,0.382668,342.2
2026/7/11 10:27,0.386598,0,0,23.75893,0.382668,342.4
2026/7/11 10:27,0.386571,0,0,23.75893,0.381438,342.6
2026/7/11 10:27,0.386551,0,0,23.745365,0.382668,342.8
2026/7/11 10:27,0.386524,0,0,23.75893,0.382668,343
2026/7/11 10:27,0.386507,0,0,23.75893,0.382668,343.2
2026/7/11 10:27,0.38649,0,0,23.727282,0.382668,343.4
2026/7/11 10:27,0.386463,0,0,23.677547,0.382668,343.6
2026/7/11 10:27,0.386436,0,0,23.75893,0.382668,343.8
2026/7/11 10:27,0.386423,0,0,23.745365,0.382668,344
2026/7/11 10:27,0.386396,0,0,23.677547,0.382378,344.2
2026/7/11 10:27,0.386386,0,0,23.75893,0.382668,344.4
2026/7/11 10:27,0.386352,0,0,23.75893,0.380498,344.6
2026/7/11 10:27,0.386342,0,0,23.75893,0.382523,344.8
2026/7/11 10:27,0.386312,0,0,23.754408,0.382668,345
2026/7/11 10:27,0.386288,0,0,23.745365,0.382668,345.2
2026/7/11 10:27,0.386268,0,0,23.75893,0.382668,345.4
2026/7/11 10:27,0.386258,0,0,23.75893,0.382161,345.6
2026/7/11 10:27,0.386228,0,0,23.75893,0.381727,345.8
2026/7/11 10:27,0.386207,0,0,23.75893,0.381727,346
2026/7/11 10:27,0.386187,0,0,23.749886,0.382378,346.2
2026/7/11 10:27,0.386164,0,0,23.700153,0.381366,346.4
2026/7/11 10:27,0.386154,0,0,23.75893,0.382089,346.6
2026/7/11 10:27,0.386123,0,0,23.75893,0.382668,346.8
2026/7/11 10:27,0.386106,0,0,23.75893,0.382668,347
2026/7/11 10:27,0.38609,0,0,23.75893,0.382668,347.2
2026/7/11 10:27,0.386069,0,0,23.75893,0.382668,347.4
2026/7/11 10:27,0.386042,0,0,23.700153,0.382668,347.6
2026/7/11 10:27,0.386029,0,0,23.75893,0.382523,347.8
2026/7/11 10:27,0.386012,0,0,23.75893,0.382378,348
2026/7/11 10:28,0.385999,0,0,23.641378,0.382668,348.2
2026/7/11 10:28,0.385965,0,0,23.75893,0.382451,348.4
2026/7/11 10:28,0.385948,0,0,23.745365,0.382668,348.6
2026/7/11 10:28,0.385938,0,0,23.75893,0.382668,348.8
2026/7/11 10:28,0.385918,0,0,23.75893,0.382668,349
2026/7/11 10:28,0.385901,0,0,23.75893,0.380281,349.2
2026/7/11 10:28,0.385877,0,0,23.75893,0.382378,349.4
2026/7/11 10:28,0.385857,0,0,23.75893,0.382523,349.6
2026/7/11 10:28,0.385837,0,0,23.740845,0.380353,349.8
2026/7/11 10:28,0.385824,0,0,23.75893,0.380281,350
2026/7/11 10:28,0.385797,0,0,23.75893,0.381293,350.2
2026/7/11 10:28,0.38579,0,0,23.75893,0.380281,350.4
2026/7/11 10:28,0.385766,0,0,23.75893,0.380353,350.6
2026/7/11 10:28,0.385753,0,0,23.75893,0.382378,350.8
2026/7/11 10:28,0.385726,0,0,23.722761,0.381438,351
2026/7/11 10:28,0.385716,0,0,23.75893,0.38057,351.2
2026/7/11 10:28,0.385696,0,0,23.75893,0.380281,351.4
2026/7/11 10:28,0.385686,0,0,23.727282,0.380208,351.6
2026/7/11 10:28,0.385659,0,0,23.75893,0.380281,351.8
2026/7/11 10:28,0.385635,0,0,23.75893,0.380208,352
2026/7/11 10:28,0.385618,0,0,23.75893,0.380208,352.2
2026/7/11 10:28,0.385605,0,0,23.75893,0.380787,352.4
2026/7/11 10:28,0.385588,0,0,23.75893,0.38151,352.6
2026/7/11 10:28,0.385568,0,0,23.75893,0.380208,352.8
2026/7/11 10:28,0.385554,0,0,23.75893,0.380208,353
2026/7/11 10:28,0.385527,0,0,23.75893,0.380208,353.2
2026/7/11 10:28,0.385521,0,0,23.700153,0.380208,353.4
2026/7/11 10:28,0.3855,0,0,23.75893,0.382089,353.6
2026/7/11 10:28,0.385484,0,0,23.754408,0.380208,353.8
2026/7/11 10:28,0.385467,0,0,23.75893,0.380859,354
2026/7/11 10:28,0.38545,0,0,23.75893,0.38057,354.2
2026/7/11 10:28,0.385433,0,0,23.745365,0.380425,354.4
2026/7/11 10:28,0.38542,0,0,23.677547,0.380208,354.6
2026/7/11 10:28,0.385393,0,0,23.75893,0.380208,354.8
2026/7/11 10:28,0.385386,0,0,23.749886,0.380208,355
2026/7/11 10:28,0.385362,0,0,23.641378,0.380208,355.2
2026/7/11 10:28,0.385349,0,0,23.75893,0.380208,355.4
2026/7/11 10:28,0.385335,0,0,23.749886,0.380498,355.6
2026/7/11 10:28,0.385319,0,0,23.75893,0.380932,355.8
2026/7/11 10:28,0.385305,0,0,23.75893,0.380208,356
2026/7/11 10:28,0.385288,0,0,23.727282,0.380208,356.2
2026/7/11 10:28,0.385268,0,0,23.75893,0.380498,356.4
2026/7/11 10:28,0.385248,0,0,23.75893,0.380208,356.6
2026/7/11 10:28,0.385241,0,0,23.75893,0.380208,356.8
2026/7/11 10:28,0.385218,0,0,23.75893,0.380208,357
2026/7/11 10:28,0.385208,0,0,23.75893,0.380208,357.2
2026/7/11 10:28,0.385191,0,0,23.700153,0.380208,357.4
2026/7/11 10:28,0.385181,0,0,23.75893,0.380208,357.6
2026/7/11 10:28,0.385147,0,0,23.75893,0.380208,357.8
2026/7/11 10:28,0.385147,0,0,23.75893,0.380281,358
2026/7/11 10:28,0.38513,0,0,23.75893,0.380208,358.2
2026/7/11 10:28,0.385123,0,0,23.75893,0.380208,358.4
2026/7/11 10:28,0.385096,0,0,23.75893,0.380208,358.6
2026/7/11 10:28,0.385073,0,0,23.75893,0.380208,358.8
2026/7/11 10:28,0.385066,0,0,23.75893,0.380208,359
2026/7/11 10:28,0.385053,0,0,23.75893,0.380208,359.2
2026/7/11 10:28,0.385036,0,0,23.75893,0.380208,359.4
2026/7/11 10:28,0.385016,0,0,23.749886,0.380208,359.6
2026/7/11 10:28,0.385009,0,0,23.75893,0.380208,359.8
2026/7/11 10:28,0.384989,0,0,23.75893,0.380208,360
2026/7/11 10:28,0.384975,0,0,23.749886,0.380208,360.2
2026/7/11 10:28,0.384952,0,0,23.75893,0.380208,360.4
2026/7/11 10:28,0.384948,0,0,23.75893,0.380208,360.6
2026/7/11 10:28,0.384925,0,0,23.75893,0.380208,360.8
2026/7/11 10:28,0.384918,0,0,23.677547,0.380208,361
2026/7/11 10:28,0.384898,0,0,23.75893,0.380208,361.2
2026/7/11 10:28,0.384894,0,0,23.727282,0.380208,361.4
2026/7/11 10:28,0.384871,0,0,23.75893,0.380208,361.6
2026/7/11 10:28,0.384864,0,0,23.75893,0.380208,361.8
2026/7/11 10:28,0.384847,0,0,23.700153,0.380208,362
2026/7/11 10:28,0.38483,0,0,23.677547,0.380208,362.2
2026/7/11 10:28,0.384817,0,0,23.749886,0.380208,362.4
2026/7/11 10:28,0.384804,0,0,23.749886,0.380208,362.6
2026/7/11 10:28,0.38479,0,0,23.75893,0.380208,362.8
2026/7/11 10:28,0.38477,0,0,23.727282,0.380208,363
2026/7/11 10:28,0.384763,0,0,23.75893,0.380208,363.2
2026/7/11 10:28,0.384743,0,0,23.75893,0.380208,363.4
2026/7/11 10:28,0.384733,0,0,23.754408,0.380208,363.6
2026/7/11 10:28,0.384716,0,0,23.700153,0.380208,363.8
2026/7/11 10:28,0.384706,0,0,23.75893,0.380208,364
2026/7/11 10:28,0.384682,0,0,23.75893,0.380208,364.2
2026/7/11 10:28,0.384679,0,0,23.677547,0.380208,364.4
2026/7/11 10:28,0.384655,0,0,23.75893,0.380208,364.6
2026/7/11 10:28,0.384655,0,0,23.754408,0.380208,364.8
2026/7/11 10:28,0.384632,0,0,23.75893,0.380208,365
2026/7/11 10:28,0.384622,0,0,23.75893,0.380208,365.2
2026/7/11 10:28,0.384602,0,0,23.75893,0.380208,365.4
2026/7/11 10:28,0.384588,0,0,23.677547,0.380208,365.6
2026/7/11 10:28,0.384581,0,0,23.75893,0.380208,365.8
2026/7/11 10:28,0.384571,0,0,23.75893,0.380208,366
2026/7/11 10:28,0.384554,0,0,23.75893,0.380208,366.2
2026/7/11 10:28,0.384544,0,0,23.75893,0.380208,366.4
2026/7/11 10:28,0.384527,0,0,23.740845,0.380208,366.6
2026/7/11 10:28,0.384511,0,0,23.75893,0.380208,366.8
2026/7/11 10:28,0.384504,0,0,23.75893,0.380208,367
2026/7/11 10:28,0.38448,0,0,23.75893,0.380208,367.2
2026/7/11 10:28,0.384477,0,0,23.75893,0.380208,367.4
2026/7/11 10:28,0.38446,0,0,23.75893,0.380208,367.6
2026/7/11 10:28,0.384453,0,0,23.745365,0.380208,367.8
2026/7/11 10:28,0.38443,0,0,23.75893,0.380208,368
2026/7/11 10:28,0.384426,0,0,23.75893,0.380208,368.2
2026/7/11 10:28,0.384413,0,0,23.75893,0.380208,368.4
2026/7/11 10:28,0.384403,0,0,23.75893,0.380208,368.6
2026/7/11 10:28,0.384379,0,0,23.749886,0.380208,368.8
2026/7/11 10:28,0.384373,0,0,23.727282,0.380208,369
2026/7/11 10:28,0.384363,0,0,23.75893,0.380208,369.2
2026/7/11 10:28,0.384349,0,0,23.75893,0.380208,369.4
2026/7/11 10:28,0.384336,0,0,23.700153,0.380208,369.6
2026/7/11 10:28,0.384319,0,0,23.75893,0.380208,369.8
2026/7/11 10:28,0.384309,0,0,23.75893,0.380208,370
2026/7/11 10:28,0.384299,0,0,23.75893,0.379268,370.2
2026/7/11 10:28,0.384288,0,0,23.75893,0.380208,370.4
2026/7/11 10:28,0.384275,0,0,23.754408,0.380208,370.6
2026/7/11 10:28,0.384265,0,0,23.75893,0.380208,370.8
2026/7/11 10:28,0.384248,0,0,23.75893,0.380136,371
2026/7/11 10:28,0.384245,0,0,23.75893,0.380208,371.2
2026/7/11 10:28,0.384228,0,0,23.641378,0.380208,371.4
2026/7/11 10:28,0.384208,0,0,23.75893,0.380208,371.6
2026/7/11 10:28,0.384198,0,0,23.749886,0.380208,371.8
2026/7/11 10:28,0.384194,0,0,23.727282,0.380208,372
2026/7/11 10:28,0.384174,0,0,23.75893,0.380208,372.2
2026/7/11 10:28,0.384161,0,0,23.749886,0.380208,372.4
2026/7/11 10:28,0.384147,0,0,23.75893,0.380208,372.6
2026/7/11 10:28,0.384144,0,0,23.75893,0.380208,372.8
2026/7/11 10:28,0.38413,0,0,23.75893,0.380208,373
2026/7/11 10:28,0.384113,0,0,23.75893,0.380208,373.2
2026/7/11 10:28,0.384103,0,0,23.749886,0.380208,373.4
2026/7/11 10:28,0.384086,0,0,23.75893,0.379991,373.6
2026/7/11 10:28,0.384083,0,0,23.75893,0.379991,373.8
2026/7/11 10:28,0.38407,0,0,23.75893,0.380208,374
2026/7/11 10:28,0.38406,0,0,23.745365,0.380208,374.2
2026/7/11 10:28,0.384039,0,0,23.75893,0.380208,374.4
2026/7/11 10:28,0.384039,0,0,23.75893,0.380064,374.6
2026/7/11 10:28,0.384022,0,0,23.745365,0.380208,374.8
2026/7/11 10:28,0.384016,0,0,23.75893,0.379991,375
2026/7/11 10:28,0.383999,0,0,23.749886,0.378906,375.2
2026/7/11 10:28,0.383992,0,0,23.700153,0.380208,375.4
2026/7/11 10:28,0.383979,0,0,23.75893,0.379268,375.6
2026/7/11 10:28,0.383972,0,0,23.75893,0.380208,375.8
2026/7/11 10:28,0.383959,0,0,23.75893,0.380208,376
2026/7/11 10:28,0.383948,0,0,23.75893,0.380208,376.2
2026/7/11 10:28,0.383942,0,0,23.722761,0.379991,376.4
2026/7/11 10:28,0.383925,0,0,23.75893,0.380208,376.6
2026/7/11 10:28,0.383921,0,0,23.75893,0.380064,376.8
2026/7/11 10:28,0.383901,0,0,23.749886,0.379702,377
2026/7/11 10:28,0.383898,0,0,23.75893,0.380208,377.2
2026/7/11 10:28,0.383878,0,0,23.75893,0.379702,377.4
2026/7/11 10:28,0.383871,0,0,23.75893,0.379196,377.6
2026/7/11 10:28,0.383861,0,0,23.75893,0.380208,377.8
2026/7/11 10:28,0.383858,0,0,23.75893,0.379268,378
2026/7/11 10:28,0.383841,0,0,23.749886,0.380136,378.2
2026/7/11 10:28,0.383817,0,0,23.641378,0.380208,378.4
2026/7/11 10:28,0.383814,0,0,23.75893,0.379268,378.6
2026/7/11 10:28,0.383807,0,0,23.75893,0.379123,378.8
2026/7/11 10:28,0.383797,0,0,23.700153,0.380136,379
2026/7/11 10:28,0.383787,0,0,23.75893,0.380208,379.2
2026/7/11 10:28,0.383773,0,0,23.75893,0.379919,379.4
2026/7/11 10:28,0.38377,0,0,23.641378,0.37963,379.6
2026/7/11 10:28,0.383757,0,0,23.75893,0.380064,379.8
2026/7/11 10:28,0.383743,0,0,23.75893,0.378038,380
2026/7/11 10:28,0.383726,0,0,23.75893,0.380208,380.2
2026/7/11 10:28,0.383726,0,0,23.754408,0.378906,380.4
2026/7/11 10:28,0.383706,0,0,23.745365,0.380208,380.6
2026/7/11 10:28,0.383706,0,0,23.75893,0.378038,380.8
2026/7/11 10:28,0.383689,0,0,23.75893,0.380208,381
2026/7/11 10:28,0.383686,0,0,23.75893,0.379123,381.2
2026/7/11 10:28,0.383662,0,0,23.75893,0.380208,381.4
2026/7/11 10:28,0.383662,0,0,23.75893,0.379919,381.6
2026/7/11 10:28,0.383649,0,0,23.700153,0.380208,381.8
2026/7/11 10:28,0.383642,0,0,23.75893,0.379991,382
2026/7/11 10:28,0.383625,0,0,23.754408,0.380136,382.2
2026/7/11 10:28,0.383615,0,0,23.727282,0.380136,382.4
2026/7/11 10:28,0.383608,0,0,23.75893,0.378038,382.6
2026/7/11 10:28,0.383598,0,0,23.754408,0.380064,382.8
2026/7/11 10:28,0.383585,0,0,23.618773,0.380208,383
2026/7/11 10:28,0.383571,0,0,23.75893,0.379051,383.2
2026/7/11 10:28,0.383571,0,0,23.75893,0.378906,383.4
2026/7/11 10:28,0.383565,0,0,23.75893,0.379051,383.6
2026/7/11 10:28,0.383548,0,0,23.75893,0.379702,383.8
2026/7/11 10:28,0.383531,0,0,23.754408,0.378979,384
2026/7/11 10:28,0.383534,0,0,23.641378,0.380064,384.2
2026/7/11 10:28,0.383524,0,0,23.75893,0.379268,384.4
2026/7/11 10:28,0.383507,0,0,23.754408,0.378689,384.6
2026/7/11 10:28,0.383494,0,0,23.75893,0.380136,384.8
2026/7/11 10:28,0.383491,0,0,23.75893,0.378328,385
2026/7/11 10:28,0.38348,0,0,23.745365,0.377749,385.2
2026/7/11 10:28,0.38347,0,0,23.618773,0.379991,385.4
2026/7/11 10:28,0.38346,0,0,23.75893,0.380064,385.6
2026/7/11 10:28,0.383454,0,0,23.75893,0.380064,385.8
2026/7/11 10:28,0.383437,0,0,23.75893,0.377966,386
2026/7/11 10:28,0.38343,0,0,23.75893,0.379919,386.2
2026/7/11 10:28,0.383423,0,0,23.75893,0.378255,386.4
2026/7/11 10:28,0.383413,0,0,23.75893,0.378328,386.6
2026/7/11 10:28,0.3834,0,0,23.75893,0.379268,386.8
2026/7/11 10:28,0.383396,0,0,23.75893,0.378183,387
2026/7/11 10:28,0.383393,0,0,23.75893,0.379702,387.2
2026/7/11 10:28,0.383376,0,0,23.75893,0.378472,387.4
2026/7/11 10:28,0.383366,0,0,23.722761,0.378183,387.6
2026/7/11 10:28,0.383353,0,0,23.677547,0.380136,387.8
2026/7/11 10:28,0.383349,0,0,23.75893,0.380208,388
2026/7/11 10:28,0.383336,0,0,23.75893,0.379919,388.2
2026/7/11 10:28,0.383326,0,0,23.75893,0.379268,388.4
2026/7/11 10:28,0.383319,0,0,23.75893,0.377894,388.6
2026/7/11 10:28,0.383316,0,0,23.75893,0.378183,388.8
2026/7/11 10:28,0.383299,0,0,23.75893,0.377821,389
2026/7/11 10:28,0.383285,0,0,23.75893,0.378183,389.2
2026/7/11 10:28,0.383285,0,0,23.75893,0.378328,389.4
2026/7/11 10:28,0.383268,0,0,23.75893,0.377677,389.6
2026/7/11 10:28,0.383265,0,0,23.75893,0.377966,389.8
2026/7/11 10:28,0.383252,0,0,23.700153,0.378328,390
2026/7/11 10:28,0.383248,0,0,23.75893,0.379051,390.2
2026/7/11 10:28,0.383238,0,0,23.75893,0.377894,390.4
2026/7/11 10:28,0.383228,0,0,23.745365,0.377677,390.6
2026/7/11 10:28,0.383221,0,0,23.75893,0.380136,390.8
2026/7/11 10:28,0.383208,0,0,23.75893,0.377966,391
2026/7/11 10:28,0.383194,0,0,23.700153,0.378979,391.2
2026/7/11 10:28,0.383188,0,0,23.75893,0.377749,391.4
2026/7/11 10:28,0.383174,0,0,23.75893,0.377894,391.6
2026/7/11 10:28,0.383171,0,0,23.75893,0.377677,391.8
2026/7/11 10:28,0.383161,0,0,23.75893,0.378183,392
2026/7/11 10:28,0.383151,0,0,23.75893,0.378617,392.2
2026/7/11 10:28,0.38314,0,0,23.75893,0.378038,392.4
2026/7/11 10:28,0.38313,0,0,23.677547,0.377821,392.6
2026/7/11 10:28,0.383127,0,0,23.745365,0.379268,392.8
2026/7/11 10:28,0.38312,0,0,23.618773,0.378038,393
2026/7/11 10:28,0.383107,0,0,23.75893,0.377677,393.2
2026/7/11 10:28,0.3831,0,0,23.749886,0.378979,393.4
2026/7/11 10:28,0.383093,0,0,23.700153,0.377677,393.6
2026/7/11 10:28,0.38308,0,0,23.75893,0.377749,393.8
2026/7/11 10:28,0.383076,0,0,23.745365,0.377821,394
2026/7/11 10:28,0.383066,0,0,23.75893,0.377677,394.2
2026/7/11 10:28,0.383056,0,0,23.75893,0.377966,394.4
2026/7/11 10:28,0.38305,0,0,23.75893,0.377677,394.6
2026/7/11 10:28,0.383036,0,0,23.700153,0.378038,394.8
2026/7/11 10:28,0.383026,0,0,23.75893,0.377749,395
2026/7/11 10:28,0.383023,0,0,23.722761,0.378979,395.2
2026/7/11 10:28,0.383013,0,0,23.75893,0.377821,395.4
2026/7/11 10:28,0.383006,0,0,23.75893,0.377677,395.6
2026/7/11 10:28,0.382992,0,0,23.75893,0.377677,395.8
2026/7/11 10:28,0.382986,0,0,23.677547,0.377821,396
2026/7/11 10:28,0.382986,0,0,23.75893,0.377677,396.2
2026/7/11 10:28,0.382975,0,0,23.75893,0.377894,396.4
2026/7/11 10:28,0.382959,0,0,23.75893,0.377677,396.6
2026/7/11 10:28,0.382955,0,0,23.75893,0.377677,396.8
2026/7/11 10:28,0.382949,0,0,23.749886,0.377749,397
2026/7/11 10:28,0.382938,0,0,23.75893,0.377749,397.2
2026/7/11 10:28,0.382925,0,0,23.75893,0.378979,397.4
2026/7/11 10:28,0.382928,0,0,23.75893,0.377821,397.6
2026/7/11 10:28,0.382918,0,0,23.75893,0.377677,397.8
2026/7/11 10:28,0.382908,0,0,23.75893,0.377677,398
2026/7/11 10:28,0.382895,0,0,23.745365,0.377677,398.2
2026/7/11 10:28,0.382888,0,0,23.677547,0.377966,398.4
2026/7/11 10:28,0.382885,0,0,23.75893,0.377966,398.6
2026/7/11 10:28,0.382871,0,0,23.75893,0.378328,398.8
2026/7/11 10:28,0.382858,0,0,23.75893,0.378979,399
2026/7/11 10:28,0.382861,0,0,23.754408,0.377677,399.2
2026/7/11 10:28,0.382844,0,0,23.700153,0.377677,399.4
2026/7/11 10:28,0.382844,0,0,23.75893,0.377677,399.6
2026/7/11 10:28,0.382837,0,0,23.75893,0.377749,399.8
2026/7/11 10:28,0.382827,0,0,23.75893,0.377677,400
2026/7/11 10:28,0.382814,0,0,23.75893,0.37963,400.2
2026/7/11 10:28,0.382804,0,0,23.754408,0.377677,400.4
2026/7/11 10:28,0.382797,0,0,23.75893,0.377677,400.6
2026/7/11 10:28,0.38279,0,0,23.75893,0.377677,400.8
2026/7/11 10:28,0.38278,0,0,23.75893,0.377677,401
2026/7/11 10:28,0.382773,0,0,23.60973,0.377677,401.2
2026/7/11 10:28,0.382767,0,0,23.75893,0.379557,401.4
2026/7/11 10:28,0.382757,0,0,23.749886,0.377677,401.6
2026/7/11 10:28,0.38275,0,0,23.691113,0.377677,401.8
2026/7/11 10:28,0.382736,0,0,23.75893,0.377677,402
2026/7/11 10:28,0.382736,0,0,23.754408,0.377677,402.2
2026/7/11 10:28,0.382726,0,0,23.727282,0.377677,402.4
2026/7/11 10:28,0.382723,0,0,23.75893,0.377677,402.6
2026/7/11 10:28,0.38271,0,0,23.75893,0.377677,402.8
2026/7/11 10:28,0.382703,0,0,23.75893,0.377677,403
2026/7/11 10:28,0.382699,0,0,23.75893,0.377677,403.2
2026/7/11 10:28,0.382693,0,0,23.75893,0.377677,403.4
2026/7/11 10:28,0.382676,0,0,23.75893,0.377821,403.6
2026/7/11 10:28,0.382669,0,0,23.75893,0.377677,403.8
2026/7/11 10:28,0.382659,0,0,23.75893,0.377677,404
2026/7/11 10:28,0.382659,0,0,23.75893,0.377677,404.2
2026/7/11 10:28,0.382652,0,0,23.75893,0.377677,404.4
2026/7/11 10:28,0.382642,0,0,23.75893,0.377677,404.6
2026/7/11 10:28,0.382632,0,0,23.677547,0.377677,404.8
2026/7/11 10:28,0.382625,0,0,23.75893,0.377677,405
2026/7/11 10:28,0.382612,0,0,23.754408,0.377677,405.2
2026/7/11 10:28,0.382605,0,0,23.75893,0.377677,405.4
2026/7/11 10:28,0.382605,0,0,23.75893,0.377677,405.6
2026/7/11 10:28,0.382595,0,0,23.75893,0.377677,405.8
2026/7/11 10:28,0.382582,0,0,23.75893,0.377677,406
2026/7/11 10:28,0.382575,0,0,23.75893,0.377677,406.2
2026/7/11 10:28,0.382568,0,0,23.75893,0.377677,406.4
2026/7/11 10:28,0.382568,0,0,23.75893,0.377677,406.6
2026/7/11 10:28,0.382555,0,0,23.75893,0.377677,406.8
2026/7/11 10:28,0.382548,0,0,23.75893,0.377677,407
2026/7/11 10:28,0.382538,0,0,23.763451,0.377677,407.2
2026/7/11 10:28,0.382531,0,0,23.908129,0.377677,407.4
2026/7/11 10:28,0.382521,0,0,23.840311,0.377677,407.6
2026/7/11 10:28,0.382521,0,0,23.767971,0.377677,407.8
2026/7/11 10:28,0.382501,0,0,23.781534,0.377677,408
2026/7/11 10:29,0.382501,0,0,23.740845,0.377677,408.2
2026/7/11 10:29,0.382491,0,0,23.75893,0.377677,408.4
2026/7/11 10:29,0.382487,0,0,23.75893,0.377677,408.6
2026/7/11 10:29,0.382477,0,0,23.749886,0.377677,408.8
2026/7/11 10:29,0.38247,0,0,23.677547,0.377677,409
2026/7/11 10:29,0.382467,0,0,23.75893,0.377677,409.2
2026/7/11 10:29,0.38245,0,0,23.75893,0.377677,409.4
2026/7/11 10:29,0.382444,0,0,23.75893,0.377677,409.6
2026/7/11 10:29,0.38244,0,0,23.754408,0.377677,409.8
2026/7/11 10:29,0.382437,0,0,23.75893,0.377677,410
2026/7/11 10:29,0.38242,0,0,23.75893,0.377677,410.2
2026/7/11 10:29,0.382417,0,0,23.75893,0.377677,410.4
2026/7/11 10:29,0.382417,0,0,23.727282,0.377677,410.6
2026/7/11 10:29,0.38241,0,0,23.75893,0.377677,410.8
2026/7/11 10:29,0.382393,0,0,23.75893,0.377677,411
2026/7/11 10:29,0.382393,0,0,23.75893,0.377677,411.2
2026/7/11 10:29,0.382386,0,0,23.75893,0.377677,411.4
2026/7/11 10:29,0.382376,0,0,23.75893,0.377677,411.6
2026/7/11 10:29,0.382359,0,0,23.75893,0.377677,411.8
2026/7/11 10:29,0.382359,0,0,23.75893,0.377677,412
2026/7/11 10:29,0.382349,0,0,23.75893,0.377677,412.2
2026/7/11 10:29,0.382346,0,0,23.75893,0.377677,412.4
2026/7/11 10:29,0.382332,0,0,23.75893,0.377677,412.6
2026/7/11 10:29,0.382326,0,0,23.75893,0.377677,412.8
2026/7/11 10:29,0.382319,0,0,23.677547,0.377677,413
2026/7/11 10:29,0.382316,0,0,23.75893,0.377677,413.2
2026/7/11 10:29,0.382309,0,0,23.75893,0.377677,413.4
2026/7/11 10:29,0.382299,0,0,23.75893,0.377677,413.6
2026/7/11 10:29,0.382295,0,0,23.75893,0.377677,413.8
2026/7/11 10:29,0.382289,0,0,23.75893,0.377677,414
2026/7/11 10:29,0.382282,0,0,23.75893,0.377677,414.2
2026/7/11 10:29,0.382268,0,0,23.75893,0.377677,414.4
2026/7/11 10:29,0.382262,0,0,23.700153,0.377677,414.6
2026/7/11 10:29,0.382258,0,0,23.75893,0.377677,414.8
2026/7/11 10:29,0.382248,0,0,23.75893,0.377677,415
2026/7/11 10:29,0.382242,0,0,23.75893,0.377677,415.2
2026/7/11 10:29,0.382231,0,0,23.75893,0.377677,415.4
2026/7/11 10:29,0.382225,0,0,23.75893,0.377677,415.6
2026/7/11 10:29,0.382221,0,0,23.641378,0.377677,415.8
2026/7/11 10:29,0.382215,0,0,23.75893,0.377677,416
2026/7/11 10:29,0.382205,0,0,23.75893,0.377677,416.2
2026/7/11 10:29,0.382201,0,0,23.641378,0.377677,416.4
2026/7/11 10:29,0.382198,0,0,23.75893,0.377677,416.6
2026/7/11 10:29,0.382188,0,0,23.75893,0.377677,416.8
2026/7/11 10:29,0.382181,0,0,23.75893,0.377677,417
2026/7/11 10:29,0.382171,0,0,23.75893,0.377677,417.2
2026/7/11 10:29,0.382164,0,0,23.618773,0.377677,417.4
2026/7/11 10:29,0.382157,0,0,23.75893,0.377677,417.6
2026/7/11 10:29,0.382151,0,0,23.749886,0.377677,417.8
2026/7/11 10:29,0.382144,0,0,23.75893,0.377677,418
2026/7/11 10:29,0.382137,0,0,23.75893,0.377677,418.2
2026/7/11 10:29,0.382127,0,0,23.75893,0.377677,418.4
2026/7/11 10:29,0.382127,0,0,23.75893,0.377677,418.6
2026/7/11 10:29,0.382114,0,0,23.75893,0.377677,418.8
2026/7/11 10:29,0.38211,0,0,23.727282,0.377677,419
2026/7/11 10:29,0.3821,0,0,23.75893,0.377677,419.2
2026/7/11 10:29,0.382093,0,0,23.75893,0.377677,419.4
2026/7/11 10:29,0.38209,0,0,23.75893,0.377677,419.6
2026/7/11 10:29,0.38208,0,0,23.75893,0.377677,419.8
2026/7/11 10:29,0.382077,0,0,23.75893,0.377677,420
2026/7/11 10:29,0.382063,0,0,23.75893,0.377677,420.2
2026/7/11 10:29,0.38206,0,0,23.677547,0.377677,420.4
2026/7/11 10:29,0.382053,0,0,23.749886,0.377677,420.6
2026/7/11 10:29,0.382046,0,0,23.75893,0.377677,420.8
2026/7/11 10:29,0.38204,0,0,23.75893,0.377677,421
2026/7/11 10:29,0.382029,0,0,23.75893,0.377677,421.2
2026/7/11 10:29,0.382026,0,0,23.618773,0.377677,421.4
2026/7/11 10:29,0.382019,0,0,23.75893,0.377677,421.6
2026/7/11 10:29,0.382013,0,0,23.75893,0.377677,421.8
2026/7/11 10:29,0.382003,0,0,23.727282,0.377677,422
2026/7/11 10:29,0.381999,0,0,23.75893,0.377677,422.2
2026/7/11 10:29,0.381996,0,0,23.754408,0.377677,422.4
2026/7/11 10:29,0.381986,0,0,23.75893,0.377677,422.6
2026/7/11 10:29,0.381976,0,0,23.75893,0.377677,422.8
2026/7/11 10:29,0.381972,0,0,23.749886,0.377677,423
2026/7/11 10:29,0.381972,0,0,23.75893,0.377677,423.2
2026/7/11 10:29,0.381955,0,0,23.754408,0.377677,423.4
2026/7/11 10:29,0.381949,0,0,23.722761,0.377677,423.6
2026/7/11 10:29,0.381949,0,0,23.75893,0.377677,423.8
2026/7/11 10:29,0.381942,0,0,23.75893,0.377677,424
2026/7/11 10:29,0.381932,0,0,23.727282,0.377677,424.2
2026/7/11 10:29,0.381932,0,0,23.75893,0.377677,424.4
2026/7/11 10:29,0.381925,0,0,23.75893,0.377677,424.6
2026/7/11 10:29,0.381912,0,0,23.75893,0.375868,424.8
2026/7/11 10:29,0.381912,0,0,23.75893,0.377677,425
2026/7/11 10:29,0.381902,0,0,23.754408,0.377677,425.2
2026/7/11 10:29,0.381895,0,0,23.75893,0.377677,425.4
2026/7/11 10:29,0.381888,0,0,23.75893,0.377677,425.6
2026/7/11 10:29,0.381885,0,0,23.75893,0.377677,425.8
2026/7/11 10:29,0.381868,0,0,23.75893,0.377677,426
2026/7/11 10:29,0.381871,0,0,23.908129,0.377677,426.2
2026/7/11 10:29,0.381858,0,0,23.835791,0.377677,426.4
2026/7/11 10:29,0.381848,0,0,23.763451,0.377677,426.6
2026/7/11 10:29,0.381844,0,0,23.903608,0.377677,426.8
2026/7/11 10:29,0.381841,0,0,23.835791,0.377677,427
2026/7/11 10:29,0.381831,0,0,23.767971,0.377677,427.2
2026/7/11 10:29,0.381827,0,0,23.831268,0.377677,427.4
2026/7/11 10:29,0.381817,0,0,23.835791,0.377677,427.6
2026/7/11 10:29,0.381817,0,0,23.767971,0.377677,427.8
2026/7/11 10:29,0.381811,0,0,23.903608,0.377677,428
2026/7/11 10:29,0.381797,0,0,23.87648,0.377677,428.2
2026/7/11 10:29,0.381794,0,0,23.777014,0.377677,428.4
2026/7/11 10:29,0.381784,0,0,23.903608,0.377677,428.6
2026/7/11 10:29,0.381777,0,0,23.87648,0.376447,428.8
2026/7/11 10:29,0.381774,0,0,23.795099,0.377677,429
2026/7/11 10:29,0.381764,0,0,23.817705,0.377677,429.2
2026/7/11 10:29,0.38176,0,0,23.763451,0.377677,429.4
2026/7/11 10:29,0.38176,0,0,23.767971,0.377677,429.6
2026/7/11 10:29,0.381747,0,0,23.75893,0.377677,429.8
2026/7/11 10:29,0.38174,0,0,23.727282,0.377677,430
2026/7/11 10:29,0.38173,0,0,23.75893,0.376447,430.2
2026/7/11 10:29,0.381733,0,0,23.75893,0.377677,430.4
2026/7/11 10:29,0.38172,0,0,23.75893,0.376736,430.6
2026/7/11 10:29,0.381713,0,0,23.75893,0.377677,430.8
2026/7/11 10:29,0.381706,0,0,23.75893,0.377677,431
2026/7/11 10:29,0.381706,0,0,23.727282,0.377677,431.2
2026/7/11 10:29,0.3817,0,0,23.677547,0.377677,431.4
2026/7/11 10:29,0.381689,0,0,23.75893,0.377677,431.6
2026/7/11 10:29,0.381686,0,0,23.727282,0.377677,431.8
2026/7/11 10:29,0.381673,0,0,23.75893,0.377677,432
2026/7/11 10:29,0.381669,0,0,23.75893,0.377677,432.2
2026/7/11 10:29,0.381666,0,0,23.691113,0.377604,432.4
2026/7/11 10:29,0.381659,0,0,23.75893,0.377677,432.6
2026/7/11 10:29,0.381652,0,0,23.75893,0.377677,432.8
2026/7/11 10:29,0.381639,0,0,23.75893,0.377677,433
2026/7/11 10:29,0.381639,0,0,23.75893,0.375796,433.2
2026/7/11 10:29,0.381632,0,0,23.835791,0.377677,433.4
2026/7/11 10:29,0.381625,0,0,23.75893,0.377677,433.6
2026/7/11 10:29,0.381619,0,0,23.831268,0.376736,433.8
2026/7/11 10:29,0.381609,0,0,23.894566,0.377459,434
2026/7/11 10:29,0.381605,0,0,23.75893,0.377604,434.2
2026/7/11 10:29,0.381605,0,0,23.795099,0.377677,434.4
2026/7/11 10:29,0.381592,0,0,23.903608,0.377677,434.6
2026/7/11 10:29,0.381588,0,0,23.763451,0.377677,434.8
2026/7/11 10:29,0.381578,0,0,23.831268,0.377677,435
2026/7/11 10:29,0.381575,0,0,23.87648,0.377242,435.2
2026/7/11 10:29,0.381572,0,0,23.763451,0.377242,435.4
2026/7/11 10:29,0.381562,0,0,23.831268,0.377677,435.6
2026/7/11 10:29,0.381558,0,0,23.87648,0.376736,435.8
2026/7/11 10:29,0.381548,0,0,23.763451,0.377677,436
2026/7/11 10:29,0.381541,0,0,23.826748,0.377677,436.2
2026/7/11 10:29,0.381538,0,0,23.835791,0.377677,436.4
2026/7/11 10:29,0.381531,0,0,23.763451,0.377677,436.6
2026/7/11 10:29,0.381521,0,0,23.835791,0.377677,436.8
2026/7/11 10:29,0.381514,0,0,23.87648,0.377677,437
2026/7/11 10:29,0.381514,0,0,23.767971,0.377677,437.2
2026/7/11 10:29,0.381508,0,0,23.908129,0.377677,437.4
2026/7/11 10:29,0.381498,0,0,23.87648,0.375506,437.6
2026/7/11 10:29,0.381494,0,0,23.777014,0.377677,437.8
2026/7/11 10:29,0.381487,0,0,23.908129,0.377677,438
2026/7/11 10:29,0.381484,0,0,23.835791,0.377677,438.2
2026/7/11 10:29,0.381474,0,0,23.767971,0.377459,438.4
2026/7/11 10:29,0.381471,0,0,23.908129,0.377677,438.6
2026/7/11 10:29,0.381467,0,0,23.75893,0.377459,438.8
2026/7/11 10:29,0.381457,0,0,23.767971,0.377677,439
2026/7/11 10:29,0.38145,0,0,23.908129,0.377677,439.2
2026/7/11 10:29,0.381447,0,0,23.75893,0.375796,439.4
2026/7/11 10:29,0.38144,0,0,23.767971,0.377532,439.6
2026/7/11 10:29,0.381434,0,0,23.908129,0.376736,439.8
2026/7/11 10:29,0.381427,0,0,23.87648,0.377677,440
2026/7/11 10:29,0.38142,0,0,23.767971,0.377604,440.2
2026/7/11 10:29,0.381413,0,0,23.903608,0.377677,440.4
2026/7/11 10:29,0.38141,0,0,23.840311,0.375362,440.6
2026/7/11 10:29,0.3814,0,0,23.75893,0.375506,440.8
2026/7/11 10:29,0.381393,0,0,23.75893,0.377677,441
2026/7/11 10:29,0.381386,0,0,23.75893,0.377677,441.2
2026/7/11 10:29,0.381383,0,0,23.75893,0.377677,441.4
2026/7/11 10:29,0.381376,0,0,23.75893,0.377677,441.6
2026/7/11 10:29,0.381373,0,0,23.727282,0.377677,441.8
2026/7/11 10:29,0.38137,0,0,23.641378,0.376447,442
2026/7/11 10:29,0.38136,0,0,23.75893,0.377677,442.2
2026/7/11 10:29,0.381356,0,0,23.745365,0.377677,442.4
2026/7/11 10:29,0.381353,0,0,23.75893,0.377677,442.6
2026/7/11 10:29,0.381339,0,0,23.75893,0.377677,442.8
2026/7/11 10:29,0.381336,0,0,23.727282,0.376736,443
2026/7/11 10:29,0.381326,0,0,23.75893,0.377387,443.2
2026/7/11 10:29,0.381326,0,0,23.75893,0.377677,443.4
2026/7/11 10:29,0.381312,0,0,23.727282,0.377677,443.6
2026/7/11 10:29,0.381309,0,0,23.677547,0.377459,443.8
2026/7/11 10:29,0.381306,0,0,23.754408,0.375868,444
2026/7/11 10:29,0.381299,0,0,23.745365,0.376591,444.2
2026/7/11 10:29,0.381292,0,0,23.75893,0.37717,444.4
2026/7/11 10:29,0.381282,0,0,23.75893,0.377677,444.6
2026/7/11 10:29,0.381282,0,0,23.75893,0.377459,444.8
2026/7/11 10:29,0.381275,0,0,23.75893,0.377242,445
2026/7/11 10:29,0.381265,0,0,23.75893,0.377532,445.2
2026/7/11 10:29,0.381262,0,0,23.75893,0.376736,445.4
2026/7/11 10:29,0.381262,0,0,23.75893,0.377459,445.6
2026/7/11 10:29,0.381248,0,0,23.75893,0.377459,445.8
2026/7/11 10:29,0.381245,0,0,23.75893,0.376591,446
2026/7/11 10:29,0.381242,0,0,23.75893,0.377604,446.2
2026/7/11 10:29,0.381235,0,0,23.75893,0.376736,446.4
2026/7/11 10:29,0.381228,0,0,23.75893,0.377387,446.6
2026/7/11 10:29,0.381225,0,0,23.75893,0.376736,446.8
2026/7/11 10:29,0.381211,0,0,23.75893,0.377459,447
2026/7/11 10:29,0.381211,0,0,23.75893,0.377677,447.2
2026/7/11 10:29,0.381201,0,0,23.75893,0.377098,447.4
2026/7/11 10:29,0.381201,0,0,23.754408,0.377677,447.6
2026/7/11 10:29,0.381188,0,0,23.75893,0.375796,447.8
2026/7/11 10:29,0.381184,0,0,23.75893,0.375796,448
2026/7/11 10:29,0.381181,0,0,23.754408,0.375796,448.2
2026/7/11 10:29,0.381171,0,0,23.700153,0.377677,448.4
2026/7/11 10:29,0.381168,0,0,23.75893,0.375796,448.6
2026/7/11 10:29,0.381154,0,0,23.75893,0.376157,448.8
2026/7/11 10:29,0.381154,0,0,23.75893,0.376374,449
2026/7/11 10:29,0.381154,0,0,23.75893,0.375723,449.2
2026/7/11 10:29,0.381147,0,0,23.754408,0.375289,449.4
2026/7/11 10:29,0.381141,0,0,23.641378,0.377098,449.6
2026/7/11 10:29,0.381137,0,0,23.75893,0.375796,449.8
2026/7/11 10:29,0.381134,0,0,23.75893,0.375796,450
2026/7/11 10:29,0.381121,0,0,23.75893,0.377459,450.2
2026/7/11 10:29,0.381114,0,0,23.75893,0.377677,450.4
2026/7/11 10:29,0.38111,0,0,23.75893,0.37717,450.6
2026/7/11 10:29,0.38111,0,0,23.75893,0.377604,450.8
2026/7/11 10:29,0.3811,0,0,23.826748,0.377098,451
2026/7/11 10:29,0.38109,0,0,23.75893,0.375796,451.2
2026/7/11 10:29,0.381087,0,0,23.767971,0.376013,451.4
2026/7/11 10:29,0.381077,0,0,23.831268,0.377098,451.6
2026/7/11 10:29,0.38107,0,0,23.835791,0.377604,451.8
2026/7/11 10:29,0.38107,0,0,23.795099,0.375506,452
2026/7/11 10:29,0.381063,0,0,23.903608,0.376447,452.2
2026/7/11 10:29,0.381057,0,0,23.835791,0.377387,452.4
2026/7/11 10:29,0.381057,0,0,23.795099,0.377532,452.6
2026/7/11 10:29,0.381053,0,0,23.908129,0.377604,452.8
2026/7/11 10:29,0.38104,0,0,23.75893,0.375579,453
2026/7/11 10:29,0.38103,0,0,23.795099,0.376447,453.2
2026/7/11 10:29,0.381036,0,0,23.881002,0.377532,453.4
2026/7/11 10:29,0.38103,0,0,23.75893,0.375362,453.6
2026/7/11 10:29,0.381016,0,0,23.795099,0.376664,453.8
2026/7/11 10:29,0.381013,0,0,23.908129,0.375651,454
2026/7/11 10:29,0.381009,0,0,23.840311,0.377387,454.2
2026/7/11 10:29,0.380993,0,0,23.777014,0.376013,454.4
2026/7/11 10:29,0.380993,0,0,23.903608,0.377677,454.6
2026/7/11 10:29,0.380986,0,0,23.763451,0.377098,454.8
2026/7/11 10:29,0.380982,0,0,23.777014,0.377677,455
2026/7/11 10:29,0.380969,0,0,23.894566,0.377242,455.2
2026/7/11 10:29,0.380966,0,0,23.763451,0.377604,455.4
2026/7/11 10:29,0.380962,0,0,23.795099,0.37717,455.6
2026/7/11 10:29,0.380966,0,0,23.903608,0.375289,455.8
2026/7/11 10:29,0.380952,0,0,23.763451,0.375289,456
2026/7/11 10:29,0.380949,0,0,23.835791,0.377677,456.2
2026/7/11 10:29,0.380939,0,0,23.87648,0.376157,456.4
2026/7/11 10:29,0.380939,0,0,23.767971,0.375579,456.6
2026/7/11 10:29,0.380929,0,0,23.831268,0.377459,456.8
2026/7/11 10:29,0.380925,0,0,23.894566,0.376736,457
2026/7/11 10:29,0.380915,0,0,23.763451,0.377677,457.2
2026/7/11 10:29,0.380912,0,0,23.831268,0.376447,457.4
2026/7/11 10:29,0.380905,0,0,23.87648,0.375723,457.6
2026/7/11 10:29,0.380902,0,0,23.763451,0.377098,457.8
2026/7/11 10:29,0.380892,0,0,23.903608,0.376736,458
2026/7/11 10:29,0.380888,0,0,23.87648,0.375362,458.2
2026/7/11 10:29,0.380881,0,0,23.767971,0.375579,458.4
2026/7/11 10:29,0.380878,0,0,23.908129,0.376736,458.6
2026/7/11 10:29,0.380871,0,0,23.835791,0.376447,458.8
2026/7/11 10:29,0.380868,0,0,23.777014,0.377532,459
2026/7/11 10:29,0.380861,0,0,23.831268,0.377387,459.2
2026/7/11 10:29,0.380855,0,0,23.894566,0.377387,459.4
2026/7/11 10:29,0.380848,0,0,23.763451,0.375217,459.6
2026/7/11 10:29,0.380844,0,0,23.831268,0.375651,459.8
2026/7/11 10:29,0.380838,0,0,23.75893,0.376157,460
2026/7/11 10:29,0.380841,0,0,23.767971,0.375434,460.2
2026/7/11 10:29,0.380828,0,0,23.908129,0.376302,460.4
2026/7/11 10:29,0.380821,0,0,23.835791,0.376302,460.6
2026/7/11 10:29,0.380821,0,0,23.767971,0.375217,460.8
2026/7/11 10:29,0.380814,0,0,23.826748,0.375362,461
2026/7/11 10:29,0.380807,0,0,23.840311,0.375217,461.2
2026/7/11 10:29,0.380804,0,0,23.777014,0.376157,461.4
2026/7/11 10:29,0.380794,0,0,23.894566,0.375506,461.6
2026/7/11 10:29,0.380787,0,0,23.840311,0.375217,461.8
2026/7/11 10:29,0.380777,0,0,23.795099,0.375217,462
2026/7/11 10:29,0.380777,0,0,23.894566,0.37594,462.2
2026/7/11 10:29,0.380767,0,0,23.835791,0.375796,462.4
2026/7/11 10:29,0.380767,0,0,23.795099,0.375506,462.6
2026/7/11 10:29,0.380757,0,0,23.903608,0.376013,462.8
2026/7/11 10:29,0.380747,0,0,23.763451,0.377098,463
2026/7/11 10:29,0.380743,0,0,23.835791,0.375289,463.2
2026/7/11 10:29,0.380743,0,0,23.894566,0.376447,463.4
2026/7/11 10:29,0.38074,0,0,23.763451,0.375362,463.6
2026/7/11 10:29,0.38074,0,0,23.795099,0.375434,463.8
2026/7/11 10:29,0.380727,0,0,23.894566,0.375217,464
2026/7/11 10:29,0.380723,0,0,23.763451,0.375362,464.2
2026/7/11 10:29,0.380717,0,0,23.795099,0.376157,464.4
2026/7/11 10:29,0.38071,0,0,23.835791,0.376591,464.6
2026/7/11 10:29,0.380703,0,0,23.767971,0.375362,464.8
2026/7/11 10:29,0.3807,0,0,23.795099,0.375217,465
2026/7/11 10:29,0.380693,0,0,23.835791,0.375579,465.2
2026/7/11 10:29,0.380693,0,0,23.767971,0.375217,465.4
2026/7/11 10:29,0.380679,0,0,23.908129,0.375506,465.6
2026/7/11 10:29,0.380679,0,0,23.75893,0.376447,465.8
2026/7/11 10:29,0.380673,0,0,23.767971,0.377098,466
2026/7/11 10:29,0.380666,0,0,23.908129,0.377459,466.2
2026/7/11 10:29,0.380666,0,0,23.835791,0.375362,466.4
2026/7/11 10:29,0.380663,0,0,23.767971,0.375217,466.6
2026/7/11 10:29,0.380649,0,0,23.831268,0.376519,466.8
2026/7/11 10:29,0.380639,0,0,23.75893,0.377098,467
2026/7/11 10:29,0.380639,0,0,23.777014,0.375217,467.2
2026/7/11 10:29,0.380639,0,0,23.903608,0.375217,467.4
2026/7/11 10:29,0.380622,0,0,23.75893,0.375289,467.6
2026/7/11 10:29,0.380622,0,0,23.777014,0.375362,467.8
2026/7/11 10:29,0.380622,0,0,23.908129,0.375506,468
2026/7/11 10:30,0.380616,0,0,23.840311,0.375362,468.2
2026/7/11 10:30,0.380605,0,0,23.795099,0.375434,468.4
2026/7/11 10:30,0.380599,0,0,23.894566,0.375217,468.6
2026/7/11 10:30,0.380595,0,0,23.75893,0.375868,468.8
2026/7/11 10:30,0.380589,0,0,23.835791,0.375434,469
2026/7/11 10:30,0.380582,0,0,23.835791,0.375289,469.2
2026/7/11 10:30,0.380575,0,0,23.840311,0.375217,469.4
2026/7/11 10:30,0.380572,0,0,23.831268,0.375217,469.6
2026/7/11 10:30,0.380568,0,0,23.894566,0.375217,469.8
2026/7/11 10:30,0.380565,0,0,23.763451,0.375289,470
2026/7/11 10:30,0.380558,0,0,23.831268,0.375362,470.2
2026/7/11 10:30,0.380555,0,0,23.87648,0.375217,470.4
2026/7/11 10:30,0.380541,0,0,23.767971,0.375217,470.6
2026/7/11 10:30,0.380538,0,0,23.835791,0.375217,470.8
2026/7/11 10:30,0.380531,0,0,23.87648,0.375289,471
2026/7/11 10:30,0.380528,0,0,23.767971,0.375217,471.2
2026/7/11 10:30,0.380521,0,0,23.908129,0.375217,471.4
2026/7/11 10:30,0.380521,0,0,23.87648,0.375217,471.6
2026/7/11 10:30,0.380511,0,0,23.767971,0.375362,471.8
2026/7/11 10:30,0.380504,0,0,23.908129,0.375289,472
2026/7/11 10:30,0.380498,0,0,23.75893,0.375723,472.2
2026/7/11 10:30,0.380494,0,0,23.777014,0.375217,472.4
2026/7/11 10:30,0.380491,0,0,23.903608,0.375217,472.6
2026/7/11 10:30,0.380484,0,0,23.835791,0.375217,472.8
2026/7/11 10:30,0.380477,0,0,23.767971,0.375289,473
2026/7/11 10:30,0.380474,0,0,23.903608,0.375217,473.2
2026/7/11 10:30,0.380474,0,0,23.75893,0.375217,473.4
2026/7/11 10:30,0.380461,0,0,23.831268,0.375217,473.6
2026/7/11 10:30,0.380457,0,0,23.894566,0.375217,473.8
2026/7/11 10:30,0.380447,0,0,23.763451,0.376447,474
2026/7/11 10:30,0.380451,0,0,23.795099,0.375217,474.2
2026/7/11 10:30,0.380437,0,0,23.894566,0.375868,474.4
2026/7/11 10:30,0.38044,0,0,23.763451,0.375289,474.6
2026/7/11 10:30,0.38043,0,0,23.763451,0.375217,474.8
2026/7/11 10:30,0.38043,0,0,23.908129,0.375217,475
2026/7/11 10:30,0.380417,0,0,23.75893,0.375217,475.2
2026/7/11 10:30,0.380414,0,0,23.767971,0.375217,475.4
2026/7/11 10:30,0.380414,0,0,23.894566,0.375362,475.6
2026/7/11 10:30,0.380403,0,0,23.75893,0.375217,475.8
2026/7/11 10:30,0.3804,0,0,23.835791,0.375217,476
2026/7/11 10:30,0.380397,0,0,23.87648,0.375217,476.2
2026/7/11 10:30,0.380387,0,0,23.763451,0.375217,476.4
2026/7/11 10:30,0.38038,0,0,23.795099,0.375217,476.6
2026/7/11 10:30,0.380373,0,0,23.87648,0.375217,476.8
2026/7/11 10:30,0.380366,0,0,23.763451,0.375217,477
2026/7/11 10:30,0.380366,0,0,23.908129,0.375217,477.2
2026/7/11 10:30,0.38036,0,0,23.87648,0.375217,477.4
2026/7/11 10:30,0.380356,0,0,23.763451,0.375217,477.6
2026/7/11 10:30,0.38035,0,0,23.795099,0.375217,477.8
2026/7/11 10:30,0.380339,0,0,23.894566,0.375217,478
2026/7/11 10:30,0.380339,0,0,23.777014,0.375217,478.2
2026/7/11 10:30,0.380333,0,0,23.908129,0.375217,478.4
2026/7/11 10:30,0.380323,0,0,23.87648,0.375434,478.6
2026/7/11 10:30,0.380323,0,0,23.767971,0.375217,478.8
2026/7/11 10:30,0.380319,0,0,23.908129,0.375217,479
2026/7/11 10:30,0.380313,0,0,23.87648,0.375217,479.2
2026/7/11 10:30,0.380306,0,0,23.767971,0.375217,479.4
2026/7/11 10:30,0.380306,0,0,23.903608,0.375217,479.6
2026/7/11 10:30,0.380292,0,0,23.835791,0.375362,479.8
2026/7/11 10:30,0.380292,0,0,23.777014,0.375217,480
2026/7/11 10:30,0.380289,0,0,23.903608,0.375217,480.2
2026/7/11 10:30,0.380279,0,0,23.75893,0.375217,480.4
2026/7/11 10:30,0.380282,0,0,23.777014,0.375217,480.6
2026/7/11 10:30,0.380272,0,0,23.894566,0.375217,480.8
2026/7/11 10:30,0.380262,0,0,23.75893,0.375217,481
2026/7/11 10:30,0.380259,0,0,23.795099,0.375217,481.2
2026/7/11 10:30,0.380255,0,0,23.903608,0.375217,481.4
2026/7/11 10:30,0.380252,0,0,23.75893,0.375217,481.6
2026/7/11 10:30,0.380249,0,0,23.790579,0.375217,481.8
2026/7/11 10:30,0.380242,0,0,23.894566,0.375217,482
2026/7/11 10:30,0.380232,0,0,23.763451,0.375217,482.2
2026/7/11 10:30,0.380228,0,0,23.912651,0.375217,482.4
2026/7/11 10:30,0.380225,0,0,23.903608,0.375217,482.6
2026/7/11 10:30,0.380218,0,0,23.75893,0.375217,482.8
2026/7/11 10:30,0.380215,0,0,23.908129,0.375217,483
2026/7/11 10:30,0.380208,0,0,23.87648,0.375217,483.2
2026/7/11 10:30,0.380205,0,0,23.767971,0.375217,483.4
2026/7/11 10:30,0.380195,0,0,23.908129,0.375217,483.6
2026/7/11 10:30,0.380195,0,0,23.835791,0.375217,483.8
2026/7/11 10:30,0.380185,0,0,23.767971,0.375217,484
2026/7/11 10:30,0.380181,0,0,23.908129,0.375217,484.2
2026/7/11 10:30,0.380178,0,0,23.835791,0.375217,484.4
2026/7/11 10:30,0.380168,0,0,23.767971,0.375217,484.6
2026/7/11 10:30,0.380164,0,0,23.903608,0.375217,484.8
2026/7/11 10:30,0.380164,0,0,23.87648,0.375217,485
2026/7/11 10:30,0.380154,0,0,23.767971,0.375217,485.2
2026/7/11 10:30,0.380148,0,0,23.903608,0.375217,485.4
2026/7/11 10:30,0.380141,0,0,23.835791,0.375217,485.6
2026/7/11 10:30,0.380137,0,0,23.777014,0.375217,485.8
2026/7/11 10:30,0.380134,0,0,23.903608,0.375217,486
2026/7/11 10:30,0.380124,0,0,23.763451,0.375217,486.2
2026/7/11 10:30,0.380117,0,0,23.777014,0.375217,486.4
2026/7/11 10:30,0.380117,0,0,23.903608,0.375217,486.6
2026/7/11 10:30,0.380111,0,0,23.763451,0.375217,486.8
2026/7/11 10:30,0.380107,0,0,23.795099,0.375217,487
2026/7/11 10:30,0.3801,0,0,23.908129,0.375217,487.2
2026/7/11 10:30,0.380097,0,0,23.840311,0.375217,487.4
2026/7/11 10:30,0.380087,0,0,23.835791,0.375217,487.6
2026/7/11 10:30,0.380087,0,0,23.903608,0.375217,487.8
2026/7/11 10:30,0.380084,0,0,23.75893,0.375217,488
2026/7/11 10:30,0.38007,0,0,23.835791,0.375217,488.2
2026/7/11 10:30,0.380073,0,0,23.87648,0.375217,488.4
2026/7/11 10:30,0.38007,0,0,23.763451,0.375217,488.6
2026/7/11 10:30,0.380063,0,0,23.835791,0.375217,488.8
2026/7/11 10:30,0.380053,0,0,23.87648,0.375217,489
2026/7/11 10:30,0.38005,0,0,23.763451,0.375217,489.2
2026/7/11 10:30,0.38005,0,0,23.908129,0.375217,489.4
2026/7/11 10:30,0.38004,0,0,23.87648,0.375217,489.6
2026/7/11 10:30,0.380036,0,0,23.767971,0.375217,489.8
2026/7/11 10:30,0.380036,0,0,23.790579,0.375217,490
2026/7/11 10:30,0.380023,0,0,23.835791,0.375217,490.2
2026/7/11 10:30,0.380023,0,0,23.767971,0.375217,490.4
2026/7/11 10:30,0.380013,0,0,23.908129,0.375217,490.6
2026/7/11 10:30,0.380013,0,0,23.75893,0.375217,490.8
2026/7/11 10:30,0.380006,0,0,23.767971,0.375217,491
2026/7/11 10:30,0.379996,0,0,23.903608,0.375217,491.2
2026/7/11 10:30,0.379996,0,0,23.75893,0.375217,491.4
2026/7/11 10:30,0.379986,0,0,23.767971,0.375217,491.6
2026/7/11 10:30,0.379986,0,0,23.908129,0.375217,491.8
2026/7/11 10:30,0.379976,0,0,23.763451,0.375217,492
2026/7/11 10:30,0.379966,0,0,23.767971,0.375217,492.2
2026/7/11 10:30,0.379962,0,0,23.908129,0.375217,492.4
2026/7/11 10:30,0.379962,0,0,23.763451,0.375217,492.6
2026/7/11 10:30,0.379956,0,0,23.777014,0.375217,492.8
2026/7/11 10:30,0.379956,0,0,23.903608,0.375217,493
2026/7/11 10:30,0.379946,0,0,23.763451,0.375217,493.2
2026/7/11 10:30,0.379942,0,0,23.795099,0.375217,493.4
2026/7/11 10:30,0.379935,0,0,23.87648,0.375217,493.6
2026/7/11 10:30,0.379932,0,0,23.763451,0.375217,493.8
2026/7/11 10:30,0.379929,0,0,23.831268,0.375217,494
2026/7/11 10:30,0.379922,0,0,23.894566,0.375217,494.2
2026/7/11 10:30,0.379912,0,0,23.763451,0.375217,494.4
2026/7/11 10:30,0.379912,0,0,23.912651,0.375217,494.6
2026/7/11 10:30,0.379912,0,0,23.87648,0.375217,494.8
2026/7/11 10:30,0.379898,0,0,23.763451,0.375217,495
2026/7/11 10:30,0.379892,0,0,23.908129,0.375217,495.2
2026/7/11 10:30,0.379888,0,0,23.87648,0.375217,495.4
2026/7/11 10:30,0.379885,0,0,23.767971,0.375217,495.6
2026/7/11 10:30,0.379885,0,0,23.831268,0.375217,495.8
2026/7/11 10:30,0.379878,0,0,23.87648,0.375217,496
2026/7/11 10:30,0.379868,0,0,23.763451,0.375217,496.2
2026/7/11 10:30,0.379868,0,0,23.894566,0.375217,496.4
2026/7/11 10:30,0.379865,0,0,23.87648,0.375217,496.6
2026/7/11 10:30,0.379855,0,0,23.777014,0.375217,496.8
2026/7/11 10:30,0.379855,0,0,23.903608,0.375217,497
2026/7/11 10:30,0.379851,0,0,23.75893,0.375217,497.2
2026/7/11 10:30,0.379841,0,0,23.795099,0.375217,497.4
2026/7/11 10:30,0.379841,0,0,23.894566,0.375217,497.6
2026/7/11 10:30,0.379834,0,0,23.763451,0.375217,497.8
2026/7/11 10:30,0.379824,0,0,23.777014,0.375217,498
2026/7/11 10:30,0.379824,0,0,23.908129,0.375217,498.2
2026/7/11 10:30,0.379821,0,0,23.763451,0.375217,498.4
2026/7/11 10:30,0.379811,0,0,23.795099,0.375217,498.6
2026/7/11 10:30,0.379801,0,0,23.817705,0.375217,498.8
2026/7/11 10:30,0.379794,0,0,23.75893,0.375217,499
2026/7/11 10:30,0.379787,0,0,23.795099,0.375217,499.2
2026/7/11 10:30,0.379791,0,0,23.894566,0.375217,499.4
2026/7/11 10:30,0.379781,0,0,23.763451,0.375217,499.6
2026/7/11 10:30,0.379777,0,0,23.835791,0.375217,499.8
2026/7/11 10:30,0.379774,0,0,23.87648,0.375217,500
2026/7/11 10:30,0.379767,0,0,23.763451,0.375217,500.2
2026/7/11 10:30,0.379764,0,0,23.795099,0.375217,500.4
2026/7/11 10:30,0.37976,0,0,23.835791,0.375217,500.6
2026/7/11 10:30,0.379747,0,0,23.763451,0.375217,500.8
2026/7/11 10:30,0.379747,0,0,23.795099,0.375217,501
2026/7/11 10:30,0.379744,0,0,23.87648,0.375217,501.2
2026/7/11 10:30,0.37974,0,0,23.763451,0.375217,501.4
2026/7/11 10:30,0.37973,0,0,23.903608,0.375217,501.6
2026/7/11 10:30,0.379727,0,0,23.777014,0.375217,501.8
2026/7/11 10:30,0.379723,0,0,23.767971,0.375217,502
2026/7/11 10:30,0.379717,0,0,23.908129,0.375217,502.2
2026/7/11 10:30,0.379713,0,0,23.835791,0.375217,502.4
2026/7/11 10:30,0.37971,0,0,23.767971,0.375217,502.6
2026/7/11 10:30,0.379707,0,0,23.908129,0.374783,502.8
2026/7/11 10:30,0.3797,0,0,23.835791,0.375217,503
2026/7/11 10:30,0.37969,0,0,23.75893,0.375217,503.2
2026/7/11 10:30,0.37969,0,0,23.908129,0.375217,503.4
2026/7/11 10:30,0.37968,0,0,23.75893,0.375217,503.6
2026/7/11 10:30,0.37968,0,0,23.795099,0.375217,503.8
2026/7/11 10:30,0.379673,0,0,23.894566,0.375217,504
2026/7/11 10:30,0.379663,0,0,23.75893,0.375217,504.2
2026/7/11 10:30,0.379666,0,0,23.835791,0.375217,504.4
2026/7/11 10:30,0.379659,0,0,23.87648,0.375217,504.6
2026/7/11 10:30,0.379653,0,0,23.763451,0.375217,504.8
2026/7/11 10:30,0.379649,0,0,23.795099,0.375217,505
2026/7/11 10:30,0.379643,0,0,23.87648,0.375217,505.2
2026/7/11 10:30,0.379643,0,0,23.763451,0.375217,505.4
2026/7/11 10:30,0.379636,0,0,23.835791,0.375217,505.6
2026/7/11 10:30,0.379626,0,0,23.903608,0.375217,505.8
2026/7/11 10:30,0.379629,0,0,23.763451,0.375217,506
2026/7/11 10:30,0.379612,0,0,23.831268,0.375217,506.2
2026/7/11 10:30,0.379612,0,0,23.894566,0.375217,506.4
2026/7/11 10:30,0.379602,0,0,23.767971,0.375217,506.6
2026/7/11 10:30,0.379599,0,0,23.908129,0.375217,506.8
2026/7/11 10:30,0.379589,0,0,23.894566,0.375217,507
2026/7/11 10:30,0.379585,0,0,23.763451,0.375217,507.2
2026/7/11 10:30,0.379585,0,0,23.908129,0.375217,507.4
2026/7/11 10:30,0.379582,0,0,23.894566,0.375217,507.6
2026/7/11 10:30,0.379575,0,0,23.763451,0.375217,507.8
2026/7/11 10:30,0.379572,0,0,23.781534,0.375217,508
2026/7/11 10:30,0.379558,0,0,23.835791,0.375217,508.2
2026/7/11 10:30,0.379565,0,0,23.795099,0.375217,508.4
2026/7/11 10:30,0.379555,0,0,23.908129,0.375217,508.6
2026/7/11 10:30,0.379552,0,0,23.835791,0.375217,508.8
2026/7/11 10:30,0.379542,0,0,23.767971,0.375217,509
2026/7/11 10:30,0.379542,0,0,23.826748,0.375217,509.2
2026/7/11 10:30,0.379538,0,0,23.835791,0.375217,509.4
2026/7/11 10:30,0.379535,0,0,23.777014,0.373987,509.6
2026/7/11 10:30,0.379528,0,0,23.903608,0.375217,509.8
2026/7/11 10:30,0.379521,0,0,23.87648,0.375217,510
2026/7/11 10:30,0.379518,0,0,23.795099,0.375217,510.2
2026/7/11 10:30,0.379508,0,0,23.908129,0.375217,510.4
2026/7/11 10:30,0.379508,0,0,23.763451,0.375217,510.6
2026/7/11 10:30,0.379498,0,0,23.767971,0.375217,510.8
2026/7/11 10:30,0.379498,0,0,23.903608,0.375217,511
2026/7/11 10:30,0.379491,0,0,23.763451,0.375217,511.2
2026/7/11 10:30,0.379488,0,0,23.795099,0.375217,511.4
2026/7/11 10:30,0.379478,0,0,23.903608,0.375217,511.6
2026/7/11 10:30,0.379478,0,0,23.75893,0.375217,511.8
2026/7/11 10:30,0.379474,0,0,23.795099,0.375217,512
2026/7/11 10:30,0.379467,0,0,23.87648,0.375217,512.2
2026/7/11 10:30,0.379461,0,0,23.763451,0.375217,512.4
2026/7/11 10:30,0.379454,0,0,23.777014,0.375217,512.6
2026/7/11 10:30,0.379454,0,0,23.894566,0.375217,512.8
2026/7/11 10:30,0.379444,0,0,23.763451,0.375217,513
2026/7/11 10:30,0.379441,0,0,23.835791,0.375217,513.2
2026/7/11 10:30,0.379434,0,0,23.894566,0.375217,513.4
2026/7/11 10:30,0.37943,0,0,23.763451,0.375217,513.6
2026/7/11 10:30,0.37942,0,0,23.831268,0.374783,513.8
2026/7/11 10:30,0.379424,0,0,23.894566,0.375217,514
2026/7/11 10:30,0.379414,0,0,23.763451,0.375217,514.2
2026/7/11 10:30,0.379414,0,0,23.835791,0.375217,514.4
2026/7/11 10:30,0.37941,0,0,23.894566,0.375217,514.6
2026/7/11 10:30,0.379397,0,0,23.763451,0.375217,514.8
2026/7/11 10:30,0.379393,0,0,23.912651,0.375217,515
2026/7/11 10:30,0.379387,0,0,23.87648,0.375217,515.2
2026/7/11 10:30,0.379387,0,0,23.75893,0.375217,515.4
2026/7/11 10:30,0.37938,0,0,23.831268,0.375217,515.6
2026/7/11 10:30,0.379377,0,0,23.87648,0.375217,515.8
2026/7/11 10:30,0.379363,0,0,23.767971,0.375217,516
2026/7/11 10:30,0.379366,0,0,23.912651,0.375217,516.2
2026/7/11 10:30,0.37936,0,0,23.87648,0.375217,516.4
2026/7/11 10:30,0.379356,0,0,23.767971,0.375217,516.6
2026/7/11 10:30,0.379346,0,0,23.908129,0.375217,516.8
2026/7/11 10:30,0.379346,0,0,23.87648,0.375217,517
2026/7/11 10:30,0.37934,0,0,23.767971,0.375217,517.2
2026/7/11 10:30,0.379336,0,0,23.903608,0.375217,517.4
2026/7/11 10:30,0.379333,0,0,23.87648,0.375217,517.6
2026/7/11 10:30,0.379329,0,0,23.777014,0.375217,517.8
2026/7/11 10:30,0.379319,0,0,23.903608,0.375217,518
2026/7/11 10:30,0.379316,0,0,23.87648,0.375217,518.2
2026/7/11 10:30,0.379309,0,0,23.767971,0.375217,518.4
2026/7/11 10:30,0.379309,0,0,23.908129,0.373336,518.6
2026/7/11 10:30,0.379299,0,0,23.87648,0.375217,518.8
2026/7/11 10:30,0.379292,0,0,23.777014,0.375217,519
2026/7/11 10:30,0.379292,0,0,23.908129,0.375217,519.2
2026/7/11 10:30,0.379286,0,0,23.835791,0.375217,519.4
2026/7/11 10:30,0.379286,0,0,23.795099,0.374277,519.6
2026/7/11 10:30,0.379272,0,0,23.903608,0.375,519.8
2026/7/11 10:30,0.379272,0,0,23.75893,0.375217,520
2026/7/11 10:30,0.379266,0,0,23.835791,0.375217,520.2
2026/7/11 10:30,0.379262,0,0,23.894566,0.375217,520.4
2026/7/11 10:30,0.379269,0,0,23.763451,0.373336,520.6
2026/7/11 10:30,0.379272,0,0,23.795099,0.375217,520.8
2026/7/11 10:30,0.379262,0,0,23.903608,0.375217,521
2026/7/11 10:30,0.379269,0,0,23.75893,0.375217,521.2
2026/7/11 10:30,0.379259,0,0,23.795099,0.375217,521.4
2026/7/11 10:30,0.379259,0,0,23.894566,0.375217,521.6
2026/7/11 10:30,0.379255,0,0,23.763451,0.375217,521.8
2026/7/11 10:30,0.379259,0,0,23.767971,0.375217,522
2026/7/11 10:30,0.379249,0,0,23.894566,0.375217,522.2
2026/7/11 10:30,0.379245,0,0,23.763451,0.375217,522.4
2026/7/11 10:30,0.379249,0,0,23.835791,0.375217,522.6
2026/7/11 10:30,0.379242,0,0,23.87648,0.375217,522.8
2026/7/11 10:30,0.379242,0,0,23.763451,0.374277,523
2026/7/11 10:30,0.379242,0,0,23.912651,0.374711,523.2
2026/7/11 10:30,0.379239,0,0,23.835791,0.375217,523.4
2026/7/11 10:30,0.379242,0,0,23.767971,0.375217,523.6
2026/7/11 10:30,0.379235,0,0,23.912651,0.375217,523.8
2026/7/11 10:30,0.379239,0,0,23.835791,0.375217,524
2026/7/11 10:30,0.379235,0,0,23.767971,0.375217,524.2
2026/7/11 10:30,0.379232,0,0,23.908129,0.375217,524.4
2026/7/11 10:30,0.379228,0,0,23.87648,0.375217,524.6
2026/7/11 10:30,0.379228,0,0,23.767971,0.375,524.8
2026/7/11 10:30,0.379228,0,0,23.831268,0.375217,525
2026/7/11 10:30,0.379225,0,0,23.835791,0.375217,525.2
2026/7/11 10:30,0.379228,0,0,23.767971,0.373987,525.4
2026/7/11 10:30,0.379222,0,0,23.903608,0.375145,525.6
2026/7/11 10:30,0.379222,0,0,23.75893,0.375217,525.8
2026/7/11 10:30,0.379215,0,0,23.777014,0.375217,526
2026/7/11 10:30,0.379212,0,0,23.894566,0.375217,526.2
2026/7/11 10:30,0.379212,0,0,23.75893,0.375217,526.4
2026/7/11 10:30,0.379212,0,0,23.777014,0.375217,526.6
2026/7/11 10:30,0.379212,0,0,23.908129,0.375217,526.8
2026/7/11 10:30,0.379212,0,0,23.835791,0.375217,527
2026/7/11 10:30,0.379205,0,0,23.767971,0.375217,527.2
2026/7/11 10:30,0.379202,0,0,23.894566,0.375217,527.4
2026/7/11 10:30,0.379205,0,0,23.835791,0.375217,527.6
2026/7/11 10:30,0.379198,0,0,23.795099,0.375145,527.8
2026/7/11 10:30,0.379198,0,0,23.903608,0.375217,528
2026/7/11 10:31,0.379198,0,0,23.75893,0.375217,528.2
2026/7/11 10:31,0.379195,0,0,23.795099,0.375217,528.4
2026/7/11 10:31,0.379191,0,0,23.903608,0.375217,528.6
2026/7/11 10:31,0.379195,0,0,23.763451,0.375217,528.8
2026/7/11 10:31,0.379188,0,0,23.777014,0.375217,529
2026/7/11 10:31,0.379185,0,0,23.87648,0.375217,529.2
2026/7/11 10:31,0.379181,0,0,23.763451,0.375217,529.4
2026/7/11 10:31,0.379188,0,0,23.835791,0.375217,529.6
2026/7/11 10:31,0.379181,0,0,23.903608,0.374783,529.8
2026/7/11 10:31,0.379171,0,0,23.763451,0.375217,530
2026/7/11 10:31,0.379171,0,0,23.795099,0.375217,530.2
2026/7/11 10:31,0.379178,0,0,23.835791,0.375217,530.4
2026/7/11 10:31,0.379178,0,0,23.763451,0.375217,530.6
2026/7/11 10:31,0.379168,0,0,23.912651,0.375217,530.8
2026/7/11 10:31,0.379165,0,0,23.903608,0.375217,531
2026/7/11 10:31,0.379168,0,0,23.912651,0.375217,531.2
2026/7/11 10:31,0.379161,0,0,23.912651,0.373987,531.4
2026/7/11 10:31,0.379161,0,0,23.912651,0.375217,531.6
2026/7/11 10:31,0.379158,0,0,23.912651,0.375217,531.8
2026/7/11 10:31,0.379151,0,0,23.912651,0.375217,532
2026/7/11 10:31,0.379158,0,0,23.912651,0.375217,532.2
2026/7/11 10:31,0.379151,0,0,23.912651,0.375217,532.4
2026/7/11 10:31,0.379151,0,0,23.912651,0.375217,532.6
2026/7/11 10:31,0.379148,0,0,23.912651,0.374928,532.8
2026/7/11 10:31,0.379144,0,0,23.912651,0.375217,533
2026/7/11 10:31,0.379148,0,0,23.912651,0.373336,533.2
2026/7/11 10:31,0.379144,0,0,23.912651,0.375217,533.4
2026/7/11 10:31,0.379144,0,0,23.912651,0.374277,533.6
2026/7/11 10:31,0.379141,0,0,23.912651,0.375217,533.8
2026/7/11 10:31,0.379144,0,0,23.912651,0.375217,534
2026/7/11 10:31,0.379138,0,0,23.912651,0.375,534.2
2026/7/11 10:31,0.379134,0,0,23.912651,0.375072,534.4
2026/7/11 10:31,0.379134,0,0,23.763451,0.375217,534.6
2026/7/11 10:31,0.379131,0,0,23.795099,0.375217,534.8
2026/7/11 10:31,0.379131,0,0,23.903608,0.375217,535
2026/7/11 10:31,0.379127,0,0,23.763451,0.375217,535.2
2026/7/11 10:31,0.379121,0,0,23.835791,0.375217,535.4
2026/7/11 10:31,0.379121,0,0,23.903608,0.375217,535.6
2026/7/11 10:31,0.379127,0,0,23.75893,0.374711,535.8
2026/7/11 10:31,0.379124,0,0,23.795099,0.375072,536
2026/7/11 10:31,0.379117,0,0,23.894566,0.375217,536.2
2026/7/11 10:31,0.379111,0,0,23.75893,0.374783,536.4
2026/7/11 10:31,0.379111,0,0,23.831268,0.373987,536.6
2026/7/11 10:31,0.379114,0,0,23.894566,0.374783,536.8
2026/7/11 10:31,0.379111,0,0,23.763451,0.374928,537
2026/7/11 10:31,0.379114,0,0,23.908129,0.375072,537.2
2026/7/11 10:31,0.379104,0,0,23.87648,0.375217,537.4
2026/7/11 10:31,0.379107,0,0,23.763451,0.373336,537.6
2026/7/11 10:31,0.379101,0,0,23.908129,0.375217,537.8
2026/7/11 10:31,0.379097,0,0,23.87648,0.375217,538
2026/7/11 10:31,0.379097,0,0,23.912651,0.373336,538.2
2026/7/11 10:31,0.379094,0,0,23.94882,0.375217,538.4
2026/7/11 10:31,0.379094,0,0,23.912651,0.375217,538.6
2026/7/11 10:31,0.379094,0,0,23.917171,0.374783,538.8
2026/7/11 10:31,0.379094,0,0,23.912651,0.37283,539
2026/7/11 10:31,0.379087,0,0,23.912651,0.37283,539.2
2026/7/11 10:31,0.379087,0,0,23.912651,0.375072,539.4
2026/7/11 10:31,0.37908,0,0,23.912651,0.375,539.6
2026/7/11 10:31,0.379084,0,0,23.912651,0.375217,539.8
2026/7/11 10:31,0.379074,0,0,23.921692,0.375145,540
2026/7/11 10:31,0.37908,0,0,23.912651,0.375217,540.2
2026/7/11 10:31,0.37908,0,0,23.912651,0.375217,540.4
2026/7/11 10:31,0.37907,0,0,23.912651,0.375,540.6
2026/7/11 10:31,0.379067,0,0,23.912651,0.374277,540.8
2026/7/11 10:31,0.379067,0,0,23.912651,0.375217,541
2026/7/11 10:31,0.379067,0,0,23.912651,0.373336,541.2
2026/7/11 10:31,0.379067,0,0,23.912651,0.375217,541.4
2026/7/11 10:31,0.379064,0,0,23.912651,0.37377,541.6
2026/7/11 10:31,0.379064,0,0,23.912651,0.375217,541.8
2026/7/11 10:31,0.379057,0,0,23.912651,0.374277,542
2026/7/11 10:31,0.379064,0,0,23.912651,0.374204,542.2
2026/7/11 10:31,0.379057,0,0,23.912651,0.375217,542.4
2026/7/11 10:31,0.37905,0,0,23.912651,0.375072,542.6
2026/7/11 10:31,0.379053,0,0,23.912651,0.372902,542.8
2026/7/11 10:31,0.37905,0,0,23.921692,0.373336,543
2026/7/11 10:31,0.37905,0,0,23.912651,0.373987,543.2
2026/7/11 10:31,0.379047,0,0,23.912651,0.373264,543.4
2026/7/11 10:31,0.37904,0,0,23.930737,0.374277,543.6
2026/7/11 10:31,0.37904,0,0,23.912651,0.375217,543.8
2026/7/11 10:31,0.37904,0,0,23.912651,0.373336,544
2026/7/11 10:31,0.379037,0,0,23.912651,0.375145,544.2
2026/7/11 10:31,0.379037,0,0,23.912651,0.374928,544.4
2026/7/11 10:31,0.379037,0,0,23.912651,0.375217,544.6
2026/7/11 10:31,0.378798,0,0,23.930737,0.375072,544.8
2026/7/11 10:31,0.378646,1,0,23.912651,0.373047,545
2026/7/11 10:31,0.37866,7,0,23.912651,0.373336,545.2
2026/7/11 10:31,0.37866,3,0,23.912651,0.373987,545.4
2026/7/11 10:31,0.378649,0,0,23.912651,0.372758,545.6
2026/7/11 10:31,0.378646,0,0,23.912651,0.374711,545.8
2026/7/11 10:31,0.378639,0,0,23.912651,0.374711,546
2026/7/11 10:31,0.378633,0,0,23.912651,0.374277,546.2
2026/7/11 10:31,0.378787,0,0,23.912651,0.372902,546.4
2026/7/11 10:31,0.378734,263,0,23.912651,0.372975,546.6
2026/7/11 10:31,0.378882,601,0,23.912651,0.373915,546.8
2026/7/11 10:31,0.378892,1132,0,23.912651,0.373264,547
2026/7/11 10:31,0.378902,1376,0,23.912651,0.372758,547.2
2026/7/11 10:31,0.378912,1468,0,23.912651,0.374711,547.4
2026/7/11 10:31,0.378925,1506,0,23.912651,0.374277,547.6
2026/7/11 10:31,0.378932,1526,0,23.912651,0.374277,547.8
2026/7/11 10:31,0.378942,1534,0,23.912651,0.375217,548
2026/7/11 10:31,0.378949,1547,0,23.912651,0.373047,548.2
2026/7/11 10:31,0.378956,1560,0,23.912651,0.375072,548.4
2026/7/11 10:31,0.378963,1572,0,23.912651,0.373047,548.6
2026/7/11 10:31,0.378966,1581,0,23.917171,0.374783,548.8
2026/7/11 10:31,0.378979,1589,0,23.912651,0.374783,549
2026/7/11 10:31,0.378983,1592,0,23.912651,0.373336,549.2
2026/7/11 10:31,0.378986,1597,0,23.912651,0.375217,549.4
2026/7/11 10:31,0.379,1603,0,23.912651,0.373264,549.6
2026/7/11 10:31,0.379003,1608,0,23.912651,0.373915,549.8
2026/7/11 10:31,0.379006,1611,0,23.912651,0.373698,550
2026/7/11 10:31,0.379023,1613,0,23.912651,0.373336,550.2
2026/7/11 10:31,0.379023,1616,0,23.912651,0.374638,550.4
2026/7/11 10:31,0.379033,1618,0,23.912651,0.375072,550.6
2026/7/11 10:31,0.37904,1620,0,23.912651,0.373336,550.8
2026/7/11 10:31,0.37905,1623,0,23.912651,0.375217,551
2026/7/11 10:31,0.37906,1625,0,23.912651,0.374711,551.2
2026/7/11 10:31,0.379064,1626,0,23.912651,0.375217,551.4
2026/7/11 10:31,0.379074,1628,0,23.912651,0.373336,551.6
2026/7/11 10:31,0.37908,1629,0,23.912651,0.373047,551.8
2026/7/11 10:31,0.37908,1630,0,23.912651,0.375217,552
2026/7/11 10:31,0.379097,1631,0,23.912651,0.37283,552.2
2026/7/11 10:31,0.379104,1633,0,23.912651,0.375217,552.4
2026/7/11 10:31,0.379111,1633,0,23.912651,0.375217,552.6
2026/7/11 10:31,0.379114,1634,0,23.912651,0.375217,552.8
2026/7/11 10:31,0.379121,1635,0,23.912651,0.375217,553
2026/7/11 10:31,0.379131,1636,0,23.912651,0.374277,553.2
2026/7/11 10:31,0.379138,1636,0,23.912651,0.374711,553.4
2026/7/11 10:31,0.379148,1637,0,23.912651,0.375145,553.6
2026/7/11 10:31,0.379148,1637,0,23.912651,0.375217,553.8
2026/7/11 10:31,0.379158,1638,0,23.912651,0.375217,554
2026/7/11 10:31,0.379165,1638,0,23.912651,0.374783,554.2
2026/7/11 10:31,0.379171,1639,0,23.912651,0.373336,554.4
2026/7/11 10:31,0.379171,1639,0,23.921692,0.373119,554.6
2026/7/11 10:31,0.379191,1639,0,23.912651,0.375072,554.8
2026/7/11 10:31,0.379198,1640,0,23.912651,0.375217,555
2026/7/11 10:31,0.379205,1640,0,23.912651,0.373987,555.2
2026/7/11 10:31,0.379205,1641,0,23.912651,0.375217,555.4
2026/7/11 10:31,0.379212,1641,0,23.912651,0.375217,555.6
2026/7/11 10:31,0.379225,1641,0,23.939777,0.375217,555.8
2026/7/11 10:31,0.379232,1641,0,23.912651,0.375217,556
2026/7/11 10:31,0.379232,1641,0,23.912651,0.375217,556.2
2026/7/11 10:31,0.379239,1642,0,23.912651,0.375145,556.4
2026/7/11 10:31,0.379255,1642,0,23.912651,0.375217,556.6
2026/7/11 10:31,0.379259,1642,0,23.912651,0.375217,556.8
2026/7/11 10:31,0.379269,1642,0,23.912651,0.375217,557
2026/7/11 10:31,0.379272,1642,0,23.912651,0.375217,557.2
2026/7/11 10:31,0.379279,1642,0,23.912651,0.375217,557.4
2026/7/11 10:31,0.379289,1642,0,23.912651,0.375217,557.6
2026/7/11 10:31,0.379289,1642,0,23.912651,0.374277,557.8
2026/7/11 10:31,0.379296,1643,0,23.912651,0.374783,558
2026/7/11 10:31,0.379303,1643,0,23.912651,0.375217,558.2
2026/7/11 10:31,0.379316,1642,0,23.912651,0.375217,558.4
2026/7/11 10:31,0.379319,1642,0,23.917171,0.375217,558.6
2026/7/11 10:31,0.379323,1642,0,23.912651,0.375217,558.8
2026/7/11 10:31,0.379329,1644,0,23.912651,0.375217,559
2026/7/11 10:31,0.37934,1643,0,23.921692,0.375217,559.2
2026/7/11 10:31,0.379346,1643,0,23.912651,0.373336,559.4
2026/7/11 10:31,0.379353,1643,0,23.912651,0.375217,559.6
2026/7/11 10:31,0.379363,1643,0,23.912651,0.373336,559.8
2026/7/11 10:31,0.379366,1643,0,23.98951,0.375145,560
2026/7/11 10:31,0.379377,1644,0,23.912651,0.375217,560.2
2026/7/11 10:31,0.379377,1644,0,23.912651,0.375217,560.4
2026/7/11 10:31,0.37939,1644,0,23.912651,0.375217,560.6
2026/7/11 10:31,0.379393,1644,0,23.912651,0.375217,560.8
2026/7/11 10:31,0.3794,1644,0,23.912651,0.375217,561
2026/7/11 10:31,0.3794,1644,0,23.912651,0.375217,561.2
2026/7/11 10:31,0.379417,1644,0,23.912651,0.375217,561.4
2026/7/11 10:31,0.37942,1644,0,23.912651,0.375217,561.6
2026/7/11 10:31,0.37943,1644,0,23.912651,0.375145,561.8
2026/7/11 10:31,0.37943,1644,0,23.912651,0.375217,562
2026/7/11 10:31,0.379437,1643,0,23.912651,0.375217,562.2
2026/7/11 10:31,0.379447,1643,0,23.912651,0.375217,562.4
2026/7/11 10:31,0.379454,1644,0,23.912651,0.375217,562.6
2026/7/11 10:31,0.379457,1644,0,23.912651,0.373987,562.8
2026/7/11 10:31,0.379464,1644,0,23.912651,0.375217,563
2026/7/11 10:31,0.379474,1644,0,23.912651,0.375217,563.2
2026/7/11 10:31,0.379481,1644,0,23.912651,0.373336,563.4
2026/7/11 10:31,0.379488,1644,0,23.912651,0.375217,563.6
2026/7/11 10:31,0.379491,1644,0,23.912651,0.375217,563.8
2026/7/11 10:31,0.379501,1644,0,23.912651,0.375217,564
2026/7/11 10:31,0.379505,1644,0,23.912651,0.375217,564.2
2026/7/11 10:31,0.379508,1644,0,23.912651,0.375217,564.4
2026/7/11 10:31,0.379515,1644,0,23.912651,0.375217,564.6
2026/7/11 10:31,0.379525,1644,0,23.912651,0.375217,564.8
2026/7/11 10:31,0.379525,1644,0,23.917171,0.375217,565
2026/7/11 10:31,0.379531,1644,0,23.912651,0.375217,565.2
2026/7/11 10:31,0.379548,1644,0,23.912651,0.375217,565.4
2026/7/11 10:31,0.379552,1643,0,23.912651,0.375072,565.6
2026/7/11 10:31,0.379552,1644,0,23.912651,0.375217,565.8
2026/7/11 10:31,0.379568,1644,0,23.912651,0.375217,566
2026/7/11 10:31,0.379568,1644,0,23.912651,0.375217,566.2
2026/7/11 10:31,0.379572,1643,0,23.912651,0.375217,566.4
2026/7/11 10:31,0.379582,1644,0,23.912651,0.375217,566.6
2026/7/11 10:31,0.379592,1644,0,23.917171,0.375217,566.8
2026/7/11 10:31,0.379592,1644,0,23.98951,0.375217,567
2026/7/11 10:31,0.379599,1644,0,23.912651,0.375217,567.2
2026/7/11 10:31,0.379606,1644,0,23.912651,0.375217,567.4
2026/7/11 10:31,0.379619,1643,0,23.912651,0.375217,567.6
2026/7/11 10:31,0.379622,1643,0,23.912651,0.375217,567.8
2026/7/11 10:31,0.379622,1643,0,23.926214,0.375217,568
2026/7/11 10:31,0.379632,1643,0,23.912651,0.375217,568.2
2026/7/11 10:31,0.379643,1644,0,23.912651,0.375217,568.4
2026/7/11 10:31,0.379643,1644,0,23.912651,0.375217,568.6
2026/7/11 10:31,0.379659,1643,0,23.912651,0.375217,568.8
2026/7/11 10:31,0.379659,1643,0,23.912651,0.375217,569
2026/7/11 10:31,0.379663,1643,0,23.912651,0.375217,569.2
2026/7/11 10:31,0.379666,1642,0,23.912651,0.375217,569.4
2026/7/11 10:31,0.379683,1643,0,23.912651,0.375217,569.6
2026/7/11 10:31,0.379683,1642,0,23.912651,0.375217,569.8
2026/7/11 10:31,0.37969,1642,0,23.912651,0.374277,570
2026/7/11 10:31,0.37969,1644,0,23.912651,0.375217,570.2
2026/7/11 10:31,0.3797,1644,0,23.912651,0.374783,570.4
2026/7/11 10:31,0.37971,1643,0,23.912651,0.375217,570.6
2026/7/11 10:31,0.379713,1643,0,23.912651,0.375217,570.8
2026/7/11 10:31,0.379713,1642,0,23.912651,0.375217,571
2026/7/11 10:31,0.379723,1643,0,23.912651,0.375217,571.2
2026/7/11 10:31,0.379727,1643,0,23.912651,0.375217,571.4
2026/7/11 10:31,0.37974,1643,0,23.912651,0.375217,571.6
2026/7/11 10:31,0.379744,1642,0,23.912651,0.375217,571.8
2026/7/11 10:31,0.37975,1642,0,23.912651,0.375217,572
2026/7/11 10:31,0.379754,1642,0,23.912651,0.375217,572.2
2026/7/11 10:31,0.379757,1642,0,23.912651,0.375217,572.4
2026/7/11 10:31,0.37977,1642,0,23.912651,0.375217,572.6
2026/7/11 10:31,0.379774,1642,0,23.912651,0.375217,572.8
2026/7/11 10:31,0.379777,1642,0,23.912651,0.375217,573
2026/7/11 10:31,0.379791,1643,0,23.912651,0.375217,573.2
2026/7/11 10:31,0.379794,1643,0,23.912651,0.375217,573.4
2026/7/11 10:31,0.379797,1642,0,23.912651,0.375217,573.6
2026/7/11 10:31,0.379804,1642,0,23.912651,0.375217,573.8
2026/7/11 10:31,0.379811,1642,0,23.912651,0.375217,574
2026/7/11 10:31,0.379818,1642,0,23.912651,0.375217,574.2
2026/7/11 10:31,0.379821,1642,0,23.912651,0.375217,574.4
2026/7/11 10:31,0.379831,1642,0,23.912651,0.375217,574.6
2026/7/11 10:31,0.379834,1642,0,23.912651,0.375217,574.8
2026/7/11 10:31,0.379848,1642,0,23.912651,0.375217,575
2026/7/11 10:31,0.379851,1642,0,23.98951,0.375217,575.2
2026/7/11 10:31,0.379851,1642,0,23.912651,0.375217,575.4
2026/7/11 10:31,0.379858,1642,0,23.912651,0.375217,575.6
2026/7/11 10:31,0.379868,1642,0,23.912651,0.375217,575.8
2026/7/11 10:31,0.379868,1641,0,23.912651,0.375217,576
2026/7/11 10:31,0.379882,1641,0,23.921692,0.375217,576.2
2026/7/11 10:31,0.379882,1642,0,23.912651,0.375217,576.4
2026/7/11 10:31,0.379892,1642,0,23.912651,0.375217,576.6
2026/7/11 10:31,0.379895,1642,0,23.912651,0.375217,576.8
2026/7/11 10:31,0.379902,1641,0,23.912651,0.375217,577
2026/7/11 10:31,0.379905,1642,0,23.912651,0.375217,577.2
2026/7/11 10:31,0.379912,1642,0,23.926214,0.375217,577.4
2026/7/11 10:31,0.379919,1642,0,23.912651,0.375217,577.6
2026/7/11 10:31,0.379929,1642,0,23.912651,0.375217,577.8
2026/7/11 10:31,0.379932,1642,0,23.912651,0.375217,578
2026/7/11 10:31,0.379942,1642,0,23.912651,0.375217,578.2
2026/7/11 10:31,0.379946,1642,0,23.912651,0.375217,578.4
2026/7/11 10:31,0.379946,1642,0,23.912651,0.375217,578.6
2026/7/11 10:31,0.379956,1641,0,23.912651,0.375217,578.8
2026/7/11 10:31,0.379959,1642,0,23.912651,0.375217,579
2026/7/11 10:31,0.379962,1642,0,23.912651,0.375217,579.2
2026/7/11 10:31,0.379976,1641,0,23.912651,0.375217,579.4
2026/7/11 10:31,0.379976,1641,0,23.912651,0.375217,579.6
2026/7/11 10:31,0.379983,1641,0,23.912651,0.375217,579.8
2026/7/11 10:31,0.379989,1642,0,23.912651,0.375217,580
2026/7/11 10:31,0.379999,1641,0,23.912651,0.375217,580.2
2026/7/11 10:31,0.380006,1641,0,23.912651,0.375217,580.4
2026/7/11 10:31,0.38001,1641,0,23.912651,0.375217,580.6
2026/7/11 10:31,0.380006,1641,0,23.912651,0.375217,580.8
2026/7/11 10:31,0.380023,1641,0,23.912651,0.375217,581
2026/7/11 10:31,0.38002,1641,0,23.912651,0.375217,581.2
2026/7/11 10:31,0.38003,1640,0,23.912651,0.375217,581.4
2026/7/11 10:31,0.380036,1640,0,23.912651,0.375217,581.6
2026/7/11 10:31,0.38004,1640,0,23.912651,0.375217,581.8
2026/7/11 10:31,0.380053,1640,0,23.912651,0.375217,582
2026/7/11 10:31,0.380057,1639,0,23.930737,0.375217,582.2
2026/7/11 10:31,0.38006,1639,0,23.912651,0.375217,582.4
2026/7/11 10:31,0.380063,1638,0,23.912651,0.375217,582.6
2026/7/11 10:31,0.380073,1638,0,23.912651,0.375217,582.8
2026/7/11 10:31,0.380084,1638,0,23.912651,0.375217,583
2026/7/11 10:31,0.380084,1638,0,23.912651,0.375217,583.2
2026/7/11 10:31,0.38009,1637,0,23.912651,0.375217,583.4
2026/7/11 10:31,0.380097,1637,0,23.912651,0.375217,583.6
2026/7/11 10:31,0.380097,1636,0,23.912651,0.375217,583.8
2026/7/11 10:31,0.380107,1636,0,23.912651,0.375217,584
2026/7/11 10:31,0.380107,1635,0,23.912651,0.375217,584.2
2026/7/11 10:31,0.380117,1634,0,23.912651,0.375217,584.4
2026/7/11 10:31,0.380117,1633,0,23.912651,0.375217,584.6
2026/7/11 10:31,0.380131,1632,0,23.912651,0.375217,584.8
2026/7/11 10:31,0.380131,1631,0,23.912651,0.375217,585
2026/7/11 10:31,0.380137,1630,0,23.912651,0.375217,585.2
2026/7/11 10:31,0.380148,1629,0,23.912651,0.375217,585.4
2026/7/11 10:31,0.380148,1629,0,23.917171,0.375217,585.6
2026/7/11 10:31,0.380151,1627,0,23.98951,0.375217,585.8
2026/7/11 10:31,0.380164,1627,0,23.912651,0.375217,586
2026/7/11 10:31,0.380164,1625,0,23.917171,0.375217,586.2
2026/7/11 10:31,0.380181,1624,0,23.912651,0.375217,586.4
2026/7/11 10:31,0.380178,1622,0,23.912651,0.375217,586.6
2026/7/11 10:31,0.380174,1621,0,23.912651,0.375217,586.8
2026/7/11 10:31,0.380185,1620,0,23.912651,0.375217,587
2026/7/11 10:31,0.380195,1618,0,23.912651,0.375217,587.2
2026/7/11 10:31,0.380195,1617,0,23.912651,0.375217,587.4
2026/7/11 10:31,0.380198,1614,0,23.912651,0.375217,587.6
2026/7/11 10:31,0.380201,1614,0,23.912651,0.375217,587.8
2026/7/11 10:31,0.380212,1612,0,23.912651,0.375217,588
2026/7/11 10:32,0.380218,1610,0,23.912651,0.375217,588.2
2026/7/11 10:32,0.380222,1607,0,23.912651,0.375217,588.4
2026/7/11 10:32,0.380225,1606,0,23.912651,0.375217,588.6
2026/7/11 10:32,0.380228,1603,0,23.912651,0.375217,588.8
2026/7/11 10:32,0.380228,1601,0,23.912651,0.375217,589
2026/7/11 10:32,0.380242,1598,0,23.921692,0.375217,589.2
2026/7/11 10:32,0.380245,1594,0,23.912651,0.375217,589.4
2026/7/11 10:32,0.380252,1593,0,23.912651,0.375217,589.6
2026/7/11 10:32,0.380255,1589,0,23.971426,0.375217,589.8
2026/7/11 10:32,0.380255,1586,0,23.912651,0.375217,590
2026/7/11 10:32,0.380259,1582,0,23.912651,0.375217,590.2
2026/7/11 10:32,0.380265,1580,0,23.953341,0.375217,590.4
2026/7/11 10:32,0.380269,1577,0,23.912651,0.375217,590.6
2026/7/11 10:32,0.380275,1572,0,23.921692,0.375217,590.8
2026/7/11 10:32,0.380279,1568,0,23.912651,0.375217,591
2026/7/11 10:32,0.380289,1566,0,23.912651,0.375217,591.2
2026/7/11 10:32,0.380292,1562,0,23.912651,0.375217,591.4
2026/7/11 10:32,0.380292,1557,0,23.912651,0.375217,591.6
2026/7/11 10:32,0.380292,1552,0,23.912651,0.375217,591.8
2026/7/11 10:32,0.380306,1546,0,23.912651,0.375217,592
2026/7/11 10:32,0.380306,1544,0,23.912651,0.375217,592.2
2026/7/11 10:32,0.380306,1537,0,23.912651,0.375217,592.4
2026/7/11 10:32,0.380309,1533,0,23.917171,0.375217,592.6
2026/7/11 10:32,0.380319,1525,0,23.912651,0.375217,592.8
2026/7/11 10:32,0.380319,1519,0,23.912651,0.375217,593
2026/7/11 10:32,0.380323,1516,0,23.912651,0.375217,593.2
2026/7/11 10:32,0.380323,1508,0,23.912651,0.375217,593.4
2026/7/11 10:32,0.380333,1501,0,23.912651,0.375217,593.6
2026/7/11 10:32,0.380333,1492,0,23.912651,0.375217,593.8
2026/7/11 10:32,0.380333,1489,0,23.912651,0.375217,594
2026/7/11 10:32,0.380339,1481,0,23.912651,0.375217,594.2
2026/7/11 10:32,0.380339,1472,0,23.930737,0.375217,594.4
2026/7/11 10:32,0.380343,1462,0,23.912651,0.375217,594.6
2026/7/11 10:32,0.38035,1457,0,23.912651,0.375217,594.8
2026/7/11 10:32,0.380339,1448,0,23.912651,0.375217,595
2026/7/11 10:32,0.380343,1438,0,23.912651,0.375217,595.2
2026/7/11 10:32,0.380343,1425,0,23.912651,0.375217,595.4
2026/7/11 10:32,0.38035,1414,0,23.912651,0.375217,595.6
2026/7/11 10:32,0.380343,1408,0,23.912651,0.375217,595.8
2026/7/11 10:32,0.380346,1396,0,23.912651,0.375217,596
2026/7/11 10:32,0.38035,1384,0,23.912651,0.375217,596.2
2026/7/11 10:32,0.380356,1369,0,23.912651,0.375289,596.4
2026/7/11 10:32,0.38035,1362,0,23.912651,0.375217,596.6
2026/7/11 10:32,0.380356,1348,0,23.912651,0.375217,596.8
2026/7/11 10:32,0.380353,1333,0,23.912651,0.375217,597
2026/7/11 10:32,0.380353,1316,0,23.912651,0.375217,597.2
2026/7/11 10:32,0.380356,1300,0,23.912651,0.375217,597.4
2026/7/11 10:32,0.380353,1292,0,23.912651,0.375217,597.6
2026/7/11 10:32,0.380356,1274,0,23.912651,0.375217,597.8
2026/7/11 10:32,0.38035,1253,0,23.912651,0.375217,598
2026/7/11 10:32,0.380356,1235,0,23.912651,0.375217,598.2
2026/7/11 10:32,0.38035,1225,0,23.917171,0.375217,598.4
2026/7/11 10:32,0.380353,1206,0,23.98951,0.375217,598.6
2026/7/11 10:32,0.380346,1187,0,23.912651,0.375217,598.8
2026/7/11 10:32,0.380343,1165,0,23.921692,0.375217,599
2026/7/11 10:32,0.38035,1147,0,23.912651,0.375217,599.2
2026/7/11 10:32,0.38035,1138,0,23.912651,0.375217,599.4
2026/7/11 10:32,0.380343,1119,0,23.912651,0.375217,599.6
2026/7/11 10:32,0.380336,1097,0,23.912651,0.375217,599.8
2026/7/11 10:32,0.380339,1079,0,23.912651,0.375217,600
2026/7/11 10:32,0.380336,1071,0,23.912651,0.375217,600.2
2026/7/11 10:32,0.380336,1053,0,23.912651,0.375217,600.4
2026/7/11 10:32,0.380336,1033,0,23.912651,0.375217,600.6
2026/7/11 10:32,0.380326,1014,0,23.912651,0.375217,600.8
2026/7/11 10:32,0.380323,996,0,23.912651,0.375217,601
2026/7/11 10:32,0.380323,986,0,23.912651,0.375217,601.2
2026/7/11 10:32,0.380319,966,0,23.912651,0.375217,601.4
2026/7/11 10:32,0.380319,944,0,23.912651,0.375217,601.6
2026/7/11 10:32,0.380313,920,0,23.912651,0.375217,601.8
2026/7/11 10:32,0.380306,908,0,23.912651,0.375217,602
2026/7/11 10:32,0.380306,886,0,23.912651,0.375217,602.2
2026/7/11 10:32,0.380306,864,0,23.912651,0.375217,602.4
2026/7/11 10:32,0.380302,842,0,23.912651,0.375217,602.6
2026/7/11 10:32,0.380296,816,0,23.899088,0.375217,602.8
2026/7/11 10:32,0.380289,804,0,23.917171,0.375217,603
2026/7/11 10:32,0.380286,782,0,23.98951,0.375217,603.2
2026/7/11 10:32,0.380289,760,0,23.912651,0.375217,603.4
2026/7/11 10:32,0.380272,734,0,23.912651,0.375217,603.6
2026/7/11 10:32,0.380269,714,0,23.912651,0.375217,603.8
2026/7/11 10:32,0.380259,703,0,23.912651,0.375217,604
2026/7/11 10:32,0.380252,681,0,23.912651,0.375217,604.2
2026/7/11 10:32,0.380255,657,0,23.98951,0.375217,604.4
2026/7/11 10:32,0.380255,637,0,23.912651,0.375217,604.6
2026/7/11 10:32,0.380238,626,0,23.912651,0.375217,604.8
2026/7/11 10:32,0.380232,607,0,23.912651,0.375217,605
2026/7/11 10:32,0.380238,587,0,23.912651,0.375217,605.2
2026/7/11 10:32,0.380228,565,0,23.912651,0.375217,605.4
2026/7/11 10:32,0.380225,546,0,23.912651,0.375217,605.6
2026/7/11 10:32,0.380215,537,0,23.912651,0.375217,605.8
2026/7/11 10:32,0.380208,519,0,23.912651,0.375217,606
2026/7/11 10:32,0.380205,499,0,23.912651,0.375217,606.2
2026/7/11 10:32,0.380195,482,0,23.912651,0.375217,606.4
2026/7/11 10:32,0.380188,474,0,23.912651,0.375217,606.6
2026/7/11 10:32,0.380191,458,0,23.912651,0.375217,606.8
2026/7/11 10:32,0.380181,442,0,23.912651,0.375217,607
2026/7/11 10:32,0.380178,425,0,23.912651,0.375217,607.2
2026/7/11 10:32,0.380178,411,0,23.912651,0.375217,607.4
2026/7/11 10:32,0.380168,404,0,23.912651,0.375217,607.6
2026/7/11 10:32,0.380164,391,0,23.912651,0.375217,607.8
2026/7/11 10:32,0.380161,376,0,23.912651,0.375217,608
2026/7/11 10:32,0.380154,364,0,23.912651,0.375217,608.2
2026/7/11 10:32,0.380144,352,0,23.912651,0.375217,608.4
2026/7/11 10:32,0.380134,346,0,23.912651,0.375217,608.6
2026/7/11 10:32,0.380137,334,0,23.912651,0.375217,608.8
2026/7/11 10:32,0.380124,323,0,23.953341,0.375217,609
2026/7/11 10:32,0.380124,311,0,23.912651,0.375217,609.2
2026/7/11 10:32,0.380117,306,0,23.912651,0.375217,609.4
2026/7/11 10:32,0.380114,297,0,23.912651,0.375217,609.6
2026/7/11 10:32,0.380111,282,0,23.912651,0.375217,609.8
2026/7/11 10:32,0.3801,269,0,23.912651,0.375217,610
2026/7/11 10:32,0.380097,257,0,23.912651,0.375217,610.2
2026/7/11 10:32,0.380094,251,0,23.912651,0.375217,610.4
2026/7/11 10:32,0.38009,242,0,23.912651,0.375217,610.6
2026/7/11 10:32,0.380077,231,0,23.912651,0.375217,610.8
2026/7/11 10:32,0.38007,220,0,23.912651,0.375217,611
2026/7/11 10:32,0.380067,215,0,23.912651,0.375217,611.2
2026/7/11 10:32,0.38007,208,0,23.912651,0.375217,611.4
2026/7/11 10:32,0.38006,200,0,23.912651,0.375217,611.6
2026/7/11 10:32,0.380047,192,0,23.912651,0.375217,611.8
2026/7/11 10:32,0.380043,186,0,23.912651,0.375217,612
2026/7/11 10:32,0.380033,182,0,23.912651,0.375217,612.2
2026/7/11 10:32,0.380033,177,0,23.971426,0.375217,612.4
2026/7/11 10:32,0.38003,173,0,23.912651,0.375217,612.6
2026/7/11 10:32,0.380023,169,0,23.912651,0.375217,612.8
2026/7/11 10:32,0.380013,165,0,23.912651,0.375217,613
2026/7/11 10:32,0.38001,164,0,23.912651,0.375217,613.2
2026/7/11 10:32,0.380006,161,0,23.912651,0.375217,613.4
2026/7/11 10:32,0.380003,159,0,23.912651,0.375217,613.6
2026/7/11 10:32,0.379996,157,0,23.912651,0.375217,613.8
2026/7/11 10:32,0.379989,157,0,23.912651,0.375217,614
2026/7/11 10:32,0.379989,156,0,24.030201,0.375217,614.2
2026/7/11 10:32,0.379979,155,0,24.052807,0.375217,614.4
2026/7/11 10:32,0.379979,156,0,23.94882,0.375217,614.6
2026/7/11 10:32,0.379972,156,0,24.06637,0.375217,614.8
2026/7/11 10:32,0.379966,156,0,24.06637,0.375217,615
2026/7/11 10:32,0.379962,156,0,23.98951,0.375217,615.2
2026/7/11 10:32,0.379959,157,0,24.06185,0.375217,615.4
2026/7/11 10:32,0.379952,159,0,24.039246,0.375217,615.6
2026/7/11 10:32,0.379946,161,0,24.06637,0.375217,615.8
2026/7/11 10:32,0.379946,161,0,24.06637,0.375217,616
2026/7/11 10:32,0.379942,164,0,24.034721,0.375217,616.2
2026/7/11 10:32,0.379935,167,0,24.06637,0.375217,616.4
2026/7/11 10:32,0.379932,171,0,24.06185,0.375217,616.6
2026/7/11 10:32,0.379919,173,0,23.94882,0.375217,616.8
2026/7/11 10:32,0.379925,177,0,24.06637,0.375217,617
2026/7/11 10:32,0.379919,181,0,24.057329,0.375217,617.2
2026/7/11 10:32,0.379912,186,0,24.06637,0.375217,617.4
2026/7/11 10:32,0.379909,192,0,24.06637,0.375217,617.6
2026/7/11 10:32,0.379909,195,0,24.057329,0.375217,617.8
2026/7/11 10:32,0.379902,201,0,24.06637,0.375217,618
2026/7/11 10:32,0.379895,208,0,24.06637,0.375217,618.2
2026/7/11 10:32,0.379888,215,0,24.057329,0.375217,618.4
2026/7/11 10:32,0.379888,219,0,24.06637,0.375217,618.6
2026/7/11 10:32,0.379885,228,0,24.06637,0.375217,618.8
2026/7/11 10:32,0.379885,235,0,24.057329,0.375217,619
2026/7/11 10:32,0.379878,246,0,24.007597,0.375217,619.2
2026/7/11 10:32,0.379882,256,0,24.06637,0.375217,619.4
2026/7/11 10:32,0.379871,260,0,24.06637,0.375217,619.6
2026/7/11 10:32,0.379868,270,0,24.007597,0.375217,619.8
2026/7/11 10:32,0.379871,281,0,24.06637,0.375217,620
2026/7/11 10:32,0.379865,294,0,24.06637,0.375217,620.2
2026/7/11 10:32,0.379855,300,0,23.94882,0.375217,620.4
2026/7/11 10:32,0.379855,308,0,24.06637,0.375217,620.6
2026/7/11 10:32,0.379848,316,0,24.06637,0.375217,620.8
2026/7/11 10:32,0.379851,326,0,24.06637,0.375217,621
2026/7/11 10:32,0.379845,335,0,24.06637,0.375217,621.2
2026/7/11 10:32,0.379845,339,0,24.057329,0.375217,621.4
2026/7/11 10:32,0.379848,349,0,24.06637,0.375217,621.6
2026/7/11 10:32,0.379841,359,0,24.06637,0.375217,621.8
2026/7/11 10:32,0.379841,370,0,24.057329,0.375217,622
2026/7/11 10:32,0.379834,381,0,24.06637,0.375217,622.2
2026/7/11 10:32,0.379838,386,0,24.06637,0.375217,622.4
2026/7/11 10:32,0.379838,396,0,24.048286,0.375217,622.6
2026/7/11 10:32,0.379834,409,0,23.98951,0.375217,622.8
2026/7/11 10:32,0.379831,421,0,24.06637,0.375217,623
2026/7/11 10:32,0.379824,432,0,24.048286,0.375217,623.2
2026/7/11 10:32,0.379828,437,0,23.98951,0.375217,623.4
2026/7/11 10:32,0.379828,449,0,24.06637,0.375217,623.6
2026/7/11 10:32,0.379821,461,0,24.06637,0.375217,623.8
2026/7/11 10:32,0.379821,475,0,23.98951,0.375217,624
2026/7/11 10:32,0.379818,481,0,24.06185,0.375217,624.2
2026/7/11 10:32,0.379821,494,0,24.06637,0.375217,624.4
2026/7/11 10:32,0.379821,506,0,24.06637,0.375217,624.6
2026/7/11 10:32,0.379818,520,0,24.06637,0.375217,624.8
2026/7/11 10:32,0.379821,533,0,24.06637,0.375217,625
2026/7/11 10:32,0.379821,539,0,24.06637,0.375217,625.2
2026/7/11 10:32,0.379821,552,0,24.06185,0.375217,625.4
2026/7/11 10:32,0.379821,565,0,24.06637,0.375217,625.6
2026/7/11 10:32,0.379824,580,0,23.98951,0.375217,625.8
2026/7/11 10:32,0.379821,587,0,24.06637,0.375217,626
2026/7/11 10:32,0.379821,599,0,24.039246,0.375217,626.2
2026/7/11 10:32,0.379821,612,0,24.06637,0.375217,626.4
2026/7/11 10:32,0.379824,628,0,24.06637,0.375217,626.6
2026/7/11 10:32,0.379828,640,0,24.052807,0.375217,626.8
2026/7/11 10:32,0.379821,647,0,24.06637,0.375217,627
2026/7/11 10:32,0.379821,660,0,24.052807,0.375217,627.2
2026/7/11 10:32,0.379828,673,0,23.921692,0.375217,627.4
2026/7/11 10:32,0.379831,688,0,24.06637,0.375217,627.6
2026/7/11 10:32,0.379831,700,0,24.06637,0.375217,627.8
2026/7/11 10:32,0.379831,707,0,24.039246,0.375217,628
2026/7/11 10:32,0.379831,719,0,24.06637,0.375217,628.2
2026/7/11 10:32,0.379831,733,0,24.06637,0.375217,628.4
2026/7/11 10:32,0.379834,745,0,24.039246,0.375217,628.6
2026/7/11 10:32,0.379834,751,0,23.98951,0.375217,628.8
2026/7/11 10:32,0.379834,763,0,24.057329,0.375217,629
2026/7/11 10:32,0.379834,775,0,24.06637,0.375217,629.2
2026/7/11 10:32,0.379841,789,0,24.06637,0.375217,629.4
2026/7/11 10:32,0.379841,800,0,24.06637,0.375217,629.6
2026/7/11 10:32,0.379838,806,0,23.94882,0.375217,629.8
2026/7/11 10:32,0.379838,817,0,24.06637,0.375217,630
2026/7/11 10:32,0.379845,831,0,24.06637,0.375217,630.2
2026/7/11 10:32,0.379848,841,0,23.98951,0.375217,630.4
2026/7/11 10:32,0.379855,847,0,24.06637,0.375217,630.6
2026/7/11 10:32,0.379855,858,0,24.06637,0.375217,630.8
2026/7/11 10:32,0.379851,869,0,23.94882,0.375217,631
2026/7/11 10:32,0.379855,879,0,24.06637,0.375217,631.2
2026/7/11 10:32,0.379858,889,0,24.057329,0.375217,631.4
2026/7/11 10:32,0.379861,894,0,24.007597,0.375217,631.6
2026/7/11 10:32,0.379858,903,0,24.06637,0.375217,631.8
2026/7/11 10:32,0.379858,912,0,24.052807,0.375217,632
2026/7/11 10:32,0.379865,922,0,23.930737,0.375217,632.2
2026/7/11 10:32,0.379875,927,0,24.06637,0.375217,632.4
2026/7/11 10:32,0.379868,935,0,24.06637,0.375217,632.6
2026/7/11 10:32,0.379871,943,0,24.06637,0.375217,632.8
2026/7/11 10:32,0.379878,952,0,24.06637,0.375217,633
2026/7/11 10:32,0.379878,959,0,24.06637,0.375217,633.2
2026/7/11 10:32,0.379882,963,0,24.06637,0.375217,633.4
2026/7/11 10:32,0.379885,970,0,24.06637,0.375217,633.6
2026/7/11 10:32,0.379885,977,0,23.94882,0.375217,633.8
2026/7/11 10:32,0.379888,984,0,24.06637,0.375217,634
2026/7/11 10:32,0.379892,990,0,24.06637,0.375217,634.2
2026/7/11 10:32,0.379895,993,0,24.06637,0.375217,634.4
2026/7/11 10:32,0.379895,999,0,24.06637,0.375217,634.6
2026/7/11 10:32,0.379902,1005,0,24.057329,0.375217,634.8
2026/7/11 10:32,0.379902,1010,0,24.06637,0.375217,635
2026/7/11 10:32,0.379905,1013,0,24.06637,0.375217,635.2
2026/7/11 10:32,0.379912,1017,0,24.06637,0.375217,635.4
2026/7/11 10:32,0.379915,1022,0,23.98951,0.375217,635.6
2026/7/11 10:32,0.379912,1027,0,24.06637,0.375217,635.8
2026/7/11 10:32,0.379915,1031,0,24.06637,0.375217,636
2026/7/11 10:32,0.379915,1034,0,23.94882,0.375217,636.2
2026/7/11 10:32,0.379919,1039,0,24.06637,0.375217,636.4
2026/7/11 10:32,0.379922,1043,0,24.052807,0.375217,636.6
2026/7/11 10:32,0.379925,1049,0,24.06637,0.375217,636.8
2026/7/11 10:32,0.379922,1052,0,24.06637,0.375217,637
2026/7/11 10:32,0.379929,1053,0,24.06637,0.375217,637.2
2026/7/11 10:32,0.379935,1057,0,24.06637,0.375217,637.4
2026/7/11 10:32,0.379935,1061,0,24.06185,0.375217,637.6
2026/7/11 10:32,0.379929,1065,0,24.052807,0.375217,637.8
2026/7/11 10:32,0.379932,1068,0,24.06637,0.375217,638
2026/7/11 10:32,0.379939,1069,0,24.06637,0.375217,638.2
2026/7/11 10:32,0.379935,1073,0,24.06637,0.375217,638.4
2026/7/11 10:32,0.379939,1076,0,24.06637,0.375217,638.6
2026/7/11 10:32,0.379946,1080,0,24.06637,0.375217,638.8
2026/7/11 10:32,0.379942,1083,0,24.06637,0.375217,639
2026/7/11 10:32,0.379942,1085,0,24.06637,0.375217,639.2
2026/7/11 10:32,0.379942,1088,0,24.06637,0.375217,639.4
2026/7/11 10:32,0.379952,1091,0,23.94882,0.375217,639.6
2026/7/11 10:32,0.379956,1094,0,24.06637,0.375217,639.8
2026/7/11 10:32,0.379959,1096,0,24.06185,0.375217,640
2026/7/11 10:32,0.379962,1097,0,24.039246,0.375217,640.2
2026/7/11 10:32,0.379962,1099,0,24.06637,0.375217,640.4
2026/7/11 10:32,0.379966,1102,0,24.06637,0.375217,640.6
2026/7/11 10:32,0.379962,1104,0,24.06637,0.375217,640.8
2026/7/11 10:32,0.379959,1107,0,24.06637,0.375217,641
2026/7/11 10:32,0.379959,1107,0,24.057329,0.375217,641.2
2026/7/11 10:32,0.379962,1109,0,24.06637,0.375217,641.4
2026/7/11 10:32,0.379959,1111,0,24.06637,0.375217,641.6
2026/7/11 10:32,0.379962,1114,0,24.039246,0.375217,641.8
2026/7/11 10:32,0.379959,1116,0,23.94882,0.375217,642
2026/7/11 10:32,0.379952,1118,0,24.06637,0.375217,642.2
2026/7/11 10:32,0.379952,1120,0,24.06637,0.375217,642.4
2026/7/11 10:32,0.379949,1122,0,24.06637,0.375217,642.6
2026/7/11 10:32,0.379949,1125,0,24.06637,0.375217,642.8
2026/7/11 10:32,0.379942,1127,0,24.06637,0.375217,643
2026/7/11 10:32,0.379929,1130,0,24.06637,0.375217,643.2
2026/7/11 10:32,0.379932,1134,0,24.06637,0.375217,643.4
2026/7/11 10:32,0.379929,1137,0,24.048286,0.375217,643.6
2026/7/11 10:32,0.379925,1141,0,24.06637,0.375217,643.8
2026/7/11 10:32,0.379919,1143,0,24.06637,0.375217,644
2026/7/11 10:32,0.379919,1147,0,23.94882,0.375217,644.2
2026/7/11 10:32,0.379909,1152,0,23.98951,0.375217,644.4
2026/7/11 10:32,0.379902,1157,0,24.06637,0.375217,644.6
2026/7/11 10:32,0.379905,1161,0,23.998552,0.375217,644.8
2026/7/11 10:32,0.379905,1164,0,24.06637,0.375217,645
2026/7/11 10:32,0.379898,1168,0,24.06637,0.375217,645.2
2026/7/11 10:32,0.379895,1174,0,23.998552,0.375217,645.4
2026/7/11 10:32,0.379888,1180,0,24.06637,0.375217,645.6
2026/7/11 10:32,0.379895,1185,0,24.06637,0.375217,645.8
2026/7/11 10:32,0.379895,1188,0,24.06637,0.375217,646
2026/7/11 10:32,0.379888,1193,0,24.06637,0.375217,646.2
2026/7/11 10:32,0.379888,1200,0,24.06637,0.375217,646.4
2026/7/11 10:32,0.379882,1206,0,24.06637,0.375217,646.6
2026/7/11 10:32,0.379885,1209,0,24.06637,0.375217,646.8
2026/7/11 10:32,0.379885,1215,0,24.06637,0.375217,647
2026/7/11 10:32,0.379888,1220,0,24.06637,0.375217,647.2
2026/7/11 10:32,0.379882,1227,0,24.06637,0.375217,647.4
2026/7/11 10:32,0.379882,1232,0,24.06637,0.375217,647.6
2026/7/11 10:32,0.379888,1234,0,23.98951,0.375217,647.8
2026/7/11 10:32,0.379885,1241,0,24.06637,0.375217,648
2026/7/11 10:33,0.379885,1248,0,24.06637,0.375217,648.2
2026/7/11 10:33,0.379888,1255,0,24.06637,0.375217,648.4
2026/7/11 10:33,0.379885,1260,0,24.06637,0.375217,648.6
2026/7/11 10:33,0.379885,1263,0,24.039246,0.375217,648.8
2026/7/11 10:33,0.379888,1270,0,24.06637,0.375217,649
2026/7/11 10:33,0.379888,1274,0,24.06185,0.375217,649.2
2026/7/11 10:33,0.379888,1279,0,23.998552,0.375217,649.4
2026/7/11 10:33,0.379885,1285,0,23.98951,0.375217,649.6
2026/7/11 10:33,0.379895,1287,0,24.06637,0.375217,649.8
2026/7/11 10:33,0.379888,1293,0,24.052807,0.375217,650
2026/7/11 10:33,0.379892,1298,0,24.06637,0.375217,650.2
2026/7/11 10:33,0.379895,1302,0,24.06637,0.375217,650.4
2026/7/11 10:33,0.379895,1307,0,24.052807,0.375217,650.6
2026/7/11 10:33,0.379895,1309,0,23.98951,0.375217,650.8
2026/7/11 10:33,0.379898,1313,0,24.06637,0.375217,651
2026/7/11 10:33,0.379905,1318,0,24.06637,0.375217,651.2
2026/7/11 10:33,0.379912,1323,0,24.06637,0.375217,651.4
2026/7/11 10:33,0.379905,1326,0,24.06637,0.375217,651.6
2026/7/11 10:33,0.379912,1328,0,24.06637,0.375217,651.8
2026/7/11 10:33,0.379912,1332,0,24.06637,0.375217,652
2026/7/11 10:33,0.379915,1337,0,24.06637,0.375217,652.2
2026/7/11 10:33,0.379922,1340,0,23.98951,0.375217,652.4
2026/7/11 10:33,0.379919,1342,0,24.06637,0.375217,652.6
2026/7/11 10:33,0.379925,1345,0,24.06637,0.375217,652.8
2026/7/11 10:33,0.379922,1348,0,23.930737,0.375217,653
2026/7/11 10:33,0.379929,1351,0,24.06637,0.375217,653.2
2026/7/11 10:33,0.379935,1354,0,24.030201,0.375217,653.4
2026/7/11 10:33,0.379932,1355,0,24.06637,0.375217,653.6
2026/7/11 10:33,0.379935,1357,0,24.06637,0.375217,653.8
2026/7/11 10:33,0.379935,1360,0,24.039246,0.375217,654
2026/7/11 10:33,0.379949,1364,0,24.06637,0.375217,654.2
2026/7/11 10:33,0.379946,1365,0,24.06637,0.375217,654.4
2026/7/11 10:33,0.379949,1367,0,24.039246,0.375217,654.6
2026/7/11 10:33,0.379946,1369,0,24.06637,0.375217,654.8
2026/7/11 10:33,0.379956,1371,0,24.06637,0.375217,655
2026/7/11 10:33,0.379962,1373,0,24.057329,0.375217,655.2
2026/7/11 10:33,0.379962,1375,0,24.06637,0.375217,655.4
2026/7/11 10:33,0.379959,1376,0,24.06637,0.375217,655.6
2026/7/11 10:33,0.379962,1377,0,24.039246,0.375217,655.8
2026/7/11 10:33,0.379959,1379,0,24.06637,0.375217,656
2026/7/11 10:33,0.379972,1380,0,24.06637,0.375217,656.2
2026/7/11 10:33,0.379976,1381,0,24.06637,0.375217,656.4
2026/7/11 10:33,0.379972,1383,0,24.06637,0.375217,656.6
2026/7/11 10:33,0.379976,1383,0,24.048286,0.375217,656.8
2026/7/11 10:33,0.379976,1384,0,24.007597,0.375217,657
2026/7/11 10:33,0.379979,1385,0,24.06637,0.375217,657.2
2026/7/11 10:33,0.379986,1385,0,24.06637,0.375217,657.4
2026/7/11 10:33,0.379989,1386,0,24.007597,0.375217,657.6
2026/7/11 10:33,0.379986,1387,0,24.06637,0.375217,657.8
2026/7/11 10:33,0.379993,1388,0,24.039246,0.375217,658
2026/7/11 10:33,0.379989,1387,0,23.930737,0.375217,658.2
2026/7/11 10:33,0.379993,1388,0,24.06637,0.375217,658.4
2026/7/11 10:33,0.379999,1388,0,24.057329,0.375217,658.6
2026/7/11 10:33,0.380003,1389,0,23.94882,0.375217,658.8
2026/7/11 10:33,0.380006,1389,0,24.06637,0.375217,659
2026/7/11 10:33,0.380006,1389,0,24.06637,0.375217,659.2
2026/7/11 10:33,0.380006,1389,0,24.06637,0.375217,659.4
2026/7/11 10:33,0.380013,1389,0,24.06637,0.375217,659.6
2026/7/11 10:33,0.38002,1389,0,24.06637,0.375217,659.8
2026/7/11 10:33,0.380016,1389,0,24.06637,0.375217,660
2026/7/11 10:33,0.38002,1389,0,24.06637,0.375217,660.2
2026/7/11 10:33,0.38002,1389,0,24.06637,0.375217,660.4
2026/7/11 10:33,0.380026,1388,0,23.94882,0.375217,660.6
2026/7/11 10:33,0.380023,1387,0,24.06185,0.375217,660.8
2026/7/11 10:33,0.380026,1387,0,24.06637,0.375217,661
2026/7/11 10:33,0.380026,1387,0,24.06637,0.375217,661.2
2026/7/11 10:33,0.38003,1387,0,24.06185,0.375217,661.4
2026/7/11 10:33,0.38004,1387,0,24.007597,0.375217,661.6
2026/7/11 10:33,0.38004,1385,0,24.06637,0.375217,661.8
2026/7/11 10:33,0.380047,1385,0,24.06637,0.375217,662
2026/7/11 10:33,0.380043,1384,0,24.007597,0.375217,662.2
2026/7/11 10:33,0.380043,1383,0,24.06637,0.375217,662.4
2026/7/11 10:33,0.38005,1382,0,24.06637,0.375217,662.6
2026/7/11 10:33,0.38005,1382,0,23.998552,0.375217,662.8
2026/7/11 10:33,0.380057,1381,0,24.06637,0.375217,663
2026/7/11 10:33,0.380053,1379,0,24.052807,0.375217,663.2
2026/7/11 10:33,0.380057,1379,0,24.06637,0.375217,663.4
2026/7/11 10:33,0.38006,1378,0,24.06637,0.375217,663.6
2026/7/11 10:33,0.380063,1376,0,24.06637,0.375217,663.8
2026/7/11 10:33,0.380067,1375,0,24.06637,0.375217,664
2026/7/11 10:33,0.380067,1372,0,24.06637,0.375217,664.2
2026/7/11 10:33,0.380063,1371,0,24.06637,0.375217,664.4
2026/7/11 10:33,0.380063,1370,0,24.06637,0.375217,664.6
2026/7/11 10:33,0.38007,1368,0,24.06185,0.375217,664.8
2026/7/11 10:33,0.380073,1367,0,24.039246,0.375217,665
2026/7/11 10:33,0.380077,1365,0,24.06637,0.375217,665.2
2026/7/11 10:33,0.380073,1362,0,24.06637,0.375217,665.4
2026/7/11 10:33,0.380084,1362,0,24.06637,0.375217,665.6
2026/7/11 10:33,0.380077,1359,0,24.06637,0.375217,665.8
2026/7/11 10:33,0.380087,1357,0,24.06185,0.375217,666
2026/7/11 10:33,0.380077,1356,0,24.06637,0.375217,666.2
2026/7/11 10:33,0.380077,1353,0,24.06637,0.375217,666.4
2026/7/11 10:33,0.380077,1351,0,24.06637,0.375217,666.6
2026/7/11 10:33,0.380084,1349,0,24.06637,0.375217,666.8
2026/7/11 10:33,0.380087,1346,0,24.06637,0.375217,667
2026/7/11 10:33,0.38009,1343,0,24.06637,0.375217,667.2
2026/7/11 10:33,0.380087,1341,0,24.06637,0.375217,667.4
2026/7/11 10:33,0.380094,1339,0,24.06637,0.375217,667.6
2026/7/11 10:33,0.38009,1337,0,24.052807,0.375217,667.8
2026/7/11 10:33,0.380097,1334,0,24.06637,0.375217,668
2026/7/11 10:33,0.380097,1331,0,24.06637,0.375217,668.2
2026/7/11 10:33,0.3801,1327,0,24.06637,0.375217,668.4
2026/7/11 10:33,0.380104,1324,0,24.039246,0.375217,668.6
2026/7/11 10:33,0.3801,1323,0,24.06185,0.375217,668.8
2026/7/11 10:33,0.380104,1320,0,24.057329,0.375217,669
2026/7/11 10:33,0.3801,1315,0,23.94882,0.375217,669.2
2026/7/11 10:33,0.380104,1312,0,24.06637,0.375217,669.4
2026/7/11 10:33,0.380111,1309,0,24.06637,0.375217,669.6
2026/7/11 10:33,0.3801,1307,0,24.06637,0.375217,669.8
2026/7/11 10:33,0.380097,1302,0,24.06637,0.375217,670
2026/7/11 10:33,0.380104,1298,0,24.06637,0.375217,670.2
2026/7/11 10:33,0.380114,1294,0,24.06637,0.375217,670.4
2026/7/11 10:33,0.380104,1290,0,24.06637,0.375217,670.6
2026/7/11 10:33,0.380111,1288,0,24.06637,0.375217,670.8
2026/7/11 10:33,0.380104,1284,0,24.06637,0.375217,671
2026/7/11 10:33,0.380107,1279,0,24.034721,0.375217,671.2
2026/7/11 10:33,0.380111,1274,0,24.034721,0.375217,671.4
2026/7/11 10:33,0.380107,1269,0,24.06637,0.375217,671.6
2026/7/11 10:33,0.380114,1266,0,24.057329,0.375217,671.8
2026/7/11 10:33,0.380107,1262,0,24.039246,0.375217,672
2026/7/11 10:33,0.380107,1255,0,24.06637,0.375217,672.2
2026/7/11 10:33,0.380114,1249,0,24.039246,0.375217,672.4
2026/7/11 10:33,0.380107,1245,0,23.921692,0.375217,672.6
2026/7/11 10:33,0.380114,1241,0,24.06637,0.375217,672.8
2026/7/11 10:33,0.380114,1235,0,24.057329,0.375217,673
2026/7/11 10:33,0.380114,1229,0,24.06637,0.375217,673.2
2026/7/11 10:33,0.380114,1223,0,24.06637,0.375217,673.4
2026/7/11 10:33,0.380111,1218,0,24.06637,0.375217,673.6
2026/7/11 10:33,0.380114,1215,0,24.06637,0.375217,673.8
2026/7/11 10:33,0.380114,1210,0,24.06185,0.375217,674
2026/7/11 10:33,0.380114,1205,0,24.06637,0.375217,674.2
2026/7/11 10:33,0.380114,1199,0,24.06637,0.375217,674.4
2026/7/11 10:33,0.380114,1193,0,24.06185,0.375217,674.6
2026/7/11 10:33,0.380114,1190,0,24.06637,0.375217,674.8
2026/7/11 10:33,0.380111,1183,0,24.06637,0.375217,675
2026/7/11 10:33,0.380111,1178,0,24.06637,0.375217,675.2
2026/7/11 10:33,0.380104,1172,0,24.034721,0.375217,675.4
2026/7/11 10:33,0.380114,1165,0,24.06637,0.375217,675.6
2026/7/11 10:33,0.380107,1160,0,24.06637,0.375217,675.8
2026/7/11 10:33,0.380107,1157,0,23.998552,0.375217,676
2026/7/11 10:33,0.380117,1152,0,24.06637,0.375217,676.2
2026/7/11 10:33,0.380104,1144,0,24.06185,0.375217,676.4
2026/7/11 10:33,0.380104,1138,0,24.06637,0.375217,676.6
2026/7/11 10:33,0.380104,1133,0,24.06637,0.375217,676.8
2026/7/11 10:33,0.3801,1131,0,24.057329,0.375217,677
2026/7/11 10:33,0.380104,1125,0,24.06637,0.375217,677.2
2026/7/11 10:33,0.380104,1121,0,24.06637,0.375217,677.4
2026/7/11 10:33,0.3801,1114,0,24.039246,0.375217,677.6
2026/7/11 10:33,0.3801,1108,0,24.06637,0.375217,677.8
2026/7/11 10:33,0.380097,1106,0,24.06637,0.375217,678
2026/7/11 10:33,0.3801,1101,0,24.034721,0.375217,678.2
2026/7/11 10:33,0.38009,1095,0,24.06637,0.375217,678.4
2026/7/11 10:33,0.380097,1090,0,24.06637,0.375217,678.6
2026/7/11 10:33,0.3801,1085,0,24.06637,0.375217,678.8
2026/7/11 10:33,0.38009,1083,0,24.06637,0.375217,679
2026/7/11 10:33,0.38009,1078,0,24.06637,0.375217,679.2
2026/7/11 10:33,0.380094,1073,0,24.052807,0.375217,679.4
2026/7/11 10:33,0.38009,1068,0,24.06637,0.375217,679.6
2026/7/11 10:33,0.38009,1063,0,24.06185,0.375217,679.8
2026/7/11 10:33,0.38009,1061,0,24.06637,0.375217,680
2026/7/11 10:33,0.38009,1056,0,24.06637,0.375217,680.2
2026/7/11 10:33,0.38009,1051,0,24.06185,0.375217,680.4
2026/7/11 10:33,0.380084,1046,0,24.052807,0.375217,680.6
2026/7/11 10:33,0.38009,1042,0,24.06637,0.375217,680.8
2026/7/11 10:33,0.38008,1040,0,24.06185,0.375217,681
2026/7/11 10:33,0.380084,1035,0,23.98951,0.375217,681.2
2026/7/11 10:33,0.380077,1031,0,24.06185,0.375217,681.4
2026/7/11 10:33,0.380084,1027,0,24.030201,0.375217,681.6
2026/7/11 10:33,0.380077,1023,0,24.06637,0.375217,681.8
2026/7/11 10:33,0.380073,1021,0,24.06637,0.375217,682
2026/7/11 10:33,0.380077,1017,0,24.057329,0.375217,682.2
2026/7/11 10:33,0.38008,1013,0,23.94882,0.375217,682.4
2026/7/11 10:33,0.380077,1008,0,24.06637,0.375217,682.6
2026/7/11 10:33,0.38007,1003,0,24.039246,0.375217,682.8
2026/7/11 10:33,0.38007,999,0,24.06637,0.375217,683
2026/7/11 10:33,0.380067,997,0,24.057329,0.375217,683.2
2026/7/11 10:33,0.380073,993,0,24.052807,0.375217,683.4
2026/7/11 10:33,0.38007,988,0,24.06637,0.375217,683.6
2026/7/11 10:33,0.38007,984,0,24.06637,0.375217,683.8
2026/7/11 10:33,0.380067,980,0,24.039246,0.375217,684
2026/7/11 10:33,0.380067,978,0,24.06637,0.375217,684.2
2026/7/11 10:33,0.38006,974,0,24.06637,0.375217,684.4
2026/7/11 10:33,0.38006,970,0,23.94882,0.375217,684.6
2026/7/11 10:33,0.38006,966,0,24.06637,0.375217,684.8
2026/7/11 10:33,0.38006,961,0,24.057329,0.375217,685
2026/7/11 10:33,0.380057,959,0,23.930737,0.375217,685.2
2026/7/11 10:33,0.38005,956,0,24.06637,0.375217,685.4
2026/7/11 10:33,0.38005,952,0,24.06637,0.375217,685.6
2026/7/11 10:33,0.380053,948,0,24.06637,0.375217,685.8
2026/7/11 10:33,0.380057,945,0,24.06637,0.375217,686
2026/7/11 10:33,0.380047,942,0,24.052807,0.375217,686.2
2026/7/11 10:33,0.38004,939,0,24.06637,0.375217,686.4
2026/7/11 10:33,0.38004,936,0,24.06637,0.375217,686.6
2026/7/11 10:33,0.38004,933,0,24.06637,0.375217,686.8
2026/7/11 10:33,0.38003,930,0,24.06637,0.375217,687
2026/7/11 10:33,0.380036,929,0,24.06637,0.375217,687.2
2026/7/11 10:33,0.380026,927,0,24.007597,0.375217,687.4
2026/7/11 10:33,0.380033,924,0,24.06637,0.375217,687.6
2026/7/11 10:33,0.38003,922,0,24.06637,0.375217,687.8
2026/7/11 10:33,0.380026,919,0,24.06637,0.375217,688
2026/7/11 10:33,0.380023,917,0,24.06637,0.375217,688.2
2026/7/11 10:33,0.380026,916,0,24.06637,0.375217,688.4
2026/7/11 10:33,0.380023,914,0,24.034721,0.375217,688.6
2026/7/11 10:33,0.38002,912,0,24.06637,0.375217,688.8
2026/7/11 10:33,0.38002,909,0,24.06185,0.375217,689
2026/7/11 10:33,0.38002,908,0,24.06637,0.375217,689.2
2026/7/11 10:33,0.380023,907,0,24.06637,0.375217,689.4
2026/7/11 10:33,0.380013,906,0,24.06637,0.375217,689.6
2026/7/11 10:33,0.380016,905,0,24.039246,0.375217,689.8
2026/7/11 10:33,0.380013,903,0,24.06637,0.375217,690
2026/7/11 10:33,0.380013,901,0,24.052807,0.375217,690.2
2026/7/11 10:33,0.380016,901,0,23.98951,0.375217,690.4
2026/7/11 10:33,0.380013,900,0,24.06637,0.375217,690.6
2026/7/11 10:33,0.38001,900,0,24.039246,0.375217,690.8
2026/7/11 10:33,0.38001,898,0,24.06637,0.375217,691
2026/7/11 10:33,0.380006,897,0,24.06185,0.375217,691.2
2026/7/11 10:33,0.379999,897,0,24.034721,0.375217,691.4
2026/7/11 10:33,0.380003,897,0,24.06637,0.375217,691.6
2026/7/11 10:33,0.380006,896,0,24.06637,0.375217,691.8
2026/7/11 10:33,0.379999,896,0,24.007597,0.375217,692
2026/7/11 10:33,0.379996,895,0,24.06637,0.375217,692.2
2026/7/11 10:33,0.379996,895,0,24.057329,0.375217,692.4
2026/7/11 10:33,0.379996,895,0,24.06637,0.375217,692.6
2026/7/11 10:33,0.379993,895,0,24.06637,0.375217,692.8
2026/7/11 10:33,0.379996,895,0,24.06637,0.375217,693
2026/7/11 10:33,0.379993,895,0,23.98951,0.375217,693.2
2026/7/11 10:33,0.379993,895,0,24.06637,0.375217,693.4
2026/7/11 10:33,0.379989,895,0,24.057329,0.375217,693.6
2026/7/11 10:33,0.379989,895,0,23.98951,0.375217,693.8
2026/7/11 10:33,0.379983,895,0,24.06637,0.375217,694
2026/7/11 10:33,0.379986,895,0,24.057329,0.375217,694.2
2026/7/11 10:33,0.379989,896,0,24.06637,0.375217,694.4
2026/7/11 10:33,0.379983,896,0,24.06637,0.375217,694.6
2026/7/11 10:33,0.379979,897,0,24.007597,0.375217,694.8
2026/7/11 10:33,0.379979,897,0,23.98951,0.375217,695
2026/7/11 10:33,0.379979,898,0,24.06637,0.375217,695.2
2026/7/11 10:33,0.379976,898,0,24.052807,0.375217,695.4
2026/7/11 10:33,0.379976,899,0,24.06637,0.375217,695.6
2026/7/11 10:33,0.379976,900,0,24.06637,0.375217,695.8
2026/7/11 10:33,0.379972,900,0,24.007597,0.375217,696
2026/7/11 10:33,0.379972,901,0,24.06637,0.375217,696.2
2026/7/11 10:33,0.379972,902,0,24.06185,0.375217,696.4
2026/7/11 10:33,0.379972,903,0,24.06637,0.375217,696.6
2026/7/11 10:33,0.379972,904,0,24.06637,0.375217,696.8
2026/7/11 10:33,0.379962,905,0,24.06637,0.375217,697
2026/7/11 10:33,0.379966,905,0,23.94882,0.375217,697.2
2026/7/11 10:33,0.379962,907,0,24.06637,0.375217,697.4
2026/7/11 10:33,0.379959,908,0,24.057329,0.375217,697.6
2026/7/11 10:33,0.379959,909,0,23.998552,0.375217,697.8
2026/7/11 10:33,0.379959,910,0,24.06637,0.375217,698
2026/7/11 10:33,0.379959,912,0,24.06637,0.375,698.2
2026/7/11 10:33,0.379959,913,0,23.98951,0.375217,698.4
2026/7/11 10:33,0.379959,916,0,24.06637,0.375217,698.6
2026/7/11 10:33,0.379959,917,0,24.06637,0.375217,698.8
2026/7/11 10:33,0.379956,918,0,23.98951,0.375217,699
2026/7/11 10:33,0.379956,919,0,24.06637,0.375217,699.2
2026/7/11 10:33,0.379949,922,0,24.039246,0.375217,699.4
2026/7/11 10:33,0.379956,923,0,24.06637,0.375217,699.6
2026/7/11 10:33,0.379949,926,0,24.06637,0.375217,699.8
2026/7/11 10:33,0.379946,927,0,24.039246,0.375217,700
2026/7/11 10:33,0.379949,930,0,24.06637,0.375217,700.2
2026/7/11 10:33,0.379946,932,0,24.06637,0.375217,700.4
2026/7/11 10:33,0.379946,934,0,24.030201,0.375217,700.6
2026/7/11 10:33,0.379952,938,0,23.98951,0.375217,700.8
2026/7/11 10:33,0.379949,939,0,24.06637,0.375217,701
2026/7/11 10:33,0.379946,941,0,24.06637,0.375217,701.2
2026/7/11 10:33,0.379949,943,0,24.06637,0.375217,701.4
2026/7/11 10:33,0.379949,945,0,24.06637,0.375217,701.6
2026/7/11 10:33,0.379942,948,0,24.06637,0.375217,701.8
2026/7/11 10:33,0.379949,951,0,24.06637,0.375217,702
2026/7/11 10:33,0.379949,952,0,24.06637,0.375217,702.2
2026/7/11 10:33,0.379946,955,0,24.06637,0.375217,702.4
2026/7/11 10:33,0.379946,958,0,24.06637,0.375217,702.6
2026/7/11 10:33,0.379942,962,0,24.06185,0.375217,702.8
2026/7/11 10:33,0.379942,965,0,23.94882,0.375217,703
2026/7/11 10:33,0.379942,967,0,24.06637,0.375217,703.2
2026/7/11 10:33,0.379949,969,0,24.06637,0.375217,703.4
2026/7/11 10:33,0.379942,972,0,24.06637,0.375217,703.6
2026/7/11 10:33,0.379942,975,0,24.06637,0.375217,703.8
2026/7/11 10:33,0.379942,979,0,24.052807,0.375217,704
2026/7/11 10:33,0.379935,981,0,24.06637,0.375217,704.2
2026/7/11 10:33,0.379942,983,0,24.215572,0.375217,704.4
2026/7/11 10:33,0.379949,986,0,24.143232,0.375217,704.6
2026/7/11 10:33,0.379946,988,0,24.084455,0.375217,704.8
2026/7/11 10:33,0.379946,991,0,24.202007,0.375217,705
2026/7/11 10:33,0.379946,994,0,24.143232,0.375217,705.2
2026/7/11 10:33,0.379942,995,0,24.084455,0.375217,705.4
2026/7/11 10:33,0.379946,997,0,24.211048,0.375217,705.6
2026/7/11 10:33,0.379946,999,0,24.143232,0.375217,705.8
2026/7/11 10:33,0.379939,1002,0,24.084455,0.375217,706
2026/7/11 10:33,0.379946,1005,0,24.215572,0.375217,706.2
2026/7/11 10:33,0.379935,1006,0,24.183924,0.375217,706.4
2026/7/11 10:33,0.379935,1008,0,24.102541,0.375217,706.6
2026/7/11 10:33,0.379946,1010,0,24.202007,0.375217,706.8
2026/7/11 10:33,0.379946,1013,0,24.183924,0.375217,707
2026/7/11 10:33,0.379942,1016,0,24.084455,0.375217,707.2
2026/7/11 10:33,0.379946,1018,0,24.215572,0.375217,707.4
2026/7/11 10:33,0.379942,1019,0,24.06637,0.375217,707.6
2026/7/11 10:33,0.379939,1022,0,24.084455,0.375217,707.8
2026/7/11 10:33,0.379942,1024,0,24.202007,0.375217,708
2026/7/11 10:34,0.379939,1025,0,24.070892,0.375217,708.2
2026/7/11 10:34,0.379946,1029,0,24.102541,0.375217,708.4
2026/7/11 10:34,0.379942,1031,0,24.183924,0.375217,708.6
2026/7/11 10:34,0.379935,1033,0,24.070892,0.375217,708.8
2026/7/11 10:34,0.379935,1035,0,24.102541,0.375217,709
2026/7/11 10:34,0.379939,1038,0,24.183924,0.375217,709.2
2026/7/11 10:34,0.379946,1041,0,24.070892,0.375217,709.4
2026/7/11 10:34,0.379942,1043,0,24.084455,0.375217,709.6
2026/7/11 10:34,0.379946,1044,0,24.211048,0.375217,709.8
2026/7/11 10:34,0.379946,1047,0,24.06637,0.375217,710
2026/7/11 10:34,0.379942,1050,0,24.102541,0.375217,710.2
2026/7/11 10:34,0.379942,1052,0,24.143232,0.375217,710.4
2026/7/11 10:34,0.379949,1054,0,24.06637,0.375217,710.6
2026/7/11 10:34,0.379946,1056,0,24.13871,0.375217,710.8
2026/7/11 10:34,0.379949,1057,0,24.183924,0.375217,711
2026/7/11 10:34,0.379942,1060,0,24.070892,0.375217,711.2
2026/7/11 10:34,0.379946,1063,0,24.13871,0.375217,711.4
2026/7/11 10:34,0.379946,1065,0,24.183924,0.375217,711.6
2026/7/11 10:34,0.379946,1068,0,24.075415,0.375217,711.8
2026/7/11 10:34,0.379949,1070,0,24.13871,0.375217,712
2026/7/11 10:34,0.379952,1071,0,24.202007,0.375217,712.2
2026/7/11 10:34,0.379946,1074,0,24.075415,0.375217,712.4
2026/7/11 10:34,0.379952,1076,0,24.215572,0.375217,712.6
2026/7/11 10:34,0.379952,1078,0,24.06637,0.375217,712.8
2026/7/11 10:34,0.379959,1080,0,24.075415,0.375217,713
2026/7/11 10:34,0.379959,1083,0,24.202007,0.375217,713.2
2026/7/11 10:34,0.379956,1085,0,24.06637,0.375217,713.4
2026/7/11 10:34,0.379949,1088,0,24.084455,0.375217,713.6
2026/7/11 10:34,0.379952,1090,0,24.215572,0.375217,713.8
2026/7/11 10:34,0.379949,1092,0,24.143232,0.375217,714
2026/7/11 10:34,0.379949,1093,0,24.084455,0.375217,714.2
2026/7/11 10:34,0.379959,1096,0,24.211048,0.375217,714.4
2026/7/11 10:34,0.379962,1098,0,24.06637,0.375217,714.6
2026/7/11 10:34,0.379959,1099,0,24.075415,0.375217,714.8
2026/7/11 10:34,0.379959,1101,0,24.215572,0.375217,715
2026/7/11 10:34,0.379959,1102,0,24.06637,0.375217,715.2
2026/7/11 10:34,0.379952,1105,0,24.143232,0.375217,715.4
2026/7/11 10:34,0.379959,1107,0,24.143232,0.375217,715.6
2026/7/11 10:34,0.379972,1109,0,24.06637,0.375217,715.8
2026/7/11 10:34,0.379959,1111,0,24.102541,0.375217,716
2026/7/11 10:34,0.379962,1114,0,24.202007,0.375217,716.2
2026/7/11 10:34,0.379962,1115,0,24.070892,0.375217,716.4
2026/7/11 10:34,0.379966,1117,0,24.088978,0.375217,716.6
2026/7/11 10:34,0.379966,1118,0,24.202007,0.375217,716.8
2026/7/11 10:34,0.379969,1120,0,24.070892,0.375217,717
2026/7/11 10:34,0.379966,1121,0,24.143232,0.375217,717.2
2026/7/11 10:34,0.379966,1122,0,24.143232,0.375217,717.4
2026/7/11 10:34,0.379972,1124,0,24.075415,0.375217,717.6
2026/7/11 10:34,0.379966,1125,0,24.215572,0.375217,717.8
2026/7/11 10:34,0.379966,1127,0,24.183924,0.375217,718
2026/7/11 10:34,0.379972,1128,0,24.075415,0.375217,718.2
2026/7/11 10:34,0.379976,1129,0,24.215572,0.375217,718.4
2026/7/11 10:34,0.379966,1130,0,24.143232,0.375217,718.6
2026/7/11 10:34,0.379972,1132,0,24.084455,0.375217,718.8
2026/7/11 10:34,0.379972,1133,0,24.215572,0.375217,719
2026/7/11 10:34,0.379972,1134,0,24.152275,0.375217,719.2
2026/7/11 10:34,0.379966,1136,0,24.084455,0.375217,719.4
2026/7/11 10:34,0.379972,1138,0,24.215572,0.375217,719.6
2026/7/11 10:34,0.379976,1138,0,24.06637,0.375217,719.8
2026/7/11 10:34,0.379969,1139,0,24.102541,0.375217,720
2026/7/11 10:34,0.379972,1140,0,24.211048,0.375217,720.2
2026/7/11 10:34,0.379976,1142,0,24.06637,0.375217,720.4
2026/7/11 10:34,0.379972,1143,0,24.075415,0.375217,720.6
2026/7/11 10:34,0.379976,1144,0,24.211048,0.375217,720.8
2026/7/11 10:34,0.379979,1145,0,24.06637,0.375217,721
2026/7/11 10:34,0.379976,1146,0,24.143232,0.375217,721.2
2026/7/11 10:34,0.379976,1147,0,24.183924,0.375217,721.4
2026/7/11 10:34,0.379979,1148,0,24.070892,0.375217,721.6
2026/7/11 10:34,0.379976,1149,0,24.143232,0.375217,721.8
2026/7/11 10:34,0.379983,1149,0,24.143232,0.375217,722
2026/7/11 10:34,0.379979,1151,0,24.084455,0.375217,722.2
2026/7/11 10:34,0.379983,1152,0,24.13871,0.375217,722.4
2026/7/11 10:34,0.379983,1152,0,24.143232,0.375217,722.6
2026/7/11 10:34,0.379983,1153,0,24.070892,0.375217,722.8
2026/7/11 10:34,0.379983,1154,0,24.143232,0.375217,723
2026/7/11 10:34,0.379993,1154,0,24.143232,0.375217,723.2
2026/7/11 10:34,0.379989,1155,0,24.075415,0.375217,723.4
2026/7/11 10:34,0.379989,1155,0,24.215572,0.375217,723.6
2026/7/11 10:34,0.379993,1155,0,24.06637,0.375217,723.8
2026/7/11 10:34,0.379993,1156,0,24.084455,0.375217,724
2026/7/11 10:34,0.379989,1157,0,24.13419,0.375217,724.2
2026/7/11 10:34,0.379993,1157,0,24.06637,0.375217,724.4
2026/7/11 10:34,0.379999,1158,0,24.084455,0.375217,724.6
2026/7/11 10:34,0.379993,1158,0,24.211048,0.375217,724.8
2026/7/11 10:34,0.379996,1158,0,24.143232,0.375217,725
2026/7/11 10:34,0.379989,1158,0,24.084455,0.375217,725.2
2026/7/11 10:34,0.379996,1159,0,24.215572,0.375217,725.4
2026/7/11 10:34,0.379996,1158,0,24.06637,0.375217,725.6
2026/7/11 10:34,0.379993,1159,0,24.084455,0.375217,725.8
2026/7/11 10:34,0.379996,1160,0,24.215572,0.375217,726
2026/7/11 10:34,0.380003,1160,0,24.070892,0.375217,726.2
2026/7/11 10:34,0.379996,1160,0,24.102541,0.375217,726.4
2026/7/11 10:34,0.379996,1160,0,24.202007,0.375217,726.6
2026/7/11 10:34,0.380003,1160,0,24.070892,0.375217,726.8
2026/7/11 10:34,0.380003,1160,0,24.143232,0.375217,727
2026/7/11 10:34,0.379999,1160,0,24.202007,0.375217,727.2
2026/7/11 10:34,0.380006,1160,0,24.06637,0.375217,727.4
2026/7/11 10:34,0.380006,1160,0,24.143232,0.375217,727.6
2026/7/11 10:34,0.380003,1160,0,24.183924,0.375217,727.8
2026/7/11 10:34,0.380006,1160,0,24.070892,0.375217,728
2026/7/11 10:34,0.380006,1160,0,24.143232,0.375217,728.2
2026/7/11 10:34,0.380006,1160,0,24.183924,0.375217,728.4
2026/7/11 10:34,0.38001,1161,0,24.075415,0.375217,728.6
2026/7/11 10:34,0.38001,1160,0,24.215572,0.375217,728.8
2026/7/11 10:34,0.38001,1160,0,24.183924,0.375217,729
2026/7/11 10:34,0.38001,1160,0,24.075415,0.375217,729.2
2026/7/11 10:34,0.38001,1159,0,24.13871,0.375217,729.4
2026/7/11 10:34,0.38001,1158,0,24.183924,0.375217,729.6
2026/7/11 10:34,0.38001,1158,0,24.06637,0.375217,729.8
2026/7/11 10:34,0.38001,1158,0,24.102541,0.375217,730
2026/7/11 10:34,0.38001,1158,0,24.143232,0.375217,730.2
2026/7/11 10:34,0.380013,1157,0,24.070892,0.375217,730.4
2026/7/11 10:34,0.380013,1157,0,24.215572,0.375217,730.6
2026/7/11 10:34,0.38001,1157,0,24.147753,0.375217,730.8
2026/7/11 10:34,0.380006,1156,0,24.070892,0.375217,731
2026/7/11 10:34,0.380013,1157,0,24.183924,0.375217,731.2
2026/7/11 10:34,0.380013,1157,0,24.147753,0.375217,731.4
2026/7/11 10:34,0.380013,1155,0,24.084455,0.375217,731.6
2026/7/11 10:34,0.380013,1155,0,24.215572,0.375217,731.8
2026/7/11 10:34,0.38001,1154,0,24.070892,0.375217,732
2026/7/11 10:34,0.38001,1154,0,24.102541,0.375217,732.2
2026/7/11 10:34,0.38002,1154,0,24.202007,0.375217,732.4
2026/7/11 10:34,0.38002,1154,0,24.070892,0.375217,732.6
2026/7/11 10:34,0.380013,1153,0,24.102541,0.375217,732.8
2026/7/11 10:34,0.380016,1152,0,24.211048,0.375217,733
2026/7/11 10:34,0.380016,1152,0,24.070892,0.375217,733.2
2026/7/11 10:34,0.380016,1152,0,24.143232,0.375217,733.4
2026/7/11 10:34,0.380013,1152,0,24.183924,0.375217,733.6
2026/7/11 10:34,0.380023,1151,0,24.06637,0.375217,733.8
2026/7/11 10:34,0.380023,1151,0,24.084455,0.375217,734
2026/7/11 10:34,0.380023,1150,0,24.202007,0.375217,734.2
2026/7/11 10:34,0.380023,1149,0,24.084455,0.375217,734.4
2026/7/11 10:34,0.380016,1149,0,24.13419,0.375217,734.6
2026/7/11 10:34,0.380016,1147,0,24.143232,0.375217,734.8
2026/7/11 10:34,0.38002,1147,0,24.075415,0.375217,735
2026/7/11 10:34,0.380026,1147,0,24.215572,0.375217,735.2
2026/7/11 10:34,0.380023,1146,0,24.183924,0.375217,735.4
2026/7/11 10:34,0.38002,1144,0,24.075415,0.375217,735.6
2026/7/11 10:34,0.380026,1144,0,24.215572,0.375217,735.8
2026/7/11 10:34,0.380026,1144,0,24.143232,0.375217,736
2026/7/11 10:34,0.380023,1143,0,24.075415,0.375217,736.2
2026/7/11 10:34,0.380026,1143,0,24.211048,0.375217,736.4
2026/7/11 10:34,0.380026,1142,0,24.143232,0.375217,736.6
2026/7/11 10:34,0.38003,1140,0,24.075415,0.375217,736.8
2026/7/11 10:34,0.38003,1139,0,24.215572,0.375217,737
2026/7/11 10:34,0.380026,1138,0,24.06637,0.375217,737.2
2026/7/11 10:34,0.380023,1138,0,24.102541,0.375217,737.4
2026/7/11 10:34,0.380026,1137,0,24.188444,0.375217,737.6
2026/7/11 10:34,0.380026,1136,0,24.183924,0.375217,737.8
2026/7/11 10:34,0.380026,1136,0,24.102541,0.375217,738
2026/7/11 10:34,0.38003,1134,0,24.215572,0.375217,738.2
2026/7/11 10:34,0.38003,1133,0,24.143232,0.375217,738.4
2026/7/11 10:34,0.380026,1133,0,24.084455,0.375217,738.6
2026/7/11 10:34,0.380026,1131,0,24.211048,0.375217,738.8
2026/7/11 10:34,0.380036,1129,0,24.06637,0.375217,739
2026/7/11 10:34,0.380036,1129,0,24.143232,0.375217,739.2
2026/7/11 10:34,0.38003,1128,0,24.202007,0.375217,739.4
2026/7/11 10:34,0.38003,1127,0,24.06637,0.375217,739.6
2026/7/11 10:34,0.380036,1125,0,24.13871,0.375217,739.8
2026/7/11 10:34,0.380026,1125,0,24.143232,0.375217,740
2026/7/11 10:34,0.380026,1123,0,24.075415,0.375217,740.2
2026/7/11 10:34,0.380036,1122,0,24.143232,0.375217,740.4
2026/7/11 10:34,0.380026,1120,0,24.211048,0.375217,740.6
2026/7/11 10:34,0.38003,1119,0,24.06637,0.375217,740.8
2026/7/11 10:34,0.380033,1118,0,24.13871,0.375217,741
2026/7/11 10:34,0.38003,1117,0,24.06637,0.375217,741.2
2026/7/11 10:34,0.380033,1116,0,24.070892,0.375217,741.4
2026/7/11 10:34,0.38003,1114,0,24.215572,0.375217,741.6
2026/7/11 10:34,0.380036,1113,0,24.183924,0.375217,741.8
2026/7/11 10:34,0.380036,1112,0,24.075415,0.375217,742
2026/7/11 10:34,0.38003,1111,0,24.215572,0.375217,742.2
2026/7/11 10:34,0.38003,1108,0,24.084455,0.375217,742.4
2026/7/11 10:34,0.380026,1108,0,24.102541,0.375217,742.6
2026/7/11 10:34,0.380033,1107,0,24.211048,0.375217,742.8
2026/7/11 10:34,0.380026,1105,0,24.183924,0.375217,743
2026/7/11 10:34,0.38003,1104,0,24.075415,0.375217,743.2
2026/7/11 10:34,0.38003,1103,0,24.202007,0.375217,743.4
2026/7/11 10:34,0.380023,1102,0,24.070892,0.375217,743.6
2026/7/11 10:34,0.380033,1101,0,24.102541,0.375217,743.8
2026/7/11 10:34,0.380026,1100,0,24.202007,0.375217,744
2026/7/11 10:34,0.38003,1098,0,24.070892,0.375217,744.2
2026/7/11 10:34,0.380026,1097,0,24.084455,0.375217,744.4
2026/7/11 10:34,0.38003,1096,0,24.143232,0.375217,744.6
2026/7/11 10:34,0.380026,1094,0,24.070892,0.375217,744.8
2026/7/11 10:34,0.38003,1093,0,24.13871,0.375217,745
2026/7/11 10:34,0.38003,1092,0,24.143232,0.375217,745.2
2026/7/11 10:34,0.380026,1091,0,24.070892,0.375217,745.4
2026/7/11 10:34,0.38003,1090,0,24.102541,0.375217,745.6
2026/7/11 10:34,0.38003,1089,0,24.202007,0.375217,745.8
2026/7/11 10:34,0.380026,1087,0,24.084455,0.375217,746
2026/7/11 10:34,0.38003,1086,0,24.143232,0.375217,746.2
2026/7/11 10:34,0.380026,1085,0,24.143232,0.375217,746.4
2026/7/11 10:34,0.38003,1085,0,24.075415,0.375217,746.6
2026/7/11 10:34,0.380026,1083,0,24.215572,0.375217,746.8
2026/7/11 10:34,0.380023,1083,0,24.06637,0.375217,747
2026/7/11 10:34,0.38003,1082,0,24.075415,0.375217,747.2
2026/7/11 10:34,0.380033,1080,0,24.215572,0.375217,747.4
2026/7/11 10:34,0.38003,1079,0,24.143232,0.375217,747.6
2026/7/11 10:34,0.38003,1078,0,24.075415,0.375217,747.8
2026/7/11 10:34,0.380026,1077,0,24.215572,0.375217,748
2026/7/11 10:34,0.380026,1076,0,24.070892,0.375217,748.2
2026/7/11 10:34,0.380023,1074,0,24.102541,0.375217,748.4
2026/7/11 10:34,0.380023,1073,0,24.202007,0.375217,748.6
2026/7/11 10:34,0.380026,1072,0,24.06637,0.375217,748.8
2026/7/11 10:34,0.38003,1071,0,24.075415,0.375217,749
2026/7/11 10:34,0.380026,1069,0,24.211048,0.375217,749.2
2026/7/11 10:34,0.380026,1068,0,24.147753,0.375217,749.4
2026/7/11 10:34,0.380026,1067,0,24.161316,0.375217,749.6
2026/7/11 10:34,0.380026,1066,0,24.211048,0.375217,749.8
2026/7/11 10:34,0.38003,1066,0,24.070892,0.375217,750
2026/7/11 10:34,0.380026,1064,0,24.13871,0.375217,750.2
2026/7/11 10:34,0.380023,1062,0,24.211048,0.375217,750.4
2026/7/11 10:34,0.380026,1062,0,24.070892,0.375217,750.6
2026/7/11 10:34,0.380026,1062,0,24.13871,0.375217,750.8
2026/7/11 10:34,0.380023,1060,0,24.183924,0.375217,751
2026/7/11 10:34,0.380023,1058,0,24.070892,0.375217,751.2
2026/7/11 10:34,0.380026,1057,0,24.102541,0.375217,751.4
2026/7/11 10:34,0.380023,1057,0,24.183924,0.375217,751.6
2026/7/11 10:34,0.380023,1055,0,24.075415,0.375217,751.8
2026/7/11 10:34,0.38002,1055,0,24.215572,0.375217,752
2026/7/11 10:34,0.380023,1053,0,24.211048,0.375217,752.2
2026/7/11 10:34,0.38002,1053,0,24.084455,0.375217,752.4
2026/7/11 10:34,0.380026,1052,0,24.202007,0.375217,752.6
2026/7/11 10:34,0.38002,1050,0,24.084455,0.375217,752.8
2026/7/11 10:34,0.380023,1049,0,24.102541,0.375217,753
2026/7/11 10:34,0.380016,1048,0,24.215572,0.375217,753.2
2026/7/11 10:34,0.38002,1047,0,24.070892,0.375217,753.4
2026/7/11 10:34,0.38002,1046,0,24.084455,0.375217,753.6
2026/7/11 10:34,0.38002,1045,0,24.202007,0.375217,753.8
2026/7/11 10:34,0.380023,1044,0,24.143232,0.375217,754
2026/7/11 10:34,0.38002,1043,0,24.084455,0.375217,754.2
2026/7/11 10:34,0.380023,1042,0,24.211048,0.375217,754.4
2026/7/11 10:34,0.380013,1041,0,24.070892,0.375217,754.6
2026/7/11 10:34,0.380013,1041,0,24.102541,0.375217,754.8
2026/7/11 10:34,0.380013,1041,0,24.211048,0.375217,755
2026/7/11 10:34,0.380013,1039,0,24.070892,0.375217,755.2
2026/7/11 10:34,0.38001,1039,0,24.102541,0.375217,755.4
2026/7/11 10:34,0.380016,1038,0,24.202007,0.375217,755.6
2026/7/11 10:34,0.380013,1038,0,24.070892,0.375217,755.8
2026/7/11 10:34,0.380013,1037,0,24.102541,0.375217,756
2026/7/11 10:34,0.38001,1036,0,24.202007,0.375217,756.2
2026/7/11 10:34,0.380013,1035,0,24.070892,0.375217,756.4
2026/7/11 10:34,0.380013,1035,0,24.220093,0.375217,756.6
2026/7/11 10:34,0.38001,1034,0,24.183924,0.375217,756.8
2026/7/11 10:34,0.38001,1033,0,24.070892,0.375217,757
2026/7/11 10:34,0.380006,1033,0,24.215572,0.375217,757.2
2026/7/11 10:34,0.380013,1032,0,24.183924,0.375217,757.4
2026/7/11 10:34,0.38001,1031,0,24.06637,0.375217,757.6
2026/7/11 10:34,0.38001,1031,0,24.13871,0.375217,757.8
2026/7/11 10:34,0.38001,1031,0,24.183924,0.375217,758
2026/7/11 10:34,0.380013,1031,0,24.070892,0.375217,758.2
2026/7/11 10:34,0.380006,1030,0,24.211048,0.375217,758.4
2026/7/11 10:34,0.38001,1029,0,24.202007,0.375217,758.6
2026/7/11 10:34,0.380006,1030,0,24.070892,0.375217,758.8
2026/7/11 10:34,0.380003,1029,0,24.202007,0.375217,759
2026/7/11 10:34,0.38001,1029,0,24.183924,0.375217,759.2
2026/7/11 10:34,0.380006,1028,0,24.070892,0.375217,759.4
2026/7/11 10:34,0.380003,1028,0,24.202007,0.375217,759.6
2026/7/11 10:34,0.38001,1027,0,24.06637,0.375217,759.8
2026/7/11 10:34,0.380006,1027,0,24.102541,0.375217,760
2026/7/11 10:34,0.380003,1026,0,24.211048,0.375217,760.2
2026/7/11 10:34,0.380006,1025,0,24.183924,0.375217,760.4
2026/7/11 10:34,0.380006,1026,0,24.102541,0.375217,760.6
2026/7/11 10:34,0.379999,1025,0,24.215572,0.375217,760.8
2026/7/11 10:34,0.379996,1025,0,24.147753,0.375217,761
2026/7/11 10:34,0.380006,1025,0,24.102541,0.375217,761.2
2026/7/11 10:34,0.38001,1025,0,24.211048,0.375217,761.4
2026/7/11 10:34,0.380006,1025,0,24.070892,0.375217,761.6
2026/7/11 10:34,0.380006,1024,0,24.102541,0.375217,761.8
2026/7/11 10:34,0.380003,1024,0,24.183924,0.375217,762
2026/7/11 10:34,0.379999,1024,0,24.070892,0.375217,762.2
2026/7/11 10:34,0.379996,1024,0,24.102541,0.375217,762.4
2026/7/11 10:34,0.379996,1024,0,24.183924,0.375217,762.6
2026/7/11 10:34,0.380003,1024,0,24.070892,0.375217,762.8
2026/7/11 10:34,0.379999,1023,0,24.143232,0.375217,763
2026/7/11 10:34,0.380003,1023,0,24.06637,0.375217,763.2
2026/7/11 10:34,0.379996,1022,0,24.070892,0.375217,763.4
2026/7/11 10:34,0.379996,1023,0,24.13871,0.375217,763.6
2026/7/11 10:34,0.379999,1023,0,24.202007,0.375217,763.8
2026/7/11 10:34,0.379993,1023,0,24.070892,0.375217,764
2026/7/11 10:34,0.380003,1023,0,24.215572,0.375217,764.2
2026/7/11 10:34,0.379996,1022,0,24.183924,0.375217,764.4
2026/7/11 10:34,0.379996,1022,0,24.075415,0.375217,764.6
2026/7/11 10:34,0.379996,1022,0,24.13871,0.375217,764.8
2026/7/11 10:34,0.379996,1022,0,24.143232,0.375217,765
2026/7/11 10:34,0.379996,1023,0,24.075415,0.375217,765.2
2026/7/11 10:34,0.379996,1022,0,24.215572,0.375217,765.4
2026/7/11 10:34,0.379996,1022,0,24.143232,0.375217,765.6
2026/7/11 10:34,0.379996,1022,0,24.075415,0.375217,765.8
2026/7/11 10:34,0.379996,1022,0,24.215572,0.375217,766
2026/7/11 10:34,0.379993,1022,0,24.147753,0.375217,766.2
2026/7/11 10:34,0.379996,1023,0,24.102541,0.375217,766.4
2026/7/11 10:34,0.379993,1022,0,24.215572,0.375217,766.6
2026/7/11 10:34,0.379989,1022,0,24.183924,0.375217,766.8
2026/7/11 10:34,0.379993,1022,0,24.102541,0.375217,767
2026/7/11 10:34,0.379996,1024,0,24.211048,0.375217,767.2
2026/7/11 10:34,0.379993,1024,0,24.070892,0.375217,767.4
2026/7/11 10:34,0.379989,1024,0,24.102541,0.375217,767.6
2026/7/11 10:34,0.379989,1023,0,24.202007,0.375217,767.8
2026/7/11 10:34,0.379989,1024,0,24.070892,0.375217,768
2026/7/11 10:35,0.379993,1024,0,24.13871,0.375217,768.2
2026/7/11 10:35,0.379993,1024,0,24.183924,0.375217,768.4
2026/7/11 10:35,0.379989,1025,0,24.070892,0.375217,768.6
2026/7/11 10:35,0.379983,1025,0,24.102541,0.375217,768.8
2026/7/11 10:35,0.379989,1025,0,24.143232,0.375217,769
2026/7/11 10:35,0.379983,1025,0,24.070892,0.375217,769.2
2026/7/11 10:35,0.379989,1025,0,24.13871,0.375217,769.4
2026/7/11 10:35,0.379986,1025,0,24.183924,0.375217,769.6
2026/7/11 10:35,0.379993,1026,0,24.070892,0.375217,769.8
2026/7/11 10:35,0.379993,1026,0,24.220093,0.375217,770
2026/7/11 10:35,0.379986,1027,0,24.183924,0.375217,770.2
2026/7/11 10:35,0.379989,1027,0,24.070892,0.375217,770.4
2026/7/11 10:35,0.379986,1027,0,24.211048,0.375217,770.6
2026/7/11 10:35,0.379986,1027,0,24.143232,0.375217,770.8
2026/7/11 10:35,0.379983,1027,0,24.084455,0.375217,771
2026/7/11 10:35,0.379983,1028,0,24.098019,0.375217,771.2
2026/7/11 10:35,0.379989,1028,0,24.070892,0.375217,771.4
2026/7/11 10:35,0.379983,1029,0,24.084455,0.375217,771.6
2026/7/11 10:35,0.379986,1029,0,24.202007,0.375217,771.8
2026/7/11 10:35,0.379986,1029,0,24.143232,0.375217,772
2026/7/11 10:35,0.379983,1029,0,24.102541,0.375217,772.2
2026/7/11 10:35,0.379983,1030,0,24.211048,0.375217,772.4
2026/7/11 10:35,0.379979,1030,0,24.070892,0.375217,772.6
2026/7/11 10:35,0.379986,1031,0,24.102541,0.375217,772.8
2026/7/11 10:35,0.379983,1031,0,24.211048,0.375217,773
2026/7/11 10:35,0.379989,1031,0,24.070892,0.375217,773.2
2026/7/11 10:35,0.379983,1032,0,24.13871,0.375217,773.4
2026/7/11 10:35,0.379983,1032,0,24.202007,0.375217,773.6
2026/7/11 10:35,0.379979,1032,0,24.070892,0.375217,773.8
2026/7/11 10:35,0.379983,1032,0,24.102541,0.375217,774
2026/7/11 10:35,0.379986,1033,0,24.183924,0.375217,774.2
2026/7/11 10:35,0.379983,1034,0,24.075415,0.375217,774.4
2026/7/11 10:35,0.379983,1034,0,24.13871,0.375217,774.6
2026/7/11 10:35,0.379983,1035,0,24.143232,0.375217,774.8
2026/7/11 10:35,0.379983,1035,0,24.075415,0.375217,775
2026/7/11 10:35,0.379979,1035,0,24.215572,0.375217,775.2
2026/7/11 10:35,0.379983,1036,0,24.06637,0.375217,775.4
2026/7/11 10:35,0.379989,1036,0,24.102541,0.375217,775.6
2026/7/11 10:35,0.379979,1036,0,24.215572,0.375217,775.8
2026/7/11 10:35,0.379983,1037,0,24.143232,0.375217,776
2026/7/11 10:35,0.379983,1038,0,24.075415,0.375217,776.2
2026/7/11 10:35,0.379986,1038,0,24.215572,0.375217,776.4
2026/7/11 10:35,0.379983,1039,0,24.06637,0.375217,776.6
2026/7/11 10:35,0.379983,1039,0,24.084455,0.375217,776.8
2026/7/11 10:35,0.379986,1039,0,24.211048,0.375217,777
2026/7/11 10:35,0.379983,1040,0,24.06637,0.375217,777.2
2026/7/11 10:35,0.379983,1040,0,24.102541,0.375217,777.4
2026/7/11 10:35,0.379983,1041,0,24.211048,0.375217,777.6
2026/7/11 10:35,0.379979,1041,0,24.070892,0.375217,777.8
2026/7/11 10:35,0.379983,1041,0,24.13871,0.375217,778
2026/7/11 10:35,0.379979,1042,0,24.143232,0.375217,778.2
2026/7/11 10:35,0.379976,1042,0,24.070892,0.375217,778.4
2026/7/11 10:35,0.379986,1042,0,24.102541,0.375217,778.6
2026/7/11 10:35,0.379983,1043,0,24.183924,0.375217,778.8
2026/7/11 10:35,0.379983,1044,0,24.075415,0.375217,779
2026/7/11 10:35,0.379983,1045,0,24.143232,0.375217,779.2
2026/7/11 10:35,0.379979,1044,0,24.183924,0.375217,779.4
2026/7/11 10:35,0.379979,1045,0,24.070892,0.375217,779.6
2026/7/11 10:35,0.379983,1046,0,24.215572,0.375217,779.8
2026/7/11 10:35,0.379979,1047,0,24.143232,0.375217,780
2026/7/11 10:35,0.379979,1047,0,24.075415,0.375217,780.2
2026/7/11 10:35,0.379979,1048,0,24.211048,0.375217,780.4
2026/7/11 10:35,0.379976,1049,0,24.06637,0.375217,780.6
2026/7/11 10:35,0.379979,1049,0,24.075415,0.375217,780.8
2026/7/11 10:35,0.379979,1050,0,24.215572,0.375217,781
2026/7/11 10:35,0.379976,1050,0,24.183924,0.375217,781.2
2026/7/11 10:35,0.379979,1051,0,24.06637,0.375217,781.4
2026/7/11 10:35,0.379979,1052,0,24.13419,0.375217,781.6
2026/7/11 10:35,0.379976,1052,0,24.143232,0.375217,781.8
2026/7/11 10:35,0.379979,1053,0,24.070892,0.375217,782
2026/7/11 10:35,0.379972,1054,0,24.215572,0.375217,782.2
2026/7/11 10:35,0.379979,1054,0,24.220093,0.375217,782.4
2026/7/11 10:35,0.379983,1055,0,24.224613,0.375217,782.6
2026/7/11 10:35,0.379983,1057,0,24.220093,0.375217,782.8
2026/7/11 10:35,0.379979,1057,0,24.220093,0.375217,783
2026/7/11 10:35,0.379983,1058,0,24.220093,0.375217,783.2
2026/7/11 10:35,0.379983,1058,0,24.220093,0.375217,783.4
2026/7/11 10:35,0.379979,1058,0,24.220093,0.375217,783.6
2026/7/11 10:35,0.379979,1059,0,24.224613,0.375217,783.8
2026/7/11 10:35,0.379983,1060,0,24.220093,0.375217,784
2026/7/11 10:35,0.379979,1060,0,24.220093,0.375217,784.2
2026/7/11 10:35,0.379983,1061,0,24.224613,0.375217,784.4
2026/7/11 10:35,0.379983,1061,0,24.220093,0.375217,784.6
2026/7/11 10:35,0.379983,1062,0,24.220093,0.375217,784.8
2026/7/11 10:35,0.379979,1062,0,24.220093,0.375217,785
2026/7/11 10:35,0.379979,1062,0,24.220093,0.375217,785.2
2026/7/11 10:35,0.379983,1063,0,24.220093,0.375217,785.4
2026/7/11 10:35,0.379983,1064,0,24.220093,0.375217,785.6
2026/7/11 10:35,0.379989,1064,0,24.220093,0.375217,785.8
2026/7/11 10:35,0.379983,1065,0,24.220093,0.375217,786
2026/7/11 10:35,0.379983,1066,0,24.238176,0.375217,786.2
2026/7/11 10:35,0.379979,1066,0,24.220093,0.375217,786.4
2026/7/11 10:35,0.379986,1067,0,24.220093,0.375217,786.6
2026/7/11 10:35,0.379983,1068,0,24.220093,0.375217,786.8
2026/7/11 10:35,0.379983,1068,0,24.220093,0.375217,787
2026/7/11 10:35,0.379989,1069,0,24.220093,0.375217,787.2
2026/7/11 10:35,0.379989,1069,0,24.220093,0.375217,787.4
2026/7/11 10:35,0.379989,1069,0,24.220093,0.375217,787.6
2026/7/11 10:35,0.379983,1070,0,24.220093,0.375217,787.8
2026/7/11 10:35,0.379993,1071,0,24.220093,0.375217,788
2026/7/11 10:35,0.379989,1071,0,24.220093,0.375217,788.2
2026/7/11 10:35,0.379983,1072,0,24.220093,0.375217,788.4
2026/7/11 10:35,0.379986,1072,0,24.220093,0.375217,788.6
2026/7/11 10:35,0.379993,1073,0,24.220093,0.375217,788.8
2026/7/11 10:35,0.379989,1073,0,24.220093,0.375217,789
2026/7/11 10:35,0.379989,1073,0,24.220093,0.375217,789.2
2026/7/11 10:35,0.379983,1074,0,24.220093,0.375217,789.4
2026/7/11 10:35,0.379983,1074,0,24.220093,0.375217,789.6
2026/7/11 10:35,0.379983,1074,0,24.220093,0.375217,789.8
2026/7/11 10:35,0.379986,1075,0,24.220093,0.375217,790
2026/7/11 10:35,0.379989,1075,0,24.220093,0.375217,790.2
2026/7/11 10:35,0.379983,1076,0,24.220093,0.375217,790.4
2026/7/11 10:35,0.379986,1076,0,24.220093,0.375217,790.6
2026/7/11 10:35,0.379989,1077,0,24.220093,0.375217,790.8
2026/7/11 10:35,0.379989,1077,0,24.220093,0.375217,791
2026/7/11 10:35,0.379989,1077,0,24.220093,0.375217,791.2
2026/7/11 10:35,0.379989,1077,0,24.220093,0.375217,791.4
2026/7/11 10:35,0.379996,1078,0,24.220093,0.375217,791.6
2026/7/11 10:35,0.379993,1078,0,24.220093,0.375217,791.8
2026/7/11 10:35,0.379986,1079,0,24.220093,0.375217,792
2026/7/11 10:35,0.379989,1079,0,24.220093,0.375217,792.2
2026/7/11 10:35,0.379986,1079,0,24.220093,0.375217,792.4
2026/7/11 10:35,0.379989,1079,0,24.220093,0.375217,792.6
2026/7/11 10:35,0.379983,1080,0,24.220093,0.375217,792.8
2026/7/11 10:35,0.379989,1080,0,24.220093,0.375217,793
2026/7/11 10:35,0.379989,1082,0,24.220093,0.375217,793.2
2026/7/11 10:35,0.379993,1082,0,24.220093,0.375217,793.4
2026/7/11 10:35,0.379989,1082,0,24.220093,0.375217,793.6
2026/7/11 10:35,0.379989,1083,0,24.220093,0.375217,793.8
2026/7/11 10:35,0.379986,1083,0,24.220093,0.375217,794
2026/7/11 10:35,0.379986,1084,0,24.224613,0.375217,794.2
2026/7/11 10:35,0.379993,1084,0,24.220093,0.375217,794.4
2026/7/11 10:35,0.379996,1084,0,24.220093,0.375217,794.6
2026/7/11 10:35,0.379993,1085,0,24.220093,0.375217,794.8
2026/7/11 10:35,0.379996,1085,0,24.220093,0.375217,795
2026/7/11 10:35,0.379989,1085,0,24.220093,0.375217,795.2
2026/7/11 10:35,0.379983,1086,0,24.220093,0.375217,795.4
2026/7/11 10:35,0.379993,1086,0,24.220093,0.375217,795.6
2026/7/11 10:35,0.379993,1086,0,24.220093,0.375217,795.8
2026/7/11 10:35,0.379996,1086,0,24.220093,0.375217,796
2026/7/11 10:35,0.379993,1086,0,24.220093,0.375217,796.2
2026/7/11 10:35,0.379993,1086,0,24.220093,0.375217,796.4
2026/7/11 10:35,0.379993,1087,0,24.220093,0.375217,796.6
2026/7/11 10:35,0.379989,1088,0,24.220093,0.375217,796.8
2026/7/11 10:35,0.379993,1088,0,24.220093,0.375217,797
2026/7/11 10:35,0.379993,1088,0,24.220093,0.375217,797.2
2026/7/11 10:35,0.379996,1088,0,24.220093,0.375217,797.4
2026/7/11 10:35,0.379996,1088,0,24.220093,0.375217,797.6
2026/7/11 10:35,0.379993,1088,0,24.220093,0.375217,797.8
2026/7/11 10:35,0.379996,1089,0,24.220093,0.375217,798
2026/7/11 10:35,0.379993,1089,0,24.220093,0.375217,798.2
2026/7/11 10:35,0.379996,1089,0,24.220093,0.375217,798.4
2026/7/11 10:35,0.379996,1089,0,24.220093,0.375217,798.6
2026/7/11 10:35,0.379993,1090,0,24.220093,0.375217,798.8
2026/7/11 10:35,0.379996,1090,0,24.220093,0.375217,799
2026/7/11 10:35,0.379993,1089,0,24.220093,0.375217,799.2
2026/7/11 10:35,0.379999,1090,0,24.220093,0.375217,799.4
2026/7/11 10:35,0.379996,1090,0,24.220093,0.375217,799.6
2026/7/11 10:35,0.379993,1091,0,24.220093,0.375217,799.8
2026/7/11 10:35,0.379996,1091,0,24.220093,0.375217,800
2026/7/11 10:35,0.379993,1090,0,24.220093,0.375217,800.2
2026/7/11 10:35,0.379996,1090,0,24.220093,0.375217,800.4
2026/7/11 10:35,0.379996,1091,0,24.220093,0.375217,800.6
2026/7/11 10:35,0.380003,1091,0,24.220093,0.375217,800.8
2026/7/11 10:35,0.379993,1090,0,24.220093,0.375217,801
2026/7/11 10:35,0.379996,1090,0,24.220093,0.375217,801.2
2026/7/11 10:35,0.379996,1091,0,24.220093,0.375217,801.4
2026/7/11 10:35,0.379996,1091,0,24.220093,0.375217,801.6
2026/7/11 10:35,0.380003,1091,0,24.220093,0.375217,801.8
2026/7/11 10:35,0.380006,1090,0,24.220093,0.375217,802
2026/7/11 10:35,0.380003,1091,0,24.220093,0.375217,802.2
2026/7/11 10:35,0.379996,1091,0,24.220093,0.375217,802.4
2026/7/11 10:35,0.380003,1090,0,24.220093,0.375217,802.6
2026/7/11 10:35,0.379999,1090,0,24.220093,0.375217,802.8
2026/7/11 10:35,0.380003,1091,0,24.220093,0.375217,803
2026/7/11 10:35,0.380003,1091,0,24.220093,0.375217,803.2
2026/7/11 10:35,0.380006,1090,0,24.220093,0.375217,803.4
2026/7/11 10:35,0.380003,1089,0,24.220093,0.375217,803.6
2026/7/11 10:35,0.380006,1089,0,24.220093,0.375217,803.8
2026/7/11 10:35,0.380003,1089,0,24.220093,0.375217,804
2026/7/11 10:35,0.380003,1089,0,24.220093,0.375217,804.2
2026/7/11 10:35,0.380006,1090,0,24.220093,0.375217,804.4
2026/7/11 10:35,0.380003,1090,0,24.220093,0.375217,804.6
2026/7/11 10:35,0.380006,1090,0,24.220093,0.375217,804.8
2026/7/11 10:35,0.380003,1089,0,24.220093,0.375217,805
2026/7/11 10:35,0.380006,1089,0,24.220093,0.375217,805.2
2026/7/11 10:35,0.380003,1089,0,24.220093,0.375217,805.4
2026/7/11 10:35,0.380003,1089,0,24.220093,0.375217,805.6
2026/7/11 10:35,0.379993,1089,0,24.220093,0.375217,805.8
2026/7/11 10:35,0.379996,1089,0,24.220093,0.375217,806
2026/7/11 10:35,0.380003,1089,0,24.220093,0.375217,806.2
2026/7/11 10:35,0.380003,1088,0,24.220093,0.375217,806.4
2026/7/11 10:35,0.380006,1088,0,24.220093,0.375217,806.6
2026/7/11 10:35,0.380006,1088,0,24.220093,0.375217,806.8
2026/7/11 10:35,0.379999,1088,0,24.220093,0.375217,807
2026/7/11 10:35,0.380006,1088,0,24.220093,0.375217,807.2
2026/7/11 10:35,0.379996,1088,0,24.220093,0.375217,807.4
2026/7/11 10:35,0.38001,1088,0,24.220093,0.375217,807.6
2026/7/11 10:35,0.379996,1088,0,24.220093,0.375217,807.8
2026/7/11 10:35,0.380006,1088,0,24.220093,0.375217,808
2026/7/11 10:35,0.38001,1088,0,24.220093,0.375217,808.2
2026/7/11 10:35,0.380006,1087,0,24.220093,0.375217,808.4
2026/7/11 10:35,0.379999,1086,0,24.220093,0.375217,808.6
2026/7/11 10:35,0.380006,1086,0,24.220093,0.375217,808.8
2026/7/11 10:35,0.380003,1087,0,24.220093,0.375217,809
2026/7/11 10:35,0.380003,1086,0,24.220093,0.375217,809.2
2026/7/11 10:35,0.380006,1086,0,24.220093,0.375217,809.4
2026/7/11 10:35,0.380003,1086,0,24.220093,0.375217,809.6
2026/7/11 10:35,0.38001,1086,0,24.220093,0.375217,809.8
2026/7/11 10:35,0.380006,1086,0,24.220093,0.375217,810
2026/7/11 10:35,0.380006,1086,0,24.220093,0.375217,810.2
2026/7/11 10:35,0.380003,1086,0,24.220093,0.375217,810.4
2026/7/11 10:35,0.380006,1086,0,24.220093,0.375217,810.6
2026/7/11 10:35,0.380006,1085,0,24.220093,0.375217,810.8
2026/7/11 10:35,0.38001,1085,0,24.220093,0.375217,811
2026/7/11 10:35,0.380013,1085,0,24.220093,0.375217,811.2
2026/7/11 10:35,0.38001,1085,0,24.220093,0.375217,811.4
2026/7/11 10:35,0.38001,1084,0,24.220093,0.375217,811.6
2026/7/11 10:35,0.380006,1084,0,24.220093,0.375217,811.8
2026/7/11 10:35,0.38001,1083,0,24.211048,0.375217,812
2026/7/11 10:35,0.380013,1083,0,24.220093,0.375217,812.2
2026/7/11 10:35,0.380006,1083,0,24.220093,0.375217,812.4
2026/7/11 10:35,0.380006,1083,0,24.220093,0.375217,812.6
2026/7/11 10:35,0.38001,1083,0,24.220093,0.375217,812.8
2026/7/11 10:35,0.380006,1083,0,24.220093,0.375217,813
2026/7/11 10:35,0.380006,1083,0,24.220093,0.375217,813.2
2026/7/11 10:35,0.38001,1082,0,24.220093,0.375217,813.4
2026/7/11 10:35,0.38001,1082,0,24.220093,0.375217,813.6
2026/7/11 10:35,0.380006,1081,0,24.220093,0.375217,813.8
2026/7/11 10:35,0.38001,1082,0,24.224613,0.375217,814
2026/7/11 10:35,0.380006,1082,0,24.220093,0.375217,814.2
2026/7/11 10:35,0.380013,1082,0,24.220093,0.375217,814.4
2026/7/11 10:35,0.38001,1081,0,24.229136,0.375217,814.6
2026/7/11 10:35,0.380006,1080,0,24.220093,0.375217,814.8
2026/7/11 10:35,0.38001,1080,0,24.220093,0.375217,815
2026/7/11 10:35,0.38001,1079,0,24.220093,0.375217,815.2
2026/7/11 10:35,0.380006,1079,0,24.220093,0.375217,815.4
2026/7/11 10:35,0.380016,1078,0,24.220093,0.375217,815.6
2026/7/11 10:35,0.380013,1078,0,24.220093,0.375217,815.8
2026/7/11 10:35,0.380006,1078,0,24.220093,0.375217,816
2026/7/11 10:35,0.380003,1078,0,24.220093,0.375217,816.2
2026/7/11 10:35,0.38001,1078,0,24.220093,0.375217,816.4
2026/7/11 10:35,0.38001,1078,0,24.220093,0.375217,816.6
2026/7/11 10:35,0.380013,1077,0,24.220093,0.375217,816.8
2026/7/11 10:35,0.380013,1077,0,24.220093,0.375217,817
2026/7/11 10:35,0.380013,1077,0,24.220093,0.375217,817.2
2026/7/11 10:35,0.380016,1077,0,24.220093,0.375217,817.4
2026/7/11 10:35,0.380006,1076,0,24.220093,0.375217,817.6
2026/7/11 10:35,0.380006,1075,0,24.220093,0.375217,817.8
2026/7/11 10:35,0.38001,1075,0,24.220093,0.375217,818
2026/7/11 10:35,0.38001,1075,0,24.220093,0.375217,818.2
2026/7/11 10:35,0.380006,1075,0,24.220093,0.375217,818.4
2026/7/11 10:35,0.38001,1074,0,24.220093,0.375217,818.6
2026/7/11 10:35,0.379999,1075,0,24.260784,0.375217,818.8
2026/7/11 10:35,0.380013,1075,0,24.220093,0.375217,819
2026/7/11 10:35,0.380006,1074,0,24.220093,0.375217,819.2
2026/7/11 10:35,0.38001,1074,0,24.220093,0.375217,819.4
2026/7/11 10:35,0.380006,1074,0,24.220093,0.375217,819.6
2026/7/11 10:35,0.380006,1072,0,24.220093,0.375217,819.8
2026/7/11 10:35,0.380006,1072,0,24.220093,0.375217,820
2026/7/11 10:35,0.380006,1073,0,24.220093,0.375217,820.2
2026/7/11 10:35,0.38001,1072,0,24.220093,0.375217,820.4
2026/7/11 10:35,0.380013,1072,0,24.296953,0.375217,820.6
2026/7/11 10:35,0.380013,1072,0,24.220093,0.375217,820.8
2026/7/11 10:35,0.38001,1072,0,24.220093,0.375217,821
2026/7/11 10:35,0.380006,1072,0,24.220093,0.375217,821.2
2026/7/11 10:35,0.380006,1071,0,24.220093,0.375217,821.4
2026/7/11 10:35,0.380006,1071,0,24.220093,0.375217,821.6
2026/7/11 10:35,0.380006,1070,0,24.220093,0.375217,821.8
2026/7/11 10:35,0.380006,1070,0,24.220093,0.375217,822
2026/7/11 10:35,0.380006,1070,0,24.220093,0.375217,822.2
2026/7/11 10:35,0.38001,1069,0,24.220093,0.375217,822.4
2026/7/11 10:35,0.38001,1069,0,24.220093,0.375217,822.6
2026/7/11 10:35,0.380006,1069,0,24.220093,0.375217,822.8
2026/7/11 10:35,0.380006,1069,0,24.220093,0.375217,823
2026/7/11 10:35,0.380006,1068,0,24.220093,0.375217,823.2
2026/7/11 10:35,0.380003,1068,0,24.220093,0.375217,823.4
2026/7/11 10:35,0.380006,1068,0,24.220093,0.375217,823.6
2026/7/11 10:35,0.38001,1068,0,24.220093,0.375217,823.8
2026/7/11 10:35,0.38001,1067,0,24.220093,0.375217,824
2026/7/11 10:35,0.380003,1067,0,24.220093,0.375217,824.2
2026/7/11 10:35,0.380006,1067,0,24.220093,0.375217,824.4
2026/7/11 10:35,0.38001,1067,0,24.220093,0.375217,824.6
2026/7/11 10:35,0.380006,1066,0,24.220093,0.375217,824.8
2026/7/11 10:35,0.380006,1066,0,24.220093,0.375217,825
2026/7/11 10:35,0.38001,1066,0,24.220093,0.375217,825.2
2026/7/11 10:35,0.38001,1066,0,24.220093,0.375217,825.4
2026/7/11 10:35,0.38001,1065,0,24.220093,0.375217,825.6
2026/7/11 10:35,0.380006,1064,0,24.220093,0.375217,825.8
2026/7/11 10:35,0.380006,1064,0,24.220093,0.375217,826
2026/7/11 10:35,0.380006,1064,0,24.220093,0.375217,826.2
2026/7/11 10:35,0.380003,1064,0,24.220093,0.375217,826.4
2026/7/11 10:35,0.380006,1064,0,24.220093,0.375217,826.6
2026/7/11 10:35,0.380013,1063,0,24.220093,0.375217,826.8
2026/7/11 10:35,0.38001,1063,0,24.220093,0.375217,827
2026/7/11 10:35,0.380006,1063,0,24.220093,0.375217,827.2
2026/7/11 10:35,0.380006,1063,0,24.220093,0.375217,827.4
2026/7/11 10:35,0.380003,1063,0,24.220093,0.375217,827.6
2026/7/11 10:35,0.380006,1062,0,24.220093,0.375217,827.8
2026/7/11 10:35,0.38001,1061,0,24.220093,0.375217,828
2026/7/11 10:36,0.380003,1061,0,24.220093,0.375217,828.2
2026/7/11 10:36,0.380006,1062,0,24.220093,0.375217,828.4
2026/7/11 10:36,0.38001,1061,0,24.220093,0.375217,828.6
2026/7/11 10:36,0.380006,1060,0,24.220093,0.375217,828.8
2026/7/11 10:36,0.380006,1060,0,24.220093,0.375217,829
2026/7/11 10:36,0.38001,1060,0,24.220093,0.375217,829.2
2026/7/11 10:36,0.38001,1060,0,24.220093,0.375217,829.4
2026/7/11 10:36,0.380006,1060,0,24.220093,0.375217,829.6
2026/7/11 10:36,0.38001,1060,0,24.220093,0.375217,829.8
2026/7/11 10:36,0.380006,1059,0,24.220093,0.375217,830
2026/7/11 10:36,0.380013,1058,0,24.220093,0.375217,830.2
2026/7/11 10:36,0.380006,1058,0,24.220093,0.375217,830.4
2026/7/11 10:36,0.380006,1057,0,24.220093,0.375217,830.6
2026/7/11 10:36,0.38001,1057,0,24.220093,0.375217,830.8
2026/7/11 10:36,0.38001,1057,0,24.278868,0.375217,831
2026/7/11 10:36,0.380006,1057,0,24.220093,0.375217,831.2
2026/7/11 10:36,0.380006,1057,0,24.220093,0.375217,831.4
2026/7/11 10:36,0.380013,1057,0,24.220093,0.375217,831.6
2026/7/11 10:36,0.380006,1056,0,24.220093,0.375217,831.8
2026/7/11 10:36,0.380013,1056,0,24.220093,0.375217,832
2026/7/11 10:36,0.38001,1055,0,24.220093,0.375217,832.2
2026/7/11 10:36,0.380006,1055,0,24.220093,0.375217,832.4
2026/7/11 10:36,0.380006,1055,0,24.229136,0.375217,832.6
2026/7/11 10:36,0.380006,1055,0,24.220093,0.375217,832.8
2026/7/11 10:36,0.380003,1055,0,24.220093,0.375217,833
2026/7/11 10:36,0.38001,1054,0,24.220093,0.375217,833.2
2026/7/11 10:36,0.380003,1053,0,24.220093,0.375217,833.4
2026/7/11 10:36,0.380006,1054,0,24.220093,0.375217,833.6
2026/7/11 10:36,0.379999,1054,0,24.229136,0.375217,833.8
2026/7/11 10:36,0.380003,1054,0,24.220093,0.375217,834
2026/7/11 10:36,0.380006,1054,0,24.220093,0.375217,834.2
2026/7/11 10:36,0.379999,1055,0,24.220093,0.375217,834.4
2026/7/11 10:36,0.380006,1055,0,24.220093,0.375217,834.6
2026/7/11 10:36,0.380006,1054,0,24.220093,0.375217,834.8
2026/7/11 10:36,0.380003,1053,0,24.220093,0.375217,835
2026/7/11 10:36,0.380006,1053,0,24.220093,0.375217,835.2
2026/7/11 10:36,0.380003,1052,0,24.224613,0.375217,835.4
2026/7/11 10:36,0.380006,1052,0,24.373814,0.375217,835.6
2026/7/11 10:36,0.380006,1052,0,24.373814,0.375217,835.8
2026/7/11 10:36,0.379999,1052,0,24.256262,0.375217,836
2026/7/11 10:36,0.380006,1052,0,24.369291,0.375217,836.2
2026/7/11 10:36,0.379999,1052,0,24.242697,0.375217,836.4
2026/7/11 10:36,0.380003,1052,0,24.315037,0.375217,836.6
2026/7/11 10:36,0.379999,1051,0,24.373814,0.375217,836.8
2026/7/11 10:36,0.380003,1051,0,24.355728,0.375217,837
2026/7/11 10:36,0.379996,1051,0,24.373814,0.375217,837.2
2026/7/11 10:36,0.379999,1051,0,24.369291,0.375217,837.4
2026/7/11 10:36,0.379999,1051,0,24.342165,0.375217,837.6
2026/7/11 10:36,0.380003,1050,0,24.315037,0.375217,837.8
2026/7/11 10:36,0.380006,1050,0,24.369291,0.375217,838
2026/7/11 10:36,0.379996,1050,0,24.224613,0.375217,838.2
2026/7/11 10:36,0.379999,1050,0,24.373814,0.375217,838.4
2026/7/11 10:36,0.380003,1050,0,24.369291,0.375217,838.6
2026/7/11 10:36,0.380003,1050,0,24.256262,0.375217,838.8
2026/7/11 10:36,0.380003,1050,0,24.373814,0.375217,839
2026/7/11 10:36,0.380006,1049,0,24.364771,0.375217,839.2
2026/7/11 10:36,0.380003,1049,0,24.238176,0.375217,839.4
2026/7/11 10:36,0.380006,1049,0,24.373814,0.375217,839.6
2026/7/11 10:36,0.379999,1049,0,24.355728,0.375217,839.8
2026/7/11 10:36,0.379996,1049,0,24.256262,0.375217,840
2026/7/11 10:36,0.379996,1049,0,24.373814,0.375217,840.2
2026/7/11 10:36,0.379999,1049,0,24.337643,0.375217,840.4
2026/7/11 10:36,0.379996,1049,0,24.238176,0.375217,840.6
2026/7/11 10:36,0.380003,1049,0,24.373814,0.375217,840.8
2026/7/11 10:36,0.380003,1049,0,24.337643,0.375217,841
2026/7/11 10:36,0.380003,1048,0,24.296953,0.375217,841.2
2026/7/11 10:36,0.380003,1049,0,24.369291,0.375217,841.4
2026/7/11 10:36,0.380003,1048,0,24.224613,0.375217,841.6
2026/7/11 10:36,0.379996,1047,0,24.296953,0.375217,841.8
2026/7/11 10:36,0.380003,1047,0,24.373814,0.375217,842
2026/7/11 10:36,0.380003,1047,0,24.342165,0.375217,842.2
2026/7/11 10:36,0.380006,1047,0,24.296953,0.375217,842.4
2026/7/11 10:36,0.380006,1047,0,24.369291,0.375217,842.6
2026/7/11 10:36,0.380003,1047,0,24.342165,0.375217,842.8
2026/7/11 10:36,0.380003,1047,0,24.296953,0.375217,843
2026/7/11 10:36,0.379999,1047,0,24.355728,0.375217,843.2
2026/7/11 10:36,0.380003,1047,0,24.229136,0.375217,843.4
2026/7/11 10:36,0.380003,1047,0,24.373814,0.375217,843.6
2026/7/11 10:36,0.380006,1047,0,24.364771,0.375217,843.8
2026/7/11 10:36,0.380003,1047,0,24.373814,0.375217,844
2026/7/11 10:36,0.380003,1047,0,24.373814,0.375217,844.2
2026/7/11 10:36,0.380003,1047,0,24.364771,0.375217,844.4
2026/7/11 10:36,0.379999,1047,0,24.256262,0.375217,844.6
2026/7/11 10:36,0.379996,1047,0,24.373814,0.375217,844.8
2026/7/11 10:36,0.379999,1047,0,24.369291,0.375217,845
2026/7/11 10:36,0.379999,1046,0,24.296953,0.375217,845.2
2026/7/11 10:36,0.379996,1047,0,24.369291,0.375217,845.4
2026/7/11 10:36,0.380003,1047,0,24.36025,0.375217,845.6
2026/7/11 10:36,0.380003,1047,0,24.238176,0.375217,845.8
2026/7/11 10:36,0.379999,1047,0,24.220093,0.375217,846
2026/7/11 10:36,0.379996,1046,0,24.220093,0.375217,846.2
2026/7/11 10:36,0.379993,1046,0,24.220093,0.375217,846.4
2026/7/11 10:36,0.379989,1047,0,24.260784,0.375217,846.6
2026/7/11 10:36,0.379989,1047,0,24.220093,0.375217,846.8
2026/7/11 10:36,0.379989,1047,0,24.220093,0.375217,847
2026/7/11 10:36,0.379993,1047,0,24.220093,0.375217,847.2
2026/7/11 10:36,0.379996,1047,0,24.220093,0.375217,847.4
2026/7/11 10:36,0.379996,1047,0,24.220093,0.375217,847.6
2026/7/11 10:36,0.379993,1047,0,24.220093,0.375217,847.8
2026/7/11 10:36,0.379996,1047,0,24.220093,0.375217,848
2026/7/11 10:36,0.379993,1047,0,24.220093,0.375217,848.2
2026/7/11 10:36,0.379993,1047,0,24.220093,0.375217,848.4
2026/7/11 10:36,0.379996,1047,0,24.220093,0.375217,848.6
2026/7/11 10:36,0.379993,1047,0,24.220093,0.375217,848.8
2026/7/11 10:36,0.379993,1047,0,24.220093,0.375217,849
2026/7/11 10:36,0.379993,1047,0,24.220093,0.375217,849.2
2026/7/11 10:36,0.379996,1047,0,24.296953,0.375217,849.4
2026/7/11 10:36,0.379993,1048,0,24.346685,0.375217,849.6
2026/7/11 10:36,0.379993,1048,0,24.296953,0.375217,849.8
2026/7/11 10:36,0.379986,1048,0,24.373814,0.375217,850
2026/7/11 10:36,0.379993,1048,0,24.355728,0.375217,850.2
2026/7/11 10:36,0.379993,1049,0,24.296953,0.375217,850.4
2026/7/11 10:36,0.379989,1049,0,24.369291,0.375217,850.6
2026/7/11 10:36,0.379996,1049,0,24.373814,0.375217,850.8
2026/7/11 10:36,0.379993,1049,0,24.373814,0.375217,851
2026/7/11 10:36,0.379993,1049,0,24.369291,0.375217,851.2
2026/7/11 10:36,0.379989,1049,0,24.229136,0.375217,851.4
2026/7/11 10:36,0.379989,1049,0,24.373814,0.375217,851.6
2026/7/11 10:36,0.379999,1049,0,24.36025,0.375217,851.8
2026/7/11 10:36,0.379999,1049,0,24.238176,0.375217,852
2026/7/11 10:36,0.379996,1049,0,24.373814,0.375217,852.2
2026/7/11 10:36,0.379989,1050,0,24.364771,0.375217,852.4
2026/7/11 10:36,0.379993,1050,0,24.256262,0.375217,852.6
2026/7/11 10:36,0.379993,1050,0,24.373814,0.375217,852.8
2026/7/11 10:36,0.379989,1050,0,24.364771,0.375217,853
2026/7/11 10:36,0.379993,1050,0,24.238176,0.375217,853.2
2026/7/11 10:36,0.379989,1050,0,24.373814,0.375217,853.4
2026/7/11 10:36,0.379993,1050,0,24.342165,0.375217,853.6
2026/7/11 10:36,0.379993,1050,0,24.296953,0.375217,853.8
2026/7/11 10:36,0.379993,1050,0,24.364771,0.375217,854
2026/7/11 10:36,0.379993,1050,0,24.342165,0.375217,854.2
2026/7/11 10:36,0.379993,1050,0,24.296953,0.375217,854.4
2026/7/11 10:36,0.379989,1050,0,24.373814,0.375217,854.6
2026/7/11 10:36,0.379989,1051,0,24.337643,0.375217,854.8
2026/7/11 10:36,0.379989,1051,0,24.256262,0.375217,855
2026/7/11 10:36,0.379989,1051,0,24.369291,0.375217,855.2
2026/7/11 10:36,0.379993,1051,0,24.346685,0.375217,855.4
2026/7/11 10:36,0.379996,1052,0,24.256262,0.375217,855.6
2026/7/11 10:36,0.379996,1052,0,24.373814,0.375217,855.8
2026/7/11 10:36,0.379993,1052,0,24.342165,0.375217,856
2026/7/11 10:36,0.379993,1052,0,24.296953,0.375217,856.2
2026/7/11 10:36,0.379986,1052,0,24.373814,0.375217,856.4
2026/7/11 10:36,0.379993,1052,0,24.315037,0.375217,856.6
2026/7/11 10:36,0.379993,1053,0,24.373814,0.375217,856.8
2026/7/11 10:36,0.379993,1053,0,24.355728,0.375217,857
2026/7/11 10:36,0.379993,1053,0,24.238176,0.375217,857.2
2026/7/11 10:36,0.379993,1053,0,24.373814,0.375217,857.4
2026/7/11 10:36,0.379989,1053,0,24.355728,0.375217,857.6
2026/7/11 10:36,0.379993,1053,0,24.373814,0.375217,857.8
2026/7/11 10:36,0.379996,1053,0,24.373814,0.375217,858
2026/7/11 10:36,0.379989,1054,0,24.364771,0.375217,858.2
2026/7/11 10:36,0.379993,1053,0,24.315037,0.375217,858.4
2026/7/11 10:36,0.379996,1053,0,24.373814,0.375217,858.6
2026/7/11 10:36,0.379993,1055,0,24.369291,0.375217,858.8
2026/7/11 10:36,0.379996,1055,0,24.373814,0.375217,859
2026/7/11 10:36,0.379993,1055,0,24.373814,0.375217,859.2
2026/7/11 10:36,0.379986,1055,0,24.346685,0.375217,859.4
2026/7/11 10:36,0.379993,1055,0,24.296953,0.375217,859.6
2026/7/11 10:36,0.379993,1055,0,24.369291,0.375217,859.8
2026/7/11 10:36,0.379989,1055,0,24.242697,0.375217,860
2026/7/11 10:36,0.379993,1055,0,24.256262,0.375217,860.2
2026/7/11 10:36,0.379993,1055,0,24.373814,0.375217,860.4
2026/7/11 10:36,0.379989,1055,0,24.305994,0.375217,860.6
2026/7/11 10:36,0.379989,1055,0,24.373814,0.375217,860.8
2026/7/11 10:36,0.379989,1056,0,24.364771,0.375217,861
2026/7/11 10:36,0.379989,1057,0,24.238176,0.375217,861.2
2026/7/11 10:36,0.379989,1057,0,24.373814,0.375217,861.4
2026/7/11 10:36,0.379986,1057,0,24.364771,0.375217,861.6
2026/7/11 10:36,0.379989,1057,0,24.229136,0.375217,861.8
2026/7/11 10:36,0.379993,1058,0,24.373814,0.375217,862
2026/7/11 10:36,0.379989,1057,0,24.296953,0.375217,862.2
2026/7/11 10:36,0.379993,1058,0,24.36025,0.375217,862.4
2026/7/11 10:36,0.379989,1058,0,24.373814,0.375217,862.6
2026/7/11 10:36,0.379989,1058,0,24.373814,0.375217,862.8
2026/7/11 10:36,0.379989,1058,0,24.265305,0.375217,863
2026/7/11 10:36,0.379993,1058,0,24.373814,0.375217,863.2
2026/7/11 10:36,0.379993,1058,0,24.310516,0.375217,863.4
2026/7/11 10:36,0.379993,1059,0,24.238176,0.375217,863.6
2026/7/11 10:36,0.379996,1059,0,24.373814,0.375217,863.8
2026/7/11 10:36,0.379996,1059,0,24.373814,0.375217,864
2026/7/11 10:36,0.379993,1060,0,24.256262,0.375217,864.2
2026/7/11 10:36,0.379989,1060,0,24.369291,0.375217,864.4
2026/7/11 10:36,0.379993,1060,0,24.346685,0.375217,864.6
2026/7/11 10:36,0.379993,1060,0,24.373814,0.375217,864.8
2026/7/11 10:36,0.379993,1060,0,24.369291,0.375217,865
2026/7/11 10:36,0.379993,1061,0,24.315037,0.375217,865.2
2026/7/11 10:36,0.379993,1061,0,24.373814,0.375217,865.4
2026/7/11 10:36,0.379989,1061,0,24.369291,0.375217,865.6
2026/7/11 10:36,0.379993,1061,0,24.315037,0.375217,865.8
2026/7/11 10:36,0.379993,1061,0,24.256262,0.375217,866
2026/7/11 10:36,0.379993,1061,0,24.373814,0.375217,866.2
2026/7/11 10:36,0.379989,1061,0,24.238176,0.375217,866.4
2026/7/11 10:36,0.379993,1062,0,24.296953,0.375217,866.6
2026/7/11 10:36,0.379993,1062,0,24.364771,0.375217,866.8
2026/7/11 10:36,0.379989,1062,0,24.229136,0.375217,867
2026/7/11 10:36,0.379993,1063,0,24.373814,0.375217,867.2
2026/7/11 10:36,0.379996,1063,0,24.337643,0.375217,867.4
2026/7/11 10:36,0.379989,1063,0,24.256262,0.375217,867.6
2026/7/11 10:36,0.379996,1063,0,24.373814,0.375217,867.8
2026/7/11 10:36,0.379989,1063,0,24.364771,0.375217,868
2026/7/11 10:36,0.379989,1064,0,24.224613,0.375217,868.2
2026/7/11 10:36,0.379993,1064,0,24.373814,0.375217,868.4
2026/7/11 10:36,0.379993,1064,0,24.364771,0.375217,868.6
2026/7/11 10:36,0.379989,1064,0,24.256262,0.375217,868.8
2026/7/11 10:36,0.379989,1064,0,24.369291,0.375217,869
2026/7/11 10:36,0.379989,1064,0,24.364771,0.375217,869.2
2026/7/11 10:36,0.379993,1065,0,24.256262,0.375217,869.4
2026/7/11 10:36,0.379986,1065,0,24.373814,0.375217,869.6
2026/7/11 10:36,0.379993,1065,0,24.301474,0.375217,869.8
2026/7/11 10:36,0.379986,1066,0,24.238176,0.375217,870
2026/7/11 10:36,0.379989,1066,0,24.369291,0.375217,870.2
2026/7/11 10:36,0.379989,1066,0,24.36025,0.375217,870.4
2026/7/11 10:36,0.379993,1066,0,24.373814,0.375217,870.6
2026/7/11 10:36,0.379993,1066,0,24.373814,0.375217,870.8
2026/7/11 10:36,0.379993,1066,0,24.315037,0.375217,871
2026/7/11 10:36,0.379993,1066,0,24.296953,0.375217,871.2
2026/7/11 10:36,0.379986,1067,0,24.373814,0.375217,871.4
2026/7/11 10:36,0.379996,1067,0,24.315037,0.375217,871.6
2026/7/11 10:36,0.379996,1068,0,24.373814,0.375217,871.8
2026/7/11 10:36,0.379989,1068,0,24.364771,0.375217,872
2026/7/11 10:36,0.379983,1068,0,24.238176,0.375217,872.2
2026/7/11 10:36,0.379993,1068,0,24.373814,0.375217,872.4
2026/7/11 10:36,0.379999,1068,0,24.355728,0.375217,872.6
2026/7/11 10:36,0.379989,1069,0,24.238176,0.375217,872.8
2026/7/11 10:36,0.379993,1069,0,24.373814,0.375217,873
2026/7/11 10:36,0.379993,1069,0,24.36025,0.375217,873.2
2026/7/11 10:36,0.379993,1069,0,24.256262,0.375217,873.4
2026/7/11 10:36,0.379996,1069,0,24.373814,0.375217,873.6
2026/7/11 10:36,0.379993,1069,0,24.364771,0.375217,873.8
2026/7/11 10:36,0.379996,1069,0,24.296953,0.375217,874
2026/7/11 10:36,0.379993,1069,0,24.373814,0.375217,874.2
2026/7/11 10:36,0.379989,1069,0,24.342165,0.375217,874.4
2026/7/11 10:36,0.379996,1069,0,24.296953,0.375217,874.6
2026/7/11 10:36,0.379993,1069,0,24.369291,0.375217,874.8
2026/7/11 10:36,0.379996,1069,0,24.337643,0.375217,875
2026/7/11 10:36,0.379989,1070,0,24.296953,0.375217,875.2
2026/7/11 10:36,0.379993,1070,0,24.364771,0.375217,875.4
2026/7/11 10:36,0.379993,1070,0,24.242697,0.375217,875.6
2026/7/11 10:36,0.379989,1071,0,24.296953,0.375217,875.8
2026/7/11 10:36,0.379993,1071,0,24.373814,0.375217,876
2026/7/11 10:36,0.379989,1071,0,24.238176,0.375217,876.2
2026/7/11 10:36,0.379989,1071,0,24.373814,0.375217,876.4
2026/7/11 10:36,0.379989,1071,0,24.373814,0.375217,876.6
2026/7/11 10:36,0.379996,1071,0,24.256262,0.375217,876.8
2026/7/11 10:36,0.379993,1072,0,24.373814,0.375217,877
2026/7/11 10:36,0.379996,1072,0,24.373814,0.375217,877.2
2026/7/11 10:36,0.379996,1072,0,24.296953,0.375217,877.4
2026/7/11 10:36,0.379993,1072,0,24.373814,0.375217,877.6
2026/7/11 10:36,0.379999,1072,0,24.346685,0.375217,877.8
2026/7/11 10:36,0.379996,1072,0,24.315037,0.375217,878
2026/7/11 10:36,0.379989,1072,0,24.373814,0.375217,878.2
2026/7/11 10:36,0.379999,1072,0,24.337643,0.375217,878.4
2026/7/11 10:36,0.379996,1073,0,24.296953,0.375217,878.6
2026/7/11 10:36,0.379996,1073,0,24.373814,0.375217,878.8
2026/7/11 10:36,0.379993,1073,0,24.301474,0.375217,879
2026/7/11 10:36,0.379996,1073,0,24.256262,0.375217,879.2
2026/7/11 10:36,0.379993,1074,0,24.373814,0.375217,879.4
2026/7/11 10:36,0.379989,1073,0,24.364771,0.375217,879.6
2026/7/11 10:36,0.379993,1074,0,24.238176,0.375217,879.8
2026/7/11 10:36,0.379989,1074,0,24.373814,0.375217,880
2026/7/11 10:36,0.379993,1074,0,24.346685,0.375217,880.2
2026/7/11 10:36,0.379999,1074,0,24.296953,0.375217,880.4
2026/7/11 10:36,0.379996,1074,0,24.369291,0.375217,880.6
2026/7/11 10:36,0.379999,1074,0,24.342165,0.375217,880.8
2026/7/11 10:36,0.379996,1075,0,24.373814,0.375217,881
2026/7/11 10:36,0.379993,1075,0,24.364771,0.375217,881.2
2026/7/11 10:36,0.379999,1074,0,24.305994,0.375217,881.4
2026/7/11 10:36,0.379993,1074,0,24.373814,0.375217,881.6
2026/7/11 10:36,0.379993,1075,0,24.364771,0.375217,881.8
2026/7/11 10:36,0.379996,1075,0,24.373814,0.375217,882
2026/7/11 10:36,0.379999,1075,0,24.373814,0.375217,882.2
2026/7/11 10:36,0.379993,1075,0,24.355728,0.375217,882.4
2026/7/11 10:36,0.379996,1075,0,24.373814,0.375217,882.6
2026/7/11 10:36,0.379993,1075,0,24.373814,0.375217,882.8
2026/7/11 10:36,0.379996,1075,0,24.36025,0.375217,883
2026/7/11 10:36,0.379996,1075,0,24.256262,0.375217,883.2
2026/7/11 10:36,0.379993,1074,0,24.373814,0.375217,883.4
2026/7/11 10:36,0.379996,1075,0,24.369291,0.375217,883.6
2026/7/11 10:36,0.379999,1075,0,24.256262,0.375217,883.8
2026/7/11 10:36,0.379996,1075,0,24.373814,0.375217,884
2026/7/11 10:36,0.380006,1075,0,24.342165,0.375217,884.2
2026/7/11 10:36,0.380006,1075,0,24.296953,0.375217,884.4
2026/7/11 10:36,0.380003,1075,0,24.369291,0.375217,884.6
2026/7/11 10:36,0.380003,1075,0,24.355728,0.375217,884.8
2026/7/11 10:36,0.379996,1075,0,24.315037,0.375217,885
2026/7/11 10:36,0.380003,1075,0,24.369291,0.375217,885.2
2026/7/11 10:36,0.380003,1075,0,24.373814,0.375217,885.4
2026/7/11 10:36,0.380003,1075,0,24.256262,0.375217,885.6
2026/7/11 10:36,0.380006,1075,0,24.373814,0.375217,885.8
2026/7/11 10:36,0.380006,1075,0,24.315037,0.375217,886
2026/7/11 10:36,0.380003,1075,0,24.296953,0.375217,886.2
2026/7/11 10:36,0.380003,1075,0,24.364771,0.375217,886.4
2026/7/11 10:36,0.379999,1075,0,24.305994,0.375217,886.6
2026/7/11 10:36,0.380003,1075,0,24.373814,0.375217,886.8
2026/7/11 10:36,0.380006,1075,0,24.373814,0.375217,887
2026/7/11 10:36,0.380003,1075,0,24.256262,0.375217,887.2
2026/7/11 10:36,0.380003,1075,0,24.373814,0.375217,887.4
2026/7/11 10:36,0.379996,1075,0,24.355728,0.375217,887.6
2026/7/11 10:36,0.380003,1074,0,24.373814,0.375217,887.8
2026/7/11 10:36,0.379996,1074,0,24.369291,0.375217,888
2026/7/11 10:37,0.380006,1075,0,24.373814,0.375217,888.2
2026/7/11 10:37,0.379996,1075,0,24.256262,0.375217,888.4
2026/7/11 10:37,0.380006,1074,0,24.373814,0.375217,888.6
2026/7/11 10:37,0.380003,1075,0,24.369291,0.375217,888.8
2026/7/11 10:37,0.380003,1074,0,24.373814,0.375217,889
2026/7/11 10:37,0.380003,1074,0,24.373814,0.375217,889.2
2026/7/11 10:37,0.380003,1074,0,24.337643,0.375217,889.4
2026/7/11 10:37,0.379999,1074,0,24.256262,0.375217,889.6
2026/7/11 10:37,0.380003,1074,0,24.364771,0.375217,889.8
2026/7/11 10:37,0.379993,1074,0,24.301474,0.375217,890
2026/7/11 10:37,0.379999,1074,0,24.373814,0.375217,890.2
2026/7/11 10:37,0.380003,1074,0,24.373814,0.375217,890.4
2026/7/11 10:37,0.380003,1074,0,24.301474,0.375217,890.6
2026/7/11 10:37,0.379996,1074,0,24.296953,0.375217,890.8
2026/7/11 10:37,0.380003,1074,0,24.369291,0.375217,891
2026/7/11 10:37,0.379993,1074,0,24.242697,0.375217,891.2
2026/7/11 10:37,0.379996,1074,0,24.296953,0.375217,891.4
2026/7/11 10:37,0.380003,1074,0,24.364771,0.375217,891.6
2026/7/11 10:37,0.379996,1074,0,24.305994,0.375217,891.8
2026/7/11 10:37,0.380003,1074,0,24.373814,0.375217,892
2026/7/11 10:37,0.380003,1074,0,24.346685,0.375217,892.2
2026/7/11 10:37,0.380003,1074,0,24.346685,0.375217,892.4
2026/7/11 10:37,0.379996,1073,0,24.373814,0.375217,892.6
2026/7/11 10:37,0.379996,1073,0,24.364771,0.375217,892.8
2026/7/11 10:37,0.380003,1074,0,24.238176,0.375217,893
2026/7/11 10:37,0.379996,1074,0,24.373814,0.375217,893.2
2026/7/11 10:37,0.380003,1074,0,24.36025,0.375217,893.4
2026/7/11 10:37,0.380003,1073,0,24.256262,0.375217,893.6
2026/7/11 10:37,0.380006,1073,0,24.369291,0.375217,893.8
2026/7/11 10:37,0.380003,1073,0,24.337643,0.375217,894
2026/7/11 10:37,0.379996,1073,0,24.229136,0.375217,894.2
2026/7/11 10:37,0.380006,1073,0,24.364771,0.375217,894.4
2026/7/11 10:37,0.379999,1073,0,24.36025,0.375217,894.6
2026/7/11 10:37,0.380003,1073,0,24.296953,0.375217,894.8
2026/7/11 10:37,0.380003,1073,0,24.373814,0.375217,895
2026/7/11 10:37,0.380003,1074,0,24.36025,0.375217,895.2
2026/7/11 10:37,0.380003,1073,0,24.296953,0.375217,895.4
2026/7/11 10:37,0.380003,1073,0,24.373814,0.375217,895.6
2026/7/11 10:37,0.380003,1072,0,24.315037,0.375217,895.8
2026/7/11 10:37,0.380003,1073,0,24.373814,0.375217,896
2026/7/11 10:37,0.380006,1072,0,24.373814,0.375217,896.2
2026/7/11 10:37,0.380003,1072,0,24.342165,0.375217,896.4
2026/7/11 10:37,0.380006,1072,0,24.296953,0.375217,896.6
2026/7/11 10:37,0.380003,1072,0,24.373814,0.375217,896.8
2026/7/11 10:37,0.380006,1072,0,24.373814,0.375217,897
2026/7/11 10:37,0.380003,1072,0,24.373814,0.375217,897.2
2026/7/11 10:37,0.380006,1072,0,24.373814,0.375217,897.4
2026/7/11 10:37,0.38001,1072,0,24.238176,0.375217,897.6
2026/7/11 10:37,0.380006,1071,0,24.373814,0.375217,897.8
2026/7/11 10:37,0.380003,1071,0,24.373814,0.375217,898
2026/7/11 10:37,0.380006,1071,0,24.373814,0.375217,898.2
2026/7/11 10:37,0.380003,1072,0,24.373814,0.375217,898.4
2026/7/11 10:37,0.380006,1071,0,24.364771,0.375217,898.6
2026/7/11 10:37,0.38001,1071,0,24.229136,0.375217,898.8
2026/7/11 10:37,0.380003,1070,0,24.373814,0.375217,899
2026/7/11 10:37,0.379999,1070,0,24.364771,0.375217,899.2
2026/7/11 10:37,0.380003,1070,0,24.296953,0.375217,899.4
2026/7/11 10:37,0.380003,1070,0,24.373814,0.375217,899.6
2026/7/11 10:37,0.380003,1070,0,24.364771,0.375217,899.8
2026/7/11 10:37,0.380006,1069,0,24.238176,0.375217,900
2026/7/11 10:37,0.380006,1069,0,24.373814,0.375217,900.2
2026/7/11 10:37,0.38001,1069,0,24.364771,0.375217,900.4
2026/7/11 10:37,0.380006,1070,0,24.315037,0.375217,900.6
2026/7/11 10:37,0.380003,1070,0,24.373814,0.375217,900.8
2026/7/11 10:37,0.380013,1069,0,24.450674,0.375217,901
2026/7/11 10:37,0.38001,1069,0,24.378334,0.375217,901.2
2026/7/11 10:37,0.380006,1069,0,24.523012,0.375217,901.4
2026/7/11 10:37,0.380003,1068,0,24.450674,0.375217,901.6
2026/7/11 10:37,0.380006,1068,0,24.382854,0.375217,901.8
2026/7/11 10:37,0.380006,1068,0,24.414503,0.375217,902
2026/7/11 10:37,0.38001,1068,0,24.36025,0.375217,902.2
2026/7/11 10:37,0.380006,1068,0,24.256262,0.375217,902.4
2026/7/11 10:37,0.380003,1068,0,24.373814,0.375217,902.6
2026/7/11 10:37,0.380006,1067,0,24.346685,0.375217,902.8
2026/7/11 10:37,0.380006,1066,0,24.296953,0.375217,903
2026/7/11 10:37,0.380003,1066,0,24.369291,0.375217,903.2
2026/7/11 10:37,0.380006,1067,0,24.337643,0.375217,903.4
2026/7/11 10:37,0.380003,1066,0,24.373814,0.375217,903.6
2026/7/11 10:37,0.380003,1066,0,24.369291,0.375217,903.8
2026/7/11 10:37,0.38001,1066,0,24.301474,0.375217,904
2026/7/11 10:37,0.38001,1066,0,24.373814,0.375217,904.2
2026/7/11 10:37,0.380006,1066,0,24.369291,0.375217,904.4
2026/7/11 10:37,0.380006,1066,0,24.269825,0.375217,904.6
2026/7/11 10:37,0.380006,1066,0,24.373814,0.375217,904.8
2026/7/11 10:37,0.380003,1064,0,24.373814,0.375217,905
2026/7/11 10:37,0.379999,1065,0,24.373814,0.375217,905.2
2026/7/11 10:37,0.380003,1065,0,24.373814,0.375217,905.4
2026/7/11 10:37,0.379999,1065,0,24.369291,0.375217,905.6
2026/7/11 10:37,0.380003,1064,0,24.373814,0.375217,905.8
2026/7/11 10:37,0.379999,1063,0,24.441631,0.375217,906
2026/7/11 10:37,0.380003,1063,0,24.373814,0.375217,906.2
2026/7/11 10:37,0.380003,1063,0,24.382854,0.375217,906.4
2026/7/11 10:37,0.380006,1063,0,24.432589,0.375217,906.6
2026/7/11 10:37,0.380003,1064,0,24.373814,0.375217,906.8
2026/7/11 10:37,0.380003,1063,0,24.382854,0.375217,907
2026/7/11 10:37,0.379999,1063,0,24.373814,0.375217,907.2
2026/7/11 10:37,0.379999,1063,0,24.373814,0.375217,907.4
2026/7/11 10:37,0.380006,1063,0,24.409983,0.375217,907.6
2026/7/11 10:37,0.380006,1063,0,24.391899,0.375217,907.8
2026/7/11 10:37,0.380006,1063,0,24.373814,0.375217,908
2026/7/11 10:37,0.380006,1063,0,24.450674,0.375217,908.2
2026/7/11 10:37,0.380006,1062,0,24.491364,0.375217,908.4
2026/7/11 10:37,0.380006,1062,0,24.373814,0.375217,908.6
2026/7/11 10:37,0.380003,1062,0,24.446152,0.375217,908.8
2026/7/11 10:37,0.380006,1062,0,24.450674,0.375217,909
2026/7/11 10:37,0.380006,1062,0,24.378334,0.375217,909.2
2026/7/11 10:37,0.380006,1061,0,24.419025,0.375217,909.4
2026/7/11 10:37,0.380006,1061,0,24.373814,0.375217,909.6
2026/7/11 10:37,0.380003,1061,0,24.382854,0.375217,909.8
2026/7/11 10:37,0.380003,1061,0,24.523012,0.375217,910
2026/7/11 10:37,0.380003,1061,0,24.373814,0.375217,910.2
2026/7/11 10:37,0.380006,1061,0,24.373814,0.375217,910.4
2026/7/11 10:37,0.380006,1060,0,24.509449,0.375217,910.6
2026/7/11 10:37,0.380006,1060,0,24.373814,0.375217,910.8
2026/7/11 10:37,0.380006,1061,0,24.373814,0.375217,911
2026/7/11 10:37,0.380006,1061,0,24.450674,0.375217,911.2
2026/7/11 10:37,0.380003,1060,0,24.373814,0.375217,911.4
2026/7/11 10:37,0.380006,1060,0,24.382854,0.375217,911.6
2026/7/11 10:37,0.379999,1060,0,24.491364,0.375217,911.8
2026/7/11 10:37,0.380006,1060,0,24.373814,0.375217,912
2026/7/11 10:37,0.380003,1060,0,24.391899,0.375217,912.2
2026/7/11 10:37,0.380006,1059,0,24.491364,0.375217,912.4
2026/7/11 10:37,0.38001,1059,0,24.373814,0.375217,912.6
2026/7/11 10:37,0.380003,1058,0,24.441631,0.375217,912.8
2026/7/11 10:37,0.380006,1058,0,24.491364,0.375217,913
2026/7/11 10:37,0.380003,1058,0,24.373814,0.375217,913.2
2026/7/11 10:37,0.380006,1058,0,24.409983,0.375217,913.4
2026/7/11 10:37,0.380003,1058,0,24.450674,0.375217,913.6
2026/7/11 10:37,0.380003,1058,0,24.382854,0.375217,913.8
2026/7/11 10:37,0.380006,1058,0,24.387377,0.375217,914
2026/7/11 10:37,0.380003,1058,0,24.373814,0.375217,914.2
2026/7/11 10:37,0.380003,1057,0,24.382854,0.375217,914.4
2026/7/11 10:37,0.380006,1057,0,24.509449,0.375217,914.6
2026/7/11 10:37,0.379999,1057,0,24.378334,0.375217,914.8
2026/7/11 10:37,0.380003,1057,0,24.391899,0.375217,915
2026/7/11 10:37,0.380006,1057,0,24.491364,0.375217,915.2
2026/7/11 10:37,0.380003,1056,0,24.450674,0.375217,915.4
2026/7/11 10:37,0.380003,1056,0,24.382854,0.375217,915.6
2026/7/11 10:37,0.380006,1056,0,24.491364,0.375217,915.8
2026/7/11 10:37,0.38001,1055,0,24.373814,0.375217,916
2026/7/11 10:37,0.380003,1056,0,24.391899,0.375217,916.2
2026/7/11 10:37,0.380006,1056,0,24.450674,0.375217,916.4
2026/7/11 10:37,0.380006,1055,0,24.373814,0.375217,916.6
2026/7/11 10:37,0.380003,1055,0,24.446152,0.375217,916.8
2026/7/11 10:37,0.380003,1055,0,24.373814,0.375217,917
2026/7/11 10:37,0.380003,1055,0,24.373814,0.375217,917.2
2026/7/11 10:37,0.380006,1055,0,24.409983,0.375217,917.4
2026/7/11 10:37,0.380003,1054,0,24.509449,0.375217,917.6
2026/7/11 10:37,0.380006,1054,0,24.373814,0.375217,917.8
2026/7/11 10:37,0.380006,1055,0,24.518492,0.375217,918
2026/7/11 10:37,0.380006,1054,0,24.373814,0.375217,918.2
2026/7/11 10:37,0.380006,1054,0,24.378334,0.375217,918.4
2026/7/11 10:37,0.380006,1053,0,24.441631,0.375217,918.6
2026/7/11 10:37,0.380006,1053,0,24.373814,0.375217,918.8
2026/7/11 10:37,0.380003,1053,0,24.382854,0.375217,919
2026/7/11 10:37,0.38001,1053,0,24.441631,0.375217,919.2
2026/7/11 10:37,0.380003,1053,0,24.450674,0.375217,919.4
2026/7/11 10:37,0.380003,1053,0,24.409983,0.375217,919.6
2026/7/11 10:37,0.380003,1052,0,24.441631,0.375217,919.8
2026/7/11 10:37,0.380006,1052,0,24.373814,0.375217,920
2026/7/11 10:37,0.379996,1052,0,24.391899,0.375217,920.2
2026/7/11 10:37,0.379999,1052,0,24.509449,0.375217,920.4
2026/7/11 10:37,0.379999,1052,0,24.378334,0.375217,920.6
2026/7/11 10:37,0.379996,1052,0,24.446152,0.375217,920.8
2026/7/11 10:37,0.380003,1052,0,24.491364,0.375217,921
2026/7/11 10:37,0.380003,1051,0,24.373814,0.375217,921.2
2026/7/11 10:37,0.379999,1051,0,24.441631,0.375217,921.4
2026/7/11 10:37,0.380003,1050,0,24.373814,0.375217,921.6
2026/7/11 10:37,0.379996,1050,0,24.373814,0.375217,921.8
2026/7/11 10:37,0.379996,1051,0,24.441631,0.375217,922
2026/7/11 10:37,0.379996,1050,0,24.373814,0.375217,922.2
2026/7/11 10:37,0.379996,1050,0,24.382854,0.375217,922.4
2026/7/11 10:37,0.379996,1050,0,24.518492,0.375217,922.6
2026/7/11 10:37,0.380003,1050,0,24.373814,0.375217,922.8
2026/7/11 10:37,0.380003,1050,0,24.382854,0.375217,923
2026/7/11 10:37,0.379996,1050,0,24.509449,0.375217,923.2
2026/7/11 10:37,0.379996,1050,0,24.373814,0.375217,923.4
2026/7/11 10:37,0.380003,1050,0,24.446152,0.375217,923.6
2026/7/11 10:37,0.380003,1050,0,24.450674,0.375217,923.8
2026/7/11 10:37,0.379996,1050,0,24.373814,0.375217,924
2026/7/11 10:37,0.379999,1051,0,24.40094,0.375217,924.2
2026/7/11 10:37,0.380003,1050,0,24.373814,0.375217,924.4
2026/7/11 10:37,0.379996,1050,0,24.382854,0.375217,924.6
2026/7/11 10:37,0.379996,1050,0,24.441631,0.375217,924.8
2026/7/11 10:37,0.379999,1051,0,24.373814,0.375217,925
2026/7/11 10:37,0.379999,1051,0,24.378334,0.375217,925.2
2026/7/11 10:37,0.379993,1050,0,24.432589,0.375217,925.4
2026/7/11 10:37,0.379996,1050,0,24.373814,0.375217,925.6
2026/7/11 10:37,0.379993,1050,0,24.378334,0.375217,925.8
2026/7/11 10:37,0.379996,1050,0,24.518492,0.375217,926
2026/7/11 10:37,0.379993,1050,0,24.373814,0.375217,926.2
2026/7/11 10:37,0.379993,1051,0,24.382854,0.375217,926.4
2026/7/11 10:37,0.380003,1051,0,24.491364,0.375217,926.6
2026/7/11 10:37,0.379993,1051,0,24.373814,0.375217,926.8
2026/7/11 10:37,0.380003,1051,0,24.405462,0.375217,927
2026/7/11 10:37,0.379996,1051,0,24.491364,0.375217,927.2
2026/7/11 10:37,0.379996,1050,0,24.378334,0.375217,927.4
2026/7/11 10:37,0.379993,1051,0,24.391899,0.375217,927.6
2026/7/11 10:37,0.379993,1051,0,24.491364,0.375217,927.8
2026/7/11 10:37,0.379996,1050,0,24.373814,0.375217,928
2026/7/11 10:37,0.379996,1050,0,24.409983,0.375217,928.2
2026/7/11 10:37,0.380003,1052,0,24.509449,0.375217,928.4
2026/7/11 10:37,0.379996,1052,0,24.382854,0.375217,928.6
2026/7/11 10:37,0.379993,1051,0,24.387377,0.375217,928.8
2026/7/11 10:37,0.380003,1051,0,24.373814,0.375217,929
2026/7/11 10:37,0.379996,1051,0,24.382854,0.375217,929.2
2026/7/11 10:37,0.379996,1051,0,24.495886,0.375217,929.4
2026/7/11 10:37,0.379993,1051,0,24.450674,0.375217,929.6
2026/7/11 10:37,0.379993,1051,0,24.382854,0.375217,929.8
2026/7/11 10:37,0.379999,1051,0,24.509449,0.375217,930
2026/7/11 10:37,0.379989,1051,0,24.373814,0.375217,930.2
2026/7/11 10:37,0.379996,1051,0,24.378334,0.375217,930.4
2026/7/11 10:37,0.379999,1052,0,24.491364,0.375217,930.6
2026/7/11 10:37,0.379996,1052,0,24.373814,0.375217,930.8
2026/7/11 10:37,0.379999,1051,0,24.409983,0.375217,931
2026/7/11 10:37,0.379993,1052,0,24.518492,0.375217,931.2
2026/7/11 10:37,0.379996,1052,0,24.373814,0.375217,931.4
2026/7/11 10:37,0.379993,1052,0,24.391899,0.375217,931.6
2026/7/11 10:37,0.379999,1052,0,24.491364,0.375217,931.8
2026/7/11 10:37,0.379993,1052,0,24.373814,0.375217,932
2026/7/11 10:37,0.379999,1052,0,24.405462,0.375217,932.2
2026/7/11 10:37,0.379996,1052,0,24.373814,0.375217,932.4
2026/7/11 10:37,0.380003,1052,0,24.373814,0.375217,932.6
2026/7/11 10:37,0.379996,1052,0,24.409983,0.375217,932.8
2026/7/11 10:37,0.379996,1052,0,24.450674,0.375217,933
2026/7/11 10:37,0.379993,1052,0,24.373814,0.375217,933.2
2026/7/11 10:37,0.379996,1052,0,24.409983,0.375217,933.4
2026/7/11 10:37,0.379993,1052,0,24.450674,0.375217,933.6
2026/7/11 10:37,0.379996,1052,0,24.378334,0.375217,933.8
2026/7/11 10:37,0.379999,1052,0,24.446152,0.375217,934
2026/7/11 10:37,0.379993,1052,0,24.373814,0.375217,934.2
2026/7/11 10:37,0.379999,1052,0,24.378334,0.375217,934.4
2026/7/11 10:37,0.379993,1053,0,24.523012,0.375217,934.6
2026/7/11 10:37,0.379993,1052,0,24.491364,0.375217,934.8
2026/7/11 10:37,0.379999,1052,0,24.373814,0.375217,935
2026/7/11 10:37,0.379996,1052,0,24.414503,0.375217,935.2
2026/7/11 10:37,0.379996,1052,0,24.450674,0.375217,935.4
2026/7/11 10:37,0.379996,1052,0,24.382854,0.375217,935.6
2026/7/11 10:37,0.380003,1052,0,24.523012,0.375217,935.8
2026/7/11 10:37,0.379993,1052,0,24.373814,0.375217,936
2026/7/11 10:37,0.379996,1053,0,24.382854,0.375217,936.2
2026/7/11 10:37,0.379993,1053,0,24.373814,0.375217,936.4
2026/7/11 10:37,0.379993,1053,0,24.373814,0.375217,936.6
2026/7/11 10:37,0.379983,1053,0,24.391899,0.375217,936.8
2026/7/11 10:37,0.379989,1053,0,24.509449,0.375217,937
2026/7/11 10:37,0.379989,1053,0,24.378334,0.375217,937.2
2026/7/11 10:37,0.379989,1053,0,24.450674,0.375217,937.4
2026/7/11 10:37,0.379993,1053,0,24.491364,0.375217,937.6
2026/7/11 10:37,0.379996,1053,0,24.373814,0.375217,937.8
2026/7/11 10:37,0.379986,1053,0,24.391899,0.375217,938
2026/7/11 10:37,0.379993,1053,0,24.391899,0.375217,938.2
2026/7/11 10:37,0.379996,1054,0,24.378334,0.375217,938.4
2026/7/11 10:37,0.379989,1054,0,24.446152,0.375217,938.6
2026/7/11 10:37,0.379999,1054,0,24.373814,0.375217,938.8
2026/7/11 10:37,0.379996,1054,0,24.378334,0.375217,939
2026/7/11 10:37,0.379996,1054,0,24.523012,0.375217,939.2
2026/7/11 10:37,0.379996,1054,0,24.450674,0.375217,939.4
2026/7/11 10:37,0.379996,1054,0,24.382854,0.375217,939.6
2026/7/11 10:37,0.379996,1055,0,24.518492,0.375217,939.8
2026/7/11 10:37,0.379996,1055,0,24.373814,0.375217,940
2026/7/11 10:37,0.379996,1055,0,24.382854,0.375217,940.2
2026/7/11 10:37,0.379993,1056,0,24.509449,0.375217,940.4
2026/7/11 10:37,0.379993,1055,0,24.373814,0.375217,940.6
2026/7/11 10:37,0.379993,1056,0,24.391899,0.375217,940.8
2026/7/11 10:37,0.379989,1056,0,24.509449,0.375217,941
2026/7/11 10:37,0.379996,1057,0,24.373814,0.375217,941.2
2026/7/11 10:37,0.379996,1055,0,24.391899,0.375217,941.4
2026/7/11 10:37,0.379993,1055,0,24.450674,0.375217,941.6
2026/7/11 10:37,0.379996,1056,0,24.378334,0.375217,941.8
2026/7/11 10:37,0.379996,1055,0,24.409983,0.375217,942
2026/7/11 10:37,0.379993,1055,0,24.491364,0.375217,942.2
2026/7/11 10:37,0.379993,1056,0,24.373814,0.375217,942.4
2026/7/11 10:37,0.379989,1056,0,24.446152,0.375217,942.6
2026/7/11 10:37,0.379989,1057,0,24.450674,0.375217,942.8
2026/7/11 10:37,0.379999,1057,0,24.382854,0.375217,943
2026/7/11 10:37,0.379993,1057,0,24.446152,0.375217,943.2
2026/7/11 10:37,0.379993,1057,0,24.373814,0.375217,943.4
2026/7/11 10:37,0.379996,1057,0,24.382854,0.375217,943.6
2026/7/11 10:37,0.379996,1057,0,24.518492,0.375217,943.8
2026/7/11 10:37,0.379993,1057,0,24.373814,0.375217,944
2026/7/11 10:37,0.379996,1057,0,24.391899,0.375217,944.2
2026/7/11 10:37,0.379993,1057,0,24.518492,0.375217,944.4
2026/7/11 10:37,0.379993,1057,0,24.373814,0.375217,944.6
2026/7/11 10:37,0.379999,1057,0,24.409983,0.375217,944.8
2026/7/11 10:37,0.379996,1057,0,24.491364,0.375217,945
2026/7/11 10:37,0.379999,1057,0,24.378334,0.375217,945.2
2026/7/11 10:37,0.379993,1057,0,24.382854,0.375217,945.4
2026/7/11 10:37,0.379996,1058,0,24.509449,0.375217,945.6
2026/7/11 10:37,0.379993,1058,0,24.373814,0.375217,945.8
2026/7/11 10:37,0.379993,1057,0,24.409983,0.375217,946
2026/7/11 10:37,0.379996,1057,0,24.491364,0.375217,946.2
2026/7/11 10:37,0.379989,1058,0,24.373814,0.375217,946.4
2026/7/11 10:37,0.379993,1058,0,24.387377,0.373336,946.6
2026/7/11 10:37,0.379996,1058,0,24.373814,0.375217,946.8
2026/7/11 10:37,0.379999,1058,0,24.382854,0.375217,947
2026/7/11 10:37,0.379999,1058,0,24.518492,0.375217,947.2
2026/7/11 10:37,0.379996,1058,0,24.373814,0.375217,947.4
2026/7/11 10:37,0.380003,1058,0,24.382854,0.375217,947.6
2026/7/11 10:37,0.379996,1059,0,24.391899,0.375217,947.8
2026/7/11 10:37,0.379993,1058,0,24.373814,0.375217,948
2026/7/11 10:38,0.379996,1058,0,24.382854,0.375217,948.2
2026/7/11 10:38,0.380003,1059,0,24.491364,0.375217,948.4
2026/7/11 10:38,0.379996,1058,0,24.373814,0.375217,948.6
2026/7/11 10:38,0.379996,1058,0,24.391899,0.375217,948.8
2026/7/11 10:38,0.379999,1059,0,24.450674,0.375217,949
2026/7/11 10:38,0.379999,1059,0,24.373814,0.375217,949.2
2026/7/11 10:38,0.379996,1058,0,24.446152,0.375217,949.4
2026/7/11 10:38,0.380003,1059,0,24.450674,0.375217,949.6
2026/7/11 10:38,0.379993,1059,0,24.378334,0.375217,949.8
2026/7/11 10:38,0.379996,1058,0,24.405462,0.375217,950
2026/7/11 10:38,0.379996,1058,0,24.491364,0.375217,950.2
2026/7/11 10:38,0.379996,1058,0,24.373814,0.375217,950.4
2026/7/11 10:38,0.380003,1059,0,24.523012,0.375217,950.6
2026/7/11 10:38,0.380003,1059,0,24.373814,0.375217,950.8
2026/7/11 10:38,0.379999,1059,0,24.382854,0.375217,951
2026/7/11 10:38,0.379999,1059,0,24.450674,0.375217,951.2
2026/7/11 10:38,0.380003,1059,0,24.373814,0.375217,951.4
2026/7/11 10:38,0.379996,1058,0,24.378334,0.375217,951.6
2026/7/11 10:38,0.379996,1058,0,24.391899,0.375217,951.8
2026/7/11 10:38,0.380003,1059,0,24.373814,0.375217,952
2026/7/11 10:38,0.379999,1059,0,24.391899,0.375217,952.2
2026/7/11 10:38,0.379993,1059,0,24.509449,0.375217,952.4
2026/7/11 10:38,0.379993,1059,0,24.373814,0.375217,952.6
2026/7/11 10:38,0.379993,1059,0,24.382854,0.375217,952.8
2026/7/11 10:38,0.379996,1059,0,24.518492,0.375217,953
2026/7/11 10:38,0.379993,1059,0,24.373814,0.375217,953.2
2026/7/11 10:38,0.379996,1059,0,24.391899,0.375217,953.4
2026/7/11 10:38,0.379996,1059,0,24.509449,0.375217,953.6
2026/7/11 10:38,0.379999,1060,0,24.373814,0.375217,953.8
2026/7/11 10:38,0.379996,1059,0,24.391899,0.375217,954
2026/7/11 10:38,0.379996,1059,0,24.509449,0.375217,954.2
2026/7/11 10:38,0.379996,1059,0,24.373814,0.375217,954.4
2026/7/11 10:38,0.379996,1060,0,24.40094,0.375217,954.6
2026/7/11 10:38,0.379999,1059,0,24.491364,0.375217,954.8
2026/7/11 10:38,0.379996,1060,0,24.373814,0.375217,955
2026/7/11 10:38,0.379996,1059,0,24.409983,0.375217,955.2
2026/7/11 10:38,0.379993,1060,0,24.509449,0.375217,955.4
2026/7/11 10:38,0.379996,1060,0,24.378334,0.375217,955.6
2026/7/11 10:38,0.379993,1060,0,24.391899,0.375217,955.8
2026/7/11 10:38,0.379996,1060,0,24.373814,0.375217,956
2026/7/11 10:38,0.379996,1060,0,24.378334,0.375217,956.2
2026/7/11 10:38,0.379996,1060,0,24.446152,0.375217,956.4
2026/7/11 10:38,0.379989,1060,0,24.527534,0.375217,956.6
2026/7/11 10:38,0.379999,1060,0,24.527534,0.375217,956.8
2026/7/11 10:38,0.379996,1060,0,24.527534,0.375217,957
2026/7/11 10:38,0.379996,1060,0,24.527534,0.375217,957.2
2026/7/11 10:38,0.379993,1060,0,24.527534,0.375217,957.4
2026/7/11 10:38,0.379999,1060,0,24.527534,0.375217,957.6
2026/7/11 10:38,0.379996,1060,0,24.527534,0.375217,957.8
2026/7/11 10:38,0.379996,1060,0,24.527534,0.375217,958
2026/7/11 10:38,0.379989,1060,0,24.527534,0.375217,958.2
2026/7/11 10:38,0.379993,1060,0,24.527534,0.375217,958.4
2026/7/11 10:38,0.379999,1060,0,24.527534,0.375217,958.6
2026/7/11 10:38,0.380003,1060,0,24.527534,0.375217,958.8
2026/7/11 10:38,0.380003,1060,0,24.527534,0.375217,959
2026/7/11 10:38,0.380006,1060,0,24.527534,0.375217,959.2
2026/7/11 10:38,0.380003,1060,0,24.527534,0.375217,959.4
2026/7/11 10:38,0.379996,1060,0,24.527534,0.375217,959.6
2026/7/11 10:38,0.380003,1060,0,24.527534,0.375217,959.8
2026/7/11 10:38,0.379999,1060,0,24.527534,0.375217,960
2026/7/11 10:38,0.380003,1059,0,24.527534,0.375217,960.2
2026/7/11 10:38,0.380003,1060,0,24.527534,0.375217,960.4
2026/7/11 10:38,0.379999,1060,0,24.527534,0.375217,960.6
2026/7/11 10:38,0.379993,1060,0,24.527534,0.375217,960.8
2026/7/11 10:38,0.379999,1060,0,24.527534,0.375217,961
2026/7/11 10:38,0.380003,1060,0,24.527534,0.375217,961.2
2026/7/11 10:38,0.380003,1060,0,24.527534,0.375217,961.4
2026/7/11 10:38,0.380003,1060,0,24.527534,0.375217,961.6
2026/7/11 10:38,0.380003,1060,0,24.527534,0.375217,961.8
2026/7/11 10:38,0.380003,1060,0,24.527534,0.375217,962
2026/7/11 10:38,0.380003,1060,0,24.527534,0.375217,962.2
2026/7/11 10:38,0.380006,1060,0,24.527534,0.375217,962.4
2026/7/11 10:38,0.379996,1060,0,24.527534,0.375217,962.6
2026/7/11 10:38,0.380003,1060,0,24.527534,0.375217,962.8
2026/7/11 10:38,0.380006,1058,0,24.527534,0.375217,963
2026/7/11 10:38,0.38001,1058,0,24.527534,0.375217,963.2
2026/7/11 10:38,0.379999,1058,0,24.527534,0.375217,963.4
2026/7/11 10:38,0.380003,1059,0,24.527534,0.375217,963.6
2026/7/11 10:38,0.379999,1059,0,24.527534,0.375217,963.8
2026/7/11 10:38,0.380003,1059,0,24.527534,0.375217,964
2026/7/11 10:38,0.380003,1058,0,24.527534,0.375217,964.2
2026/7/11 10:38,0.380003,1058,0,24.527534,0.375217,964.4
2026/7/11 10:38,0.380003,1058,0,24.527534,0.375217,964.6
2026/7/11 10:38,0.380006,1058,0,24.527534,0.375217,964.8
2026/7/11 10:38,0.380003,1058,0,24.527534,0.375217,965
2026/7/11 10:38,0.38001,1058,0,24.527534,0.375217,965.2
2026/7/11 10:38,0.380003,1058,0,24.527534,0.375217,965.4
2026/7/11 10:38,0.380003,1058,0,24.527534,0.375217,965.6
2026/7/11 10:38,0.380003,1058,0,24.527534,0.375217,965.8
2026/7/11 10:38,0.379999,1058,0,24.527534,0.375217,966
2026/7/11 10:38,0.380006,1058,0,24.527534,0.375217,966.2
2026/7/11 10:38,0.379999,1058,0,24.527534,0.375217,966.4
2026/7/11 10:38,0.380006,1058,0,24.46876,0.375217,966.6
2026/7/11 10:38,0.380006,1058,0,24.527534,0.375217,966.8
2026/7/11 10:38,0.380006,1057,0,24.527534,0.375217,967
2026/7/11 10:38,0.380006,1057,0,24.409983,0.375217,967.2
2026/7/11 10:38,0.380006,1057,0,24.527534,0.375217,967.4
2026/7/11 10:38,0.380003,1057,0,24.527534,0.375217,967.6
2026/7/11 10:38,0.379996,1057,0,24.527534,0.375217,967.8
2026/7/11 10:38,0.380003,1057,0,24.527534,0.375217,968
2026/7/11 10:38,0.380006,1057,0,24.527534,0.375217,968.2
2026/7/11 10:38,0.380006,1057,0,24.527534,0.375217,968.4
2026/7/11 10:38,0.380003,1056,0,24.527534,0.375217,968.6
2026/7/11 10:38,0.379996,1056,0,24.527534,0.375217,968.8
2026/7/11 10:38,0.379999,1056,0,24.527534,0.375217,969
2026/7/11 10:38,0.380003,1056,0,24.527534,0.375217,969.2
2026/7/11 10:38,0.379999,1056,0,24.527534,0.375217,969.4
2026/7/11 10:38,0.380003,1057,0,24.527534,0.375217,969.6
2026/7/11 10:38,0.379999,1056,0,24.527534,0.375217,969.8
2026/7/11 10:38,0.380003,1055,0,24.527534,0.375217,970
2026/7/11 10:38,0.379999,1055,0,24.527534,0.375217,970.2
2026/7/11 10:38,0.380006,1055,0,24.527534,0.375217,970.4
2026/7/11 10:38,0.380003,1055,0,24.500408,0.375217,970.6
2026/7/11 10:38,0.380003,1056,0,24.527534,0.375217,970.8
2026/7/11 10:38,0.379999,1055,0,24.527534,0.375217,971
2026/7/11 10:38,0.380003,1055,0,24.527534,0.375217,971.2
2026/7/11 10:38,0.380006,1055,0,24.527534,0.375217,971.4
2026/7/11 10:38,0.379999,1055,0,24.527534,0.375217,971.6
2026/7/11 10:38,0.379993,1055,0,24.527534,0.375217,971.8
2026/7/11 10:38,0.380006,1055,0,24.527534,0.375217,972
2026/7/11 10:38,0.380003,1055,0,24.527534,0.375217,972.2
2026/7/11 10:38,0.380003,1055,0,24.527534,0.375217,972.4
2026/7/11 10:38,0.379999,1054,0,24.527534,0.375217,972.6
2026/7/11 10:38,0.379996,1054,0,24.527534,0.375217,972.8
2026/7/11 10:38,0.379996,1054,0,24.527534,0.375217,973
2026/7/11 10:38,0.379999,1054,0,24.527534,0.375217,973.2
2026/7/11 10:38,0.379999,1054,0,24.527534,0.375217,973.4
2026/7/11 10:38,0.380003,1054,0,24.527534,0.375217,973.6
2026/7/11 10:38,0.380003,1054,0,24.527534,0.375217,973.8
2026/7/11 10:38,0.380006,1054,0,24.518492,0.375217,974
2026/7/11 10:38,0.380003,1054,0,24.527534,0.375217,974.2
2026/7/11 10:38,0.380003,1054,0,24.527534,0.375217,974.4
2026/7/11 10:38,0.380003,1054,0,24.527534,0.375217,974.6
2026/7/11 10:38,0.379996,1053,0,24.527534,0.375217,974.8
2026/7/11 10:38,0.379996,1053,0,24.527534,0.375217,975
2026/7/11 10:38,0.379999,1053,0,24.513969,0.375217,975.2
2026/7/11 10:38,0.380003,1053,0,24.527534,0.375217,975.4
2026/7/11 10:38,0.380003,1053,0,24.527534,0.375217,975.6
2026/7/11 10:38,0.380003,1053,0,24.527534,0.375217,975.8
2026/7/11 10:38,0.380006,1053,0,24.527534,0.375217,976
2026/7/11 10:38,0.379999,1053,0,24.527534,0.375217,976.2
2026/7/11 10:38,0.380003,1053,0,24.527534,0.375217,976.4
2026/7/11 10:38,0.380003,1053,0,24.527534,0.375217,976.6
2026/7/11 10:38,0.380003,1054,0,24.527534,0.375217,976.8
2026/7/11 10:38,0.379996,1054,0,24.527534,0.375217,977
2026/7/11 10:38,0.379993,1053,0,24.527534,0.375217,977.2
2026/7/11 10:38,0.379996,1053,0,24.527534,0.375217,977.4
2026/7/11 10:38,0.379996,1053,0,24.527534,0.375217,977.6
2026/7/11 10:38,0.380003,1053,0,24.527534,0.375217,977.8
2026/7/11 10:38,0.380003,1053,0,24.527534,0.375217,978
2026/7/11 10:38,0.379996,1053,0,24.527534,0.375217,978.2
2026/7/11 10:38,0.379996,1052,0,24.527534,0.375217,978.4
2026/7/11 10:38,0.379996,1052,0,24.518492,0.375217,978.6
2026/7/11 10:38,0.380003,1052,0,24.527534,0.375217,978.8
2026/7/11 10:38,0.380003,1052,0,24.527534,0.375217,979
2026/7/11 10:38,0.380003,1052,0,24.527534,0.375217,979.2
2026/7/11 10:38,0.379996,1052,0,24.527534,0.375217,979.4
2026/7/11 10:38,0.380003,1052,0,24.527534,0.375217,979.6
2026/7/11 10:38,0.380006,1052,0,24.527534,0.375217,979.8
2026/7/11 10:38,0.380006,1052,0,24.527534,0.375217,980
2026/7/11 10:38,0.379996,1052,0,24.527534,0.375217,980.2
2026/7/11 10:38,0.379996,1051,0,24.527534,0.375217,980.4
2026/7/11 10:38,0.379996,1051,0,24.527534,0.375217,980.6
2026/7/11 10:38,0.380003,1051,0,24.527534,0.375217,980.8
2026/7/11 10:38,0.380006,1051,0,24.527534,0.375217,981
2026/7/11 10:38,0.379999,1052,0,24.527534,0.375217,981.2
2026/7/11 10:38,0.379993,1051,0,24.527534,0.375217,981.4
2026/7/11 10:38,0.380003,1051,0,24.527534,0.375217,981.6
2026/7/11 10:38,0.379996,1051,0,24.527534,0.375217,981.8
2026/7/11 10:38,0.380003,1051,0,24.527534,0.375217,982
2026/7/11 10:38,0.380003,1051,0,24.527534,0.375217,982.2
2026/7/11 10:38,0.380003,1051,0,24.527534,0.375217,982.4
2026/7/11 10:38,0.380003,1051,0,24.527534,0.375217,982.6
2026/7/11 10:38,0.379993,1051,0,24.527534,0.375217,982.8
2026/7/11 10:38,0.379999,1051,0,24.527534,0.375217,983
2026/7/11 10:38,0.379996,1051,0,24.527534,0.375217,983.2
2026/7/11 10:38,0.379993,1051,0,24.527534,0.375217,983.4
2026/7/11 10:38,0.380003,1050,0,24.527534,0.375217,983.6
2026/7/11 10:38,0.380006,1050,0,24.527534,0.375217,983.8
2026/7/11 10:38,0.379996,1050,0,24.527534,0.375217,984
2026/7/11 10:38,0.379999,1050,0,24.527534,0.375217,984.2
2026/7/11 10:38,0.380003,1050,0,24.527534,0.375217,984.4
2026/7/11 10:38,0.380003,1050,0,24.527534,0.375217,984.6
2026/7/11 10:38,0.379996,1050,0,24.527534,0.375217,984.8
2026/7/11 10:38,0.379996,1050,0,24.527534,0.375217,985
2026/7/11 10:38,0.379993,1050,0,24.527534,0.375217,985.2
2026/7/11 10:38,0.379993,1050,0,24.527534,0.375217,985.4
2026/7/11 10:38,0.379999,1051,0,24.527534,0.375217,985.6
2026/7/11 10:38,0.380003,1050,0,24.527534,0.375217,985.8
2026/7/11 10:38,0.379999,1050,0,24.527534,0.375217,986
2026/7/11 10:38,0.379996,1050,0,24.527534,0.375217,986.2
2026/7/11 10:38,0.379996,1050,0,24.527534,0.375217,986.4
2026/7/11 10:38,0.379993,1051,0,24.527534,0.375217,986.6
2026/7/11 10:38,0.379993,1050,0,24.527534,0.375217,986.8
2026/7/11 10:38,0.379993,1051,0,24.527534,0.375217,987
2026/7/11 10:38,0.379996,1050,0,24.527534,0.375217,987.2
2026/7/11 10:38,0.379996,1051,0,24.527534,0.375217,987.4
2026/7/11 10:38,0.379996,1052,0,24.527534,0.375217,987.6
2026/7/11 10:38,0.379996,1052,0,24.527534,0.375217,987.8
2026/7/11 10:38,0.379989,1051,0,24.527534,0.375217,988
2026/7/11 10:38,0.379996,1051,0,24.527534,0.375217,988.2
2026/7/11 10:38,0.379996,1051,0,24.527534,0.375217,988.4
2026/7/11 10:38,0.379993,1052,0,24.527534,0.375217,988.6
2026/7/11 10:38,0.379993,1052,0,24.527534,0.375217,988.8
2026/7/11 10:38,0.379993,1052,0,24.527534,0.375217,989
2026/7/11 10:38,0.380003,1052,0,24.527534,0.375217,989.2
2026/7/11 10:38,0.379996,1052,0,24.527534,0.375217,989.4
2026/7/11 10:38,0.379996,1052,0,24.527534,0.375217,989.6
2026/7/11 10:38,0.379993,1051,0,24.527534,0.375217,989.8
2026/7/11 10:38,0.379996,1052,0,24.527534,0.375217,990
2026/7/11 10:38,0.379993,1052,0,24.527534,0.375217,990.2
2026/7/11 10:38,0.379996,1052,0,24.527534,0.375217,990.4
2026/7/11 10:38,0.379993,1052,0,24.527534,0.375217,990.6
2026/7/11 10:38,0.379996,1053,0,24.527534,0.375217,990.8
2026/7/11 10:38,0.379999,1052,0,24.527534,0.375217,991
2026/7/11 10:38,0.379996,1052,0,24.527534,0.375217,991.2
2026/7/11 10:38,0.379996,1052,0,24.527534,0.375217,991.4
2026/7/11 10:38,0.379996,1053,0,24.527534,0.375217,991.6
2026/7/11 10:38,0.379996,1052,0,24.527534,0.375217,991.8
2026/7/11 10:38,0.379996,1052,0,24.527534,0.375217,992
2026/7/11 10:38,0.379996,1052,0,24.527534,0.375217,992.2
2026/7/11 10:38,0.379993,1052,0,24.527534,0.375217,992.4
2026/7/11 10:38,0.379999,1053,0,24.527534,0.375217,992.6
2026/7/11 10:38,0.379996,1053,0,24.527534,0.375217,992.8
2026/7/11 10:38,0.379993,1053,0,24.527534,0.375217,993
2026/7/11 10:38,0.379993,1052,0,24.527534,0.375217,993.2
2026/7/11 10:38,0.380003,1052,0,24.527534,0.375217,993.4
2026/7/11 10:38,0.379996,1053,0,24.527534,0.375217,993.6
2026/7/11 10:38,0.379996,1053,0,24.527534,0.375217,993.8
2026/7/11 10:38,0.379993,1052,0,24.527534,0.375217,994
2026/7/11 10:38,0.379999,1053,0,24.527534,0.375217,994.2
2026/7/11 10:38,0.379996,1052,0,24.527534,0.375217,994.4
2026/7/11 10:38,0.379999,1053,0,24.527534,0.375217,994.6
2026/7/11 10:38,0.379999,1053,0,24.527534,0.375217,994.8
2026/7/11 10:38,0.379999,1053,0,24.527534,0.375217,995
2026/7/11 10:38,0.379993,1053,0,24.527534,0.375217,995.2
2026/7/11 10:38,0.379999,1053,0,24.527534,0.375217,995.4
2026/7/11 10:38,0.380003,1053,0,24.527534,0.375217,995.6
2026/7/11 10:38,0.379989,1053,0,24.527534,0.375217,995.8
2026/7/11 10:38,0.379996,1052,0,24.527534,0.375217,996
2026/7/11 10:38,0.379999,1053,0,24.527534,0.375217,996.2
2026/7/11 10:38,0.379993,1053,0,24.527534,0.375217,996.4
2026/7/11 10:38,0.379996,1053,0,24.527534,0.375217,996.6
2026/7/11 10:38,0.379999,1053,0,24.527534,0.375217,996.8
2026/7/11 10:38,0.380003,1052,0,24.527534,0.375217,997
2026/7/11 10:38,0.379999,1052,0,24.527534,0.375217,997.2
2026/7/11 10:38,0.379993,1053,0,24.527534,0.375217,997.4
2026/7/11 10:38,0.379996,1053,0,24.527534,0.375217,997.6
2026/7/11 10:38,0.379996,1053,0,24.527534,0.375217,997.8
2026/7/11 10:38,0.379996,1053,0,24.527534,0.375217,998
2026/7/11 10:38,0.379996,1053,0,24.527534,0.375217,998.2
2026/7/11 10:38,0.379999,1053,0,24.527534,0.375217,998.4
2026/7/11 10:38,0.380006,1052,0,24.527534,0.375217,998.6
2026/7/11 10:38,0.380003,1052,0,24.527534,0.375217,998.8
2026/7/11 10:38,0.380003,1052,0,24.527534,0.375217,999
2026/7/11 10:38,0.379996,1052,0,24.527534,0.375217,999.2
2026/7/11 10:38,0.379999,1052,0,24.527534,0.375217,999.4
2026/7/11 10:38,0.379999,1052,0,24.527534,0.375217,999.6
2026/7/11 10:38,0.379999,1052,0,24.527534,0.375217,999.8
2026/7/11 10:38,0.379993,1052,0,24.527534,0.375217,1000
2026/7/11 10:38,0.379993,1052,0,24.527534,0.375217,1000.2
2026/7/11 10:38,0.379993,1052,0,24.527534,0.375217,1000.4
2026/7/11 10:38,0.380003,1053,0,24.527534,0.375217,1000.6
2026/7/11 10:38,0.380003,1053,0,24.527534,0.375217,1000.8
2026/7/11 10:38,0.379996,1052,0,24.527534,0.375217,1001
2026/7/11 10:38,0.379996,1052,0,24.527534,0.375217,1001.2
2026/7/11 10:38,0.379996,1052,0,24.450674,0.375217,1001.4
2026/7/11 10:38,0.379996,1053,0,24.527534,0.375217,1001.6
2026/7/11 10:38,0.379996,1053,0,24.527534,0.375217,1001.8
2026/7/11 10:38,0.379993,1052,0,24.527534,0.375217,1002
2026/7/11 10:38,0.379993,1052,0,24.527534,0.375217,1002.2
2026/7/11 10:38,0.379993,1052,0,24.527534,0.375217,1002.4
2026/7/11 10:38,0.379996,1052,0,24.527534,0.375217,1002.6
2026/7/11 10:38,0.379996,1052,0,24.527534,0.375217,1002.8
2026/7/11 10:38,0.379996,1052,0,24.527534,0.375217,1003
2026/7/11 10:38,0.379993,1052,0,24.527534,0.375217,1003.2
2026/7/11 10:38,0.379993,1052,0,24.563704,0.375217,1003.4
2026/7/11 10:38,0.379993,1053,0,24.527534,0.375217,1003.6
2026/7/11 10:38,0.379996,1053,0,24.527534,0.375217,1003.8
2026/7/11 10:38,0.379996,1053,0,24.527534,0.375217,1004
2026/7/11 10:38,0.379993,1053,0,24.527534,0.375217,1004.2
2026/7/11 10:38,0.379993,1052,0,24.527534,0.375217,1004.4
2026/7/11 10:38,0.379993,1053,0,24.527534,0.375217,1004.6
2026/7/11 10:38,0.379999,1053,0,24.527534,0.375217,1004.8
2026/7/11 10:38,0.379993,1053,0,24.527534,0.375217,1005
2026/7/11 10:38,0.379993,1053,0,24.527534,0.375217,1005.2
2026/7/11 10:38,0.379993,1053,0,24.527534,0.375217,1005.4
2026/7/11 10:38,0.379996,1053,0,24.527534,0.375217,1005.6
2026/7/11 10:38,0.379993,1053,0,24.527534,0.375217,1005.8
2026/7/11 10:38,0.379993,1053,0,24.527534,0.375217,1006
2026/7/11 10:38,0.379996,1053,0,24.527534,0.375217,1006.2
2026/7/11 10:38,0.379993,1053,0,24.527534,0.375217,1006.4
2026/7/11 10:38,0.379999,1054,0,24.527534,0.375217,1006.6
2026/7/11 10:38,0.379993,1053,0,24.527534,0.375217,1006.8
2026/7/11 10:38,0.379999,1053,0,24.527534,0.375217,1007
2026/7/11 10:38,0.379999,1053,0,24.527534,0.375217,1007.2
2026/7/11 10:38,0.379993,1053,0,24.527534,0.375217,1007.4
2026/7/11 10:38,0.379996,1053,0,24.527534,0.375217,1007.6
2026/7/11 10:38,0.379999,1053,0,24.527534,0.375217,1007.8
2026/7/11 10:38,0.379996,1053,0,24.527534,0.375217,1008
2026/7/11 10:39,0.379999,1054,0,24.527534,0.375217,1008.2
2026/7/11 10:39,0.380003,1054,0,24.527534,0.375217,1008.4
2026/7/11 10:39,0.379996,1053,0,24.527534,0.375217,1008.6
2026/7/11 10:39,0.380003,1053,0,24.527534,0.375217,1008.8
2026/7/11 10:39,0.380006,1053,0,24.527534,0.375217,1009
2026/7/11 10:39,0.379999,1053,0,24.527534,0.375217,1009.2
2026/7/11 10:39,0.379996,1053,0,24.527534,0.375217,1009.4
2026/7/11 10:39,0.379993,1053,0,24.527534,0.375217,1009.6
2026/7/11 10:39,0.379996,1054,0,24.527534,0.375217,1009.8
2026/7/11 10:39,0.379999,1054,0,24.527534,0.375217,1010
2026/7/11 10:39,0.380003,1054,0,24.527534,0.375217,1010.2
2026/7/11 10:39,0.379999,1053,0,24.527534,0.375217,1010.4
2026/7/11 10:39,0.379996,1054,0,24.527534,0.375217,1010.6
2026/7/11 10:39,0.379996,1054,0,24.527534,0.375217,1010.8
2026/7/11 10:39,0.379996,1054,0,24.527534,0.375217,1011
2026/7/11 10:39,0.379993,1053,0,24.527534,0.375217,1011.2
2026/7/11 10:39,0.379993,1053,0,24.527534,0.375217,1011.4
2026/7/11 10:39,0.379993,1053,0,24.527534,0.375217,1011.6
2026/7/11 10:39,0.379996,1053,0,24.527534,0.375217,1011.8
2026/7/11 10:39,0.380003,1053,0,24.527534,0.375217,1012
2026/7/11 10:39,0.379999,1054,0,24.518492,0.375217,1012.2
2026/7/11 10:39,0.380003,1054,0,24.527534,0.375217,1012.4
2026/7/11 10:39,0.380003,1054,0,24.527534,0.375217,1012.6
2026/7/11 10:39,0.379996,1054,0,24.527534,0.375217,1012.8
2026/7/11 10:39,0.379999,1054,0,24.527534,0.375217,1013
2026/7/11 10:39,0.379999,1054,0,24.527534,0.375217,1013.2
2026/7/11 10:39,0.380006,1054,0,24.527534,0.375217,1013.4
2026/7/11 10:39,0.379996,1053,0,24.527534,0.375217,1013.6
2026/7/11 10:39,0.379996,1054,0,24.527534,0.375217,1013.8
2026/7/11 10:39,0.379996,1054,0,24.527534,0.375217,1014
2026/7/11 10:39,0.379999,1054,0,24.527534,0.375217,1014.2
2026/7/11 10:39,0.380003,1053,0,24.527534,0.375217,1014.4
2026/7/11 10:39,0.379999,1053,0,24.527534,0.375217,1014.6
2026/7/11 10:39,0.379999,1053,0,24.527534,0.375217,1014.8
2026/7/11 10:39,0.379996,1053,0,24.527534,0.375217,1015
2026/7/11 10:39,0.379996,1053,0,24.527534,0.375217,1015.2
2026/7/11 10:39,0.380003,1053,0,24.527534,0.375217,1015.4
2026/7/11 10:39,0.379996,1053,0,24.527534,0.375217,1015.6
2026/7/11 10:39,0.379996,1053,0,24.500408,0.375217,1015.8
2026/7/11 10:39,0.380003,1053,0,24.527534,0.375217,1016
2026/7/11 10:39,0.380003,1053,0,24.527534,0.375217,1016.2
2026/7/11 10:39,0.380003,1053,0,24.527534,0.375217,1016.4
2026/7/11 10:39,0.380003,1053,0,24.527534,0.375217,1016.6
2026/7/11 10:39,0.379996,1053,0,24.527534,0.375217,1016.8
2026/7/11 10:39,0.379996,1052,0,24.527534,0.375217,1017
2026/7/11 10:39,0.379999,1052,0,24.527534,0.375217,1017.2
2026/7/11 10:39,0.379996,1053,0,24.527534,0.375217,1017.4
2026/7/11 10:39,0.379993,1053,0,24.527534,0.375217,1017.6
2026/7/11 10:39,0.379996,1053,0,24.527534,0.375217,1017.8
2026/7/11 10:39,0.379999,1053,0,24.527534,0.375217,1018
2026/7/11 10:39,0.380003,1053,0,24.527534,0.375217,1018.2
2026/7/11 10:39,0.380003,1053,0,24.527534,0.375217,1018.4
2026/7/11 10:39,0.379996,1052,0,24.527534,0.375217,1018.6
2026/7/11 10:39,0.379996,1053,0,24.527534,0.375217,1018.8
2026/7/11 10:39,0.379999,1053,0,24.527534,0.375217,1019
2026/7/11 10:39,0.380003,1053,0,24.527534,0.375217,1019.2
2026/7/11 10:39,0.379996,1053,0,24.527534,0.375217,1019.4
2026/7/11 10:39,0.379993,1053,0,24.527534,0.375217,1019.6
2026/7/11 10:39,0.379993,1053,0,24.527534,0.375217,1019.8
2026/7/11 10:39,0.379999,1053,0,24.527534,0.375217,1020
2026/7/11 10:39,0.379996,1053,0,24.527534,0.375217,1020.2
2026/7/11 10:39,0.379996,1053,0,24.527534,0.375217,1020.4
2026/7/11 10:39,0.379999,1053,0,24.527534,0.375217,1020.6
2026/7/11 10:39,0.379996,1053,0,24.527534,0.375217,1020.8
2026/7/11 10:39,0.379993,1053,0,24.527534,0.375217,1021
2026/7/11 10:39,0.379996,1053,0,24.527534,0.375217,1021.2
2026/7/11 10:39,0.379996,1053,0,24.527534,0.375217,1021.4
2026/7/11 10:39,0.379993,1053,0,24.527534,0.375217,1021.6
2026/7/11 10:39,0.379999,1053,0,24.527534,0.375217,1021.8
2026/7/11 10:39,0.379993,1053,0,24.527534,0.375217,1022
2026/7/11 10:39,0.379993,1053,0,24.527534,0.375217,1022.2
2026/7/11 10:39,0.379996,1053,0,24.527534,0.375217,1022.4
2026/7/11 10:39,0.379996,1053,0,24.527534,0.375217,1022.6
2026/7/11 10:39,0.379993,1053,0,24.527534,0.375217,1022.8
2026/7/11 10:39,0.379993,1053,0,24.676735,0.375217,1023
2026/7/11 10:39,0.379993,1053,0,24.66317,0.375217,1023.2
2026/7/11 10:39,0.379993,1053,0,24.545618,0.375217,1023.4
2026/7/11 10:39,0.379993,1055,0,24.672213,0.375217,1023.6
2026/7/11 10:39,0.379996,1054,0,24.66317,0.375217,1023.8
2026/7/11 10:39,0.380003,1054,0,24.563704,0.375217,1024
2026/7/11 10:39,0.380003,1053,0,24.672213,0.375217,1024.2
2026/7/11 10:39,0.379999,1053,0,24.532055,0.375217,1024.4
2026/7/11 10:39,0.379996,1054,0,24.604395,0.375217,1024.6
2026/7/11 10:39,0.379993,1053,0,24.681255,0.375217,1024.8
2026/7/11 10:39,0.379996,1053,0,24.608915,0.375217,1025
2026/7/11 10:39,0.379996,1054,0,24.681255,0.375217,1025.2
2026/7/11 10:39,0.379996,1053,0,24.645086,0.375217,1025.4
2026/7/11 10:39,0.379996,1054,0,24.613438,0.375217,1025.6
2026/7/11 10:39,0.379996,1055,0,24.681255,0.375217,1025.8
2026/7/11 10:39,0.379999,1055,0,24.66317,0.375217,1026
2026/7/11 10:39,0.379993,1054,0,24.536577,0.375217,1026.2
2026/7/11 10:39,0.380003,1054,0,24.676735,0.375217,1026.4
2026/7/11 10:39,0.379999,1054,0,24.676735,0.375217,1026.6
2026/7/11 10:39,0.379996,1054,0,24.536577,0.375217,1026.8
2026/7/11 10:39,0.379993,1054,0,24.681255,0.375217,1027
2026/7/11 10:39,0.379996,1053,0,24.681255,0.375217,1027.2
2026/7/11 10:39,0.379993,1053,0,24.545618,0.375217,1027.4
2026/7/11 10:39,0.379996,1054,0,24.676735,0.375217,1027.6
2026/7/11 10:39,0.379996,1054,0,24.645086,0.375217,1027.8
2026/7/11 10:39,0.379996,1054,0,24.545618,0.375217,1028
2026/7/11 10:39,0.379996,1054,0,24.676735,0.375217,1028.2
2026/7/11 10:39,0.379999,1054,0,24.527534,0.375217,1028.4
2026/7/11 10:39,0.380003,1054,0,24.545618,0.375217,1028.6
2026/7/11 10:39,0.379999,1055,0,24.676735,0.375217,1028.8
2026/7/11 10:39,0.379999,1055,0,24.608915,0.375217,1029
2026/7/11 10:39,0.379996,1054,0,24.563704,0.375217,1029.2
2026/7/11 10:39,0.379996,1054,0,24.681255,0.375217,1029.4
2026/7/11 10:39,0.379993,1055,0,24.608915,0.375217,1029.6
2026/7/11 10:39,0.380003,1055,0,24.563704,0.375217,1029.8
2026/7/11 10:39,0.379999,1055,0,24.66317,0.375217,1030
2026/7/11 10:39,0.379996,1054,0,24.532055,0.375217,1030.2
2026/7/11 10:39,0.380003,1053,0,24.563704,0.375217,1030.4
2026/7/11 10:39,0.379996,1053,0,24.672213,0.375217,1030.6
2026/7/11 10:39,0.379996,1053,0,24.532055,0.375217,1030.8
2026/7/11 10:39,0.379996,1053,0,24.563704,0.375217,1031
2026/7/11 10:39,0.379996,1054,0,24.676735,0.375217,1031.2
2026/7/11 10:39,0.379999,1054,0,24.536577,0.375217,1031.4
2026/7/11 10:39,0.379993,1053,0,24.681255,0.375217,1031.6
2026/7/11 10:39,0.379993,1053,0,24.66317,0.375217,1031.8
2026/7/11 10:39,0.380003,1053,0,24.622478,0.375217,1032
2026/7/11 10:39,0.380003,1053,0,24.676735,0.375217,1032.2
2026/7/11 10:39,0.379996,1053,0,24.66317,0.375217,1032.4
2026/7/11 10:39,0.380003,1053,0,24.622478,0.375217,1032.6
2026/7/11 10:39,0.379996,1054,0,24.676735,0.375217,1032.8
2026/7/11 10:39,0.380006,1054,0,24.672213,0.375217,1033
2026/7/11 10:39,0.380003,1054,0,24.536577,0.375217,1033.2
2026/7/11 10:39,0.380006,1053,0,24.681255,0.375217,1033.4
2026/7/11 10:39,0.380003,1054,0,24.649607,0.375217,1033.6
2026/7/11 10:39,0.380003,1053,0,24.545618,0.375217,1033.8
2026/7/11 10:39,0.379999,1053,0,24.681255,0.375217,1034
2026/7/11 10:39,0.380003,1053,0,24.622478,0.375217,1034.2
2026/7/11 10:39,0.380003,1053,0,24.563704,0.375217,1034.4
2026/7/11 10:39,0.379996,1054,0,24.681255,0.375217,1034.6
2026/7/11 10:39,0.379996,1054,0,24.608915,0.375217,1034.8
2026/7/11 10:39,0.379996,1054,0,24.563704,0.375217,1035
2026/7/11 10:39,0.379996,1053,0,24.676735,0.375217,1035.2
2026/7/11 10:39,0.380003,1053,0,24.536577,0.375217,1035.4
2026/7/11 10:39,0.380003,1053,0,24.604395,0.375217,1035.6
2026/7/11 10:39,0.380006,1053,0,24.676735,0.375217,1035.8
2026/7/11 10:39,0.379996,1053,0,24.608915,0.375217,1036
2026/7/11 10:39,0.380003,1053,0,24.681255,0.375217,1036.2
2026/7/11 10:39,0.380003,1053,0,24.66317,0.375217,1036.4
2026/7/11 10:39,0.379993,1053,0,24.563704,0.375217,1036.6
2026/7/11 10:39,0.379996,1053,0,24.681255,0.375217,1036.8
2026/7/11 10:39,0.379993,1053,0,24.645086,0.375217,1037
2026/7/11 10:39,0.379996,1053,0,24.545618,0.375217,1037.2
2026/7/11 10:39,0.379993,1053,0,24.676735,0.375217,1037.4
2026/7/11 10:39,0.379989,1053,0,24.66317,0.375217,1037.6
2026/7/11 10:39,0.379993,1053,0,24.545618,0.375217,1037.8
2026/7/11 10:39,0.379993,1053,0,24.672213,0.375217,1038
2026/7/11 10:39,0.379993,1053,0,24.645086,0.375217,1038.2
2026/7/11 10:39,0.379996,1053,0,24.604395,0.375217,1038.4
2026/7/11 10:39,0.379996,1053,0,24.672213,0.375217,1038.6
2026/7/11 10:39,0.379993,1053,0,24.532055,0.375217,1038.8
2026/7/11 10:39,0.379993,1053,0,24.604395,0.375217,1039
2026/7/11 10:39,0.379996,1053,0,24.681255,0.375217,1039.2
2026/7/11 10:39,0.379996,1054,0,24.613438,0.375217,1039.4
2026/7/11 10:39,0.379993,1054,0,24.681255,0.375217,1039.6
2026/7/11 10:39,0.379989,1054,0,24.672213,0.375217,1039.8
2026/7/11 10:39,0.379993,1054,0,24.667692,0.375217,1040
2026/7/11 10:39,0.379993,1054,0,24.681255,0.375217,1040.2
2026/7/11 10:39,0.379996,1053,0,24.676735,0.375217,1040.4
2026/7/11 10:39,0.379993,1053,0,24.613438,0.375217,1040.6
2026/7/11 10:39,0.379993,1054,0,24.681255,0.375217,1040.8
2026/7/11 10:39,0.379996,1054,0,24.676735,0.375217,1041
2026/7/11 10:39,0.379996,1055,0,24.532055,0.375217,1041.2
2026/7/11 10:39,0.379996,1054,0,24.604395,0.375217,1041.4
2026/7/11 10:39,0.379993,1054,0,24.672213,0.375217,1041.6
2026/7/11 10:39,0.379993,1054,0,24.536577,0.375217,1041.8
2026/7/11 10:39,0.379993,1054,0,24.599874,0.375217,1042
2026/7/11 10:39,0.379996,1055,0,24.676735,0.375217,1042.2
2026/7/11 10:39,0.379993,1055,0,24.536577,0.375217,1042.4
2026/7/11 10:39,0.379993,1055,0,24.681255,0.375217,1042.6
2026/7/11 10:39,0.379996,1055,0,24.672213,0.375217,1042.8
2026/7/11 10:39,0.379993,1055,0,24.536577,0.375217,1043
2026/7/11 10:39,0.379999,1055,0,24.599874,0.375217,1043.2
2026/7/11 10:39,0.379996,1055,0,24.672213,0.375217,1043.4
2026/7/11 10:39,0.379993,1055,0,24.545618,0.375217,1043.6
2026/7/11 10:39,0.379996,1055,0,24.681255,0.375217,1043.8
2026/7/11 10:39,0.379996,1055,0,24.645086,0.375217,1044
2026/7/11 10:39,0.379993,1055,0,24.532055,0.375217,1044.2
2026/7/11 10:39,0.379996,1055,0,24.681255,0.375217,1044.4
2026/7/11 10:39,0.379999,1055,0,24.66317,0.375217,1044.6
2026/7/11 10:39,0.379996,1055,0,24.536577,0.375217,1044.8
2026/7/11 10:39,0.379993,1055,0,24.604395,0.375217,1045
2026/7/11 10:39,0.379996,1055,0,24.645086,0.375217,1045.2
2026/7/11 10:39,0.379996,1056,0,24.545618,0.375217,1045.4
2026/7/11 10:39,0.379996,1056,0,24.681255,0.375217,1045.6
2026/7/11 10:39,0.379993,1056,0,24.672213,0.375217,1045.8
2026/7/11 10:39,0.379993,1055,0,24.563704,0.375217,1046
2026/7/11 10:39,0.379993,1056,0,24.676735,0.375217,1046.2
2026/7/11 10:39,0.379993,1056,0,24.608915,0.375217,1046.4
2026/7/11 10:39,0.379996,1056,0,24.604395,0.375217,1046.6
2026/7/11 10:39,0.380003,1056,0,24.676735,0.375217,1046.8
2026/7/11 10:39,0.380003,1056,0,24.608915,0.375217,1047
2026/7/11 10:39,0.379996,1056,0,24.563704,0.375217,1047.2
2026/7/11 10:39,0.379996,1056,0,24.676735,0.375217,1047.4
2026/7/11 10:39,0.379996,1056,0,24.608915,0.375217,1047.6
2026/7/11 10:39,0.379999,1056,0,24.563704,0.375217,1047.8
2026/7/11 10:39,0.379996,1055,0,24.672213,0.375217,1048
2026/7/11 10:39,0.379999,1056,0,24.563704,0.375217,1048.2
2026/7/11 10:39,0.379996,1056,0,24.604395,0.375217,1048.4
2026/7/11 10:39,0.379996,1056,0,24.66317,0.375217,1048.6
2026/7/11 10:39,0.379999,1056,0,24.622478,0.375217,1048.8
2026/7/11 10:39,0.380003,1057,0,24.681255,0.375217,1049
2026/7/11 10:39,0.379996,1056,0,24.676735,0.375217,1049.2
2026/7/11 10:39,0.379999,1056,0,24.536577,0.375217,1049.4
2026/7/11 10:39,0.379999,1056,0,24.676735,0.375217,1049.6
2026/7/11 10:39,0.379996,1056,0,24.66317,0.375217,1049.8
2026/7/11 10:39,0.379999,1056,0,24.536577,0.375217,1050
2026/7/11 10:39,0.379993,1056,0,24.676735,0.375217,1050.2
2026/7/11 10:39,0.380003,1056,0,24.645086,0.375217,1050.4
2026/7/11 10:39,0.379999,1057,0,24.604395,0.375217,1050.6
2026/7/11 10:39,0.379996,1057,0,24.676735,0.375217,1050.8
2026/7/11 10:39,0.379993,1057,0,24.681255,0.375217,1051
2026/7/11 10:39,0.379996,1057,0,24.685776,0.375217,1051.2
2026/7/11 10:39,0.379996,1057,0,24.681255,0.375217,1051.4
2026/7/11 10:39,0.379999,1057,0,24.681255,0.375217,1051.6
2026/7/11 10:39,0.379999,1056,0,24.685776,0.375217,1051.8
2026/7/11 10:39,0.379999,1056,0,24.681255,0.375217,1052
2026/7/11 10:39,0.379996,1057,0,24.681255,0.375217,1052.2
2026/7/11 10:39,0.379999,1057,0,24.699339,0.375217,1052.4
2026/7/11 10:39,0.379996,1056,0,24.681255,0.375217,1052.6
2026/7/11 10:39,0.379999,1056,0,24.608915,0.375217,1052.8
2026/7/11 10:39,0.379996,1057,0,24.545618,0.375217,1053
2026/7/11 10:39,0.379996,1057,0,24.672213,0.375217,1053.2
2026/7/11 10:39,0.379996,1057,0,24.536577,0.375217,1053.4
2026/7/11 10:39,0.379996,1056,0,24.604395,0.375217,1053.6
2026/7/11 10:39,0.379996,1056,0,24.676735,0.375217,1053.8
2026/7/11 10:39,0.379993,1056,0,24.545618,0.375217,1054
2026/7/11 10:39,0.379996,1056,0,24.681255,0.375217,1054.2
2026/7/11 10:39,0.379993,1056,0,24.672213,0.375217,1054.4
2026/7/11 10:39,0.379996,1057,0,24.532055,0.375217,1054.6
2026/7/11 10:39,0.379996,1057,0,24.681255,0.375217,1054.8
2026/7/11 10:39,0.379993,1057,0,24.672213,0.375217,1055
2026/7/11 10:39,0.379993,1057,0,24.532055,0.375217,1055.2
2026/7/11 10:39,0.379993,1057,0,24.681255,0.375217,1055.4
2026/7/11 10:39,0.379996,1057,0,24.66317,0.375217,1055.6
2026/7/11 10:39,0.379999,1057,0,24.536577,0.375217,1055.8
2026/7/11 10:39,0.379996,1057,0,24.681255,0.375217,1056
2026/7/11 10:39,0.379993,1057,0,24.645086,0.375217,1056.2
2026/7/11 10:39,0.379996,1057,0,24.545618,0.375217,1056.4
2026/7/11 10:39,0.379996,1057,0,24.681255,0.375217,1056.6
2026/7/11 10:39,0.379993,1057,0,24.608915,0.375217,1056.8
2026/7/11 10:39,0.379993,1057,0,24.563704,0.375217,1057
2026/7/11 10:39,0.379993,1057,0,24.676735,0.375217,1057.2
2026/7/11 10:39,0.379996,1057,0,24.608915,0.375217,1057.4
2026/7/11 10:39,0.380003,1057,0,24.681255,0.375217,1057.6
2026/7/11 10:39,0.379993,1057,0,24.681255,0.375217,1057.8
2026/7/11 10:39,0.379996,1057,0,24.608915,0.375217,1058
2026/7/11 10:39,0.379993,1058,0,24.681255,0.375217,1058.2
2026/7/11 10:39,0.379993,1057,0,24.681255,0.375217,1058.4
2026/7/11 10:39,0.379996,1058,0,24.66317,0.375217,1058.6
2026/7/11 10:39,0.379996,1058,0,24.604395,0.375217,1058.8
2026/7/11 10:39,0.380003,1058,0,24.676735,0.375217,1059
2026/7/11 10:39,0.379999,1058,0,24.563704,0.375217,1059.2
2026/7/11 10:39,0.379996,1058,0,24.681255,0.375217,1059.4
2026/7/11 10:39,0.379996,1058,0,24.672213,0.375217,1059.6
2026/7/11 10:39,0.379993,1058,0,24.545618,0.375217,1059.8
2026/7/11 10:39,0.379993,1058,0,24.681255,0.375217,1060
2026/7/11 10:39,0.379996,1058,0,24.66317,0.375217,1060.2
2026/7/11 10:39,0.379993,1058,0,24.545618,0.375217,1060.4
2026/7/11 10:39,0.379996,1058,0,24.681255,0.375217,1060.6
2026/7/11 10:39,0.379996,1058,0,24.66317,0.375217,1060.8
2026/7/11 10:39,0.380003,1058,0,24.563704,0.375217,1061
2026/7/11 10:39,0.379993,1059,0,24.676735,0.375217,1061.2
2026/7/11 10:39,0.380003,1059,0,24.649607,0.375217,1061.4
2026/7/11 10:39,0.379993,1059,0,24.536577,0.375217,1061.6
2026/7/11 10:39,0.379996,1058,0,24.681255,0.375217,1061.8
2026/7/11 10:39,0.379996,1059,0,24.645086,0.375217,1062
2026/7/11 10:39,0.380003,1059,0,24.545618,0.375217,1062.2
2026/7/11 10:39,0.380006,1059,0,24.681255,0.375217,1062.4
2026/7/11 10:39,0.379999,1058,0,24.604395,0.375217,1062.6
2026/7/11 10:39,0.379996,1058,0,24.545618,0.375217,1062.8
2026/7/11 10:39,0.380003,1058,0,24.676735,0.375217,1063
2026/7/11 10:39,0.380003,1058,0,24.55014,0.375217,1063.2
2026/7/11 10:39,0.379996,1058,0,24.545618,0.375217,1063.4
2026/7/11 10:39,0.379993,1058,0,24.676735,0.375217,1063.6
2026/7/11 10:39,0.379996,1058,0,24.645086,0.375217,1063.8
2026/7/11 10:39,0.379996,1058,0,24.604395,0.375217,1064
2026/7/11 10:39,0.380003,1058,0,24.676735,0.375217,1064.2
2026/7/11 10:39,0.380003,1058,0,24.608915,0.375217,1064.4
2026/7/11 10:39,0.380003,1058,0,24.604395,0.375217,1064.6
2026/7/11 10:39,0.379999,1058,0,24.681255,0.375217,1064.8
2026/7/11 10:39,0.379996,1058,0,24.613438,0.375217,1065
2026/7/11 10:39,0.379996,1058,0,24.681255,0.375217,1065.2
2026/7/11 10:39,0.379999,1058,0,24.66317,0.375217,1065.4
2026/7/11 10:39,0.380006,1058,0,24.532055,0.375217,1065.6
2026/7/11 10:39,0.379993,1058,0,24.563704,0.375217,1065.8
2026/7/11 10:39,0.379996,1058,0,24.676735,0.375217,1066
2026/7/11 10:39,0.379993,1058,0,24.66317,0.375217,1066.2
2026/7/11 10:39,0.38001,1057,0,24.545618,0.375217,1066.4
2026/7/11 10:39,0.380003,1058,0,24.681255,0.375217,1066.6
2026/7/11 10:39,0.379996,1058,0,24.608915,0.375217,1066.8
2026/7/11 10:39,0.380003,1057,0,24.681255,0.375217,1067
2026/7/11 10:39,0.380006,1057,0,24.672213,0.375217,1067.2
2026/7/11 10:39,0.379999,1057,0,24.532055,0.375217,1067.4
2026/7/11 10:39,0.379999,1057,0,24.681255,0.375217,1067.6
2026/7/11 10:39,0.379996,1056,0,24.672213,0.375217,1067.8
2026/7/11 10:39,0.380006,1056,0,24.608915,0.375217,1068
2026/7/11 10:40,0.379999,1057,0,24.681255,0.375217,1068.2
2026/7/11 10:40,0.380003,1057,0,24.66317,0.375217,1068.4
2026/7/11 10:40,0.380006,1057,0,24.536577,0.375217,1068.6
2026/7/11 10:40,0.380003,1057,0,24.676735,0.375217,1068.8
2026/7/11 10:40,0.380006,1056,0,24.681255,0.375217,1069
2026/7/11 10:40,0.380003,1056,0,24.532055,0.375217,1069.2
2026/7/11 10:40,0.380003,1056,0,24.681255,0.375217,1069.4
2026/7/11 10:40,0.380003,1056,0,24.672213,0.375217,1069.6
2026/7/11 10:40,0.380003,1055,0,24.532055,0.375217,1069.8
2026/7/11 10:40,0.380003,1056,0,24.604395,0.375217,1070
2026/7/11 10:40,0.379996,1055,0,24.672213,0.375217,1070.2
2026/7/11 10:40,0.379999,1055,0,24.536577,0.375217,1070.4
2026/7/11 10:40,0.380006,1055,0,24.681255,0.375217,1070.6
2026/7/11 10:40,0.380003,1055,0,24.66317,0.375217,1070.8
2026/7/11 10:40,0.380003,1055,0,24.563704,0.375217,1071
2026/7/11 10:40,0.380006,1055,0,24.681255,0.375217,1071.2
2026/7/11 10:40,0.380003,1055,0,24.66317,0.375217,1071.4
2026/7/11 10:40,0.380006,1055,0,24.532055,0.375217,1071.6
2026/7/11 10:40,0.380006,1055,0,24.681255,0.375217,1071.8
2026/7/11 10:40,0.380006,1055,0,24.645086,0.375217,1072
2026/7/11 10:40,0.380003,1055,0,24.545618,0.375217,1072.2
2026/7/11 10:40,0.380003,1054,0,24.681255,0.375217,1072.4
2026/7/11 10:40,0.379999,1054,0,24.672213,0.375217,1072.6
2026/7/11 10:40,0.380006,1054,0,24.563704,0.375217,1072.8
2026/7/11 10:40,0.380003,1053,0,24.681255,0.375217,1073
2026/7/11 10:40,0.379999,1054,0,24.532055,0.375217,1073.2
2026/7/11 10:40,0.379999,1054,0,24.563704,0.375217,1073.4
2026/7/11 10:40,0.379996,1053,0,24.681255,0.375217,1073.6
2026/7/11 10:40,0.380003,1053,0,24.532055,0.375217,1073.8
2026/7/11 10:40,0.379999,1053,0,24.604395,0.375217,1074
2026/7/11 10:40,0.379996,1053,0,24.672213,0.375217,1074.2
2026/7/11 10:40,0.379996,1053,0,24.536577,0.375217,1074.4
2026/7/11 10:40,0.379996,1053,0,24.681255,0.375217,1074.6
2026/7/11 10:40,0.379996,1054,0,24.681255,0.375217,1074.8
2026/7/11 10:40,0.379996,1054,0,24.613438,0.375217,1075
2026/7/11 10:40,0.380003,1053,0,24.563704,0.375217,1075.2
2026/7/11 10:40,0.380003,1053,0,24.672213,0.375217,1075.4
2026/7/11 10:40,0.380003,1052,0,24.545618,0.375217,1075.6
2026/7/11 10:40,0.380003,1053,0,24.681255,0.375217,1075.8
2026/7/11 10:40,0.379996,1053,0,24.66317,0.375217,1076
2026/7/11 10:40,0.379996,1053,0,24.563704,0.375217,1076.2
2026/7/11 10:40,0.380003,1053,0,24.681255,0.375217,1076.4
2026/7/11 10:40,0.379996,1053,0,24.645086,0.375217,1076.6
2026/7/11 10:40,0.380006,1053,0,24.563704,0.375217,1076.8
2026/7/11 10:40,0.380003,1053,0,24.681255,0.375217,1077
2026/7/11 10:40,0.380006,1052,0,24.672213,0.375217,1077.2
2026/7/11 10:40,0.379999,1052,0,24.545618,0.375217,1077.4
2026/7/11 10:40,0.379996,1052,0,24.672213,0.375217,1077.6
2026/7/11 10:40,0.380003,1052,0,24.645086,0.375217,1077.8
2026/7/11 10:40,0.379999,1052,0,24.563704,0.375217,1078
2026/7/11 10:40,0.380003,1052,0,24.681255,0.375217,1078.2
2026/7/11 10:40,0.379996,1052,0,24.608915,0.375217,1078.4
2026/7/11 10:40,0.380003,1052,0,24.604395,0.375217,1078.6
2026/7/11 10:40,0.380006,1052,0,24.672213,0.375217,1078.8
2026/7/11 10:40,0.380006,1052,0,24.613438,0.375217,1079
