导出时间,实时压力P1,瞬时流量M1,瞬时流量M2,温度T_R,压力P2_R,时间s
2026/7/11 10:22,0.000232,0,0,23.139524,0,0.2
2026/7/11 10:22,0.000236,0,0,23.139524,0,0.4
2026/7/11 10:22,0.000232,0,0,23.139524,0,0.6
2026/7/11 10:22,0.000236,0,0,23.139524,0,0.8
2026/7/11 10:22,0.000236,0,0,23.139524,0,1
2026/7/11 10:22,0.000232,0,0,23.139524,0,1.2
2026/7/11 10:22,0.000232,0,0,23.139524,0,1.4
2026/7/11 10:22,0.000232,0,0,23.139524,0,1.6
2026/7/11 10:22,0.000232,0,0,23.139524,0,1.8
2026/7/11 10:22,0.000236,0,0,23.139524,0,2
2026/7/11 10:22,0.000232,0,0,23.139524,0,2.2
2026/7/11 10:22,0.000232,0,0,23.139524,0,2.4
2026/7/11 10:22,0.000236,0,0,23.139524,0,2.6
2026/7/11 10:22,0.000236,0,0,23.139524,0,2.8
2026/7/11 10:22,0.000236,0,0,23.139524,0,3
2026/7/11 10:22,0.000232,0,0,23.139524,0,3.2
2026/7/11 10:22,0.000232,0,0,23.021975,0,3.4
2026/7/11 10:22,0.000236,0,0,23.139524,0,3.6
2026/7/11 10:22,0.000236,0,0,23.139524,0,3.8
2026/7/11 10:22,0.000236,0,0,23.139524,0,4
2026/7/11 10:22,0.000232,0,0,23.139524,0,4.2
2026/7/11 10:22,0.000232,0,0,23.139524,0,4.4
2026/7/11 10:22,0.000232,0,0,23.139524,0,4.6
2026/7/11 10:22,0.000232,0,0,23.139524,0,4.8
2026/7/11 10:22,0.000236,0,0,23.139524,0,5
2026/7/11 10:22,0.000236,0,0,23.139524,0,5.2
2026/7/11 10:22,0.000232,0,0,23.139524,0,5.4
2026/7/11 10:22,0.00032,0,0,23.139524,0,5.6
2026/7/11 10:22,0.000367,0,0,23.139524,0,5.8
2026/7/11 10:22,0.000387,1,0,23.139524,0,6
2026/7/11 10:22,0.000391,1,0,23.139524,0,6.2
2026/7/11 10:22,0.000391,0,0,23.139524,0,6.4
2026/7/11 10:22,0.000387,0,0,23.139524,0,6.6
2026/7/11 10:22,0.000391,1,0,23.139524,0,6.8
2026/7/11 10:22,0.000391,0,0,23.139524,0,7
2026/7/11 10:22,0.000391,0,0,23.139524,0,7.2
2026/7/11 10:22,0.000391,0,0,23.139524,0,7.4
2026/7/11 10:22,0.000391,0,0,23.139524,0,7.6
2026/7/11 10:22,0.000391,1,0,23.139524,0,7.8
2026/7/11 10:22,0.000391,1,0,23.139524,0,8
2026/7/11 10:22,0.000387,1,0,23.139524,0,8.2
2026/7/11 10:22,0.000387,1,0,23.139524,0,8.4
2026/7/11 10:22,0.000391,1,0,23.139524,0,8.6
2026/7/11 10:22,0.000391,1,0,23.139524,0,8.8
2026/7/11 10:22,0.000391,1,0,23.139524,0,9
2026/7/11 10:22,0.000387,1,0,23.139524,0,9.2
2026/7/11 10:22,0.000391,1,0,23.139524,0,9.4
2026/7/11 10:22,0.000391,1,0,23.139524,0,9.6
2026/7/11 10:22,0.000387,1,0,23.139524,0,9.8
2026/7/11 10:22,0.000391,1,0,23.139524,0,10
2026/7/11 10:22,0.000387,1,0,23.139524,0,10.2
2026/7/11 10:22,0.000391,1,0,23.139524,0,10.4
2026/7/11 10:22,0.000391,2,0,23.139524,0,10.6
2026/7/11 10:22,0.000391,2,0,23.139524,0,10.8
2026/7/11 10:22,0.000391,1,0,23.139524,0,11
2026/7/11 10:22,0.000391,2,0,23.139524,0,11.2
2026/7/11 10:22,0.000391,2,0,23.139524,0,11.4
2026/7/11 10:22,0.000391,2,0,23.139524,0,11.6
2026/7/11 10:22,0.000391,2,0,23.139524,0,11.8
2026/7/11 10:22,0.000387,2,0,23.139524,0,12
2026/7/11 10:22,0.000391,2,0,23.139524,0,12.2
2026/7/11 10:22,0.000387,2,0,23.139524,0,12.4
2026/7/11 10:22,0.000387,2,0,23.139524,0,12.6
2026/7/11 10:22,0.000394,2,0,23.139524,0,12.8
2026/7/11 10:22,0.000391,2,0,23.139524,0,13
2026/7/11 10:22,0.000391,2,0,23.139524,0,13.2
2026/7/11 10:22,0.000394,2,0,23.139524,0,13.4
2026/7/11 10:22,0.000391,2,0,23.139524,0,13.6
2026/7/11 10:22,0.000391,2,0,23.139524,0,13.8
2026/7/11 10:22,0.000391,2,0,23.139524,0,14
2026/7/11 10:22,0.000394,2,0,23.139524,0,14.2
2026/7/11 10:22,0.000391,2,0,23.139524,0,14.4
2026/7/11 10:22,0.000391,2,0,23.139524,0,14.6
2026/7/11 10:22,0.000391,2,0,23.139524,0,14.8
2026/7/11 10:22,0.000391,2,0,23.139524,0,15
2026/7/11 10:22,0.000391,2,0,23.125961,0,15.2
2026/7/11 10:22,0.000394,2,0,23.139524,0,15.4
2026/7/11 10:22,0.000391,2,0,23.139524,0,15.6
2026/7/11 10:22,0.000391,3,0,23.139524,0,15.8
2026/7/11 10:22,0.000394,3,0,23.139524,0,16
2026/7/11 10:22,0.000394,3,0,23.139524,0,16.2
2026/7/11 10:22,0.000387,3,0,23.139524,0,16.4
2026/7/11 10:22,0.000394,3,0,23.139524,0,16.6
2026/7/11 10:22,0.000391,3,0,23.139524,0,16.8
2026/7/11 10:22,0.000387,3,0,23.139524,0,17
2026/7/11 10:22,0.000387,3,0,23.139524,0,17.2
2026/7/11 10:22,0.000391,3,0,23.139524,0,17.4
2026/7/11 10:22,0.000391,3,0,23.139524,0,17.6
2026/7/11 10:22,0.000387,3,0,23.139524,0,17.8
2026/7/11 10:22,0.000387,3,0,23.139524,0,18
2026/7/11 10:22,0.000391,3,0,23.139524,0,18.2
2026/7/11 10:22,0.000391,3,0,23.139524,0,18.4
2026/7/11 10:22,0.000391,3,0,23.139524,0,18.6
2026/7/11 10:22,0.000391,3,0,23.139524,0,18.8
2026/7/11 10:22,0.000391,3,0,23.139524,0,19
2026/7/11 10:22,0.000391,3,0,23.139524,0,19.2
2026/7/11 10:22,0.000391,3,0,23.139524,0,19.4
2026/7/11 10:22,0.000387,3,0,23.139524,0,19.6
2026/7/11 10:22,0.000391,3,0,23.139524,0,19.8
2026/7/11 10:22,0.000394,4,0,23.139524,0,20
2026/7/11 10:22,0.000394,4,0,23.139524,0,20.2
2026/7/11 10:22,0.000394,4,0,23.139524,0,20.4
2026/7/11 10:22,0.000391,4,0,23.139524,0,20.6
2026/7/11 10:22,0.000391,4,0,23.139524,0,20.8
2026/7/11 10:22,0.000391,4,0,23.139524,0,21
2026/7/11 10:22,0.000387,4,0,23.139524,0,21.2
2026/7/11 10:22,0.000387,4,0,23.139524,0,21.4
2026/7/11 10:22,0.000391,4,0,23.139524,0,21.6
2026/7/11 10:22,0.000391,4,0,23.139524,0,21.8
2026/7/11 10:22,0.000394,4,0,23.139524,0,22
2026/7/11 10:22,0.000391,4,0,23.139524,0,22.2
2026/7/11 10:22,0.000391,4,0,23.139524,0,22.4
2026/7/11 10:22,0.000391,4,0,23.139524,0,22.6
2026/7/11 10:22,0.000394,4,0,23.139524,0,22.8
2026/7/11 10:22,0.000394,4,0,23.139524,0,23
2026/7/11 10:22,0.000394,4,0,23.135004,0,23.2
2026/7/11 10:22,0.000394,4,0,23.139524,0,23.4
2026/7/11 10:22,0.000397,4,0,23.139524,0,23.6
2026/7/11 10:22,0.000394,4,0,23.139524,0,23.8
2026/7/11 10:22,0.000394,4,0,23.139524,0,24
2026/7/11 10:22,0.000394,4,0,23.139524,0,24.2
2026/7/11 10:22,0.000394,4,0,23.139524,0,24.4
2026/7/11 10:22,0.000391,4,0,23.139524,0,24.6
2026/7/11 10:22,0.000394,4,0,23.139524,0,24.8
2026/7/11 10:22,0.000391,4,0,23.139524,0,25
2026/7/11 10:22,0.000394,4,0,23.139524,0,25.2
2026/7/11 10:22,0.000394,4,0,23.139524,0,25.4
2026/7/11 10:22,0.000391,4,0,23.139524,0,25.6
2026/7/11 10:22,0.000394,4,0,23.139524,0,25.8
2026/7/11 10:22,0.000391,4,0,23.139524,0,26
2026/7/11 10:22,0.000391,4,0,23.139524,0,26.2
2026/7/11 10:22,0.000387,4,0,23.139524,0,26.4
2026/7/11 10:22,0.000391,4,0,23.139524,0,26.6
2026/7/11 10:22,0.000394,4,0,23.139524,0,26.8
2026/7/11 10:22,0.000391,5,0,23.139524,0.00123,27
2026/7/11 10:22,0.005289,12,71,23.288723,0.147425,27.2
2026/7/11 10:22,0.02194,182,195,23.257074,0.167824,27.4
2026/7/11 10:22,0.038918,414,217,23.144045,0.165365,27.6
2026/7/11 10:22,0.046304,463,227,23.293245,0.162977,27.8
2026/7/11 10:22,0.068294,509,228,23.216385,0.162905,28
2026/7/11 10:22,0.075586,524,230,23.175694,0.162905,28.2
2026/7/11 10:22,0.092244,531,230,23.293245,0.162905,28.4
2026/7/11 10:22,0.099462,533,231,23.144045,0.162905,28.6
2026/7/11 10:22,0.121042,535,232,23.216385,0.162905,28.8
2026/7/11 10:22,0.128159,536,232,23.284203,0.162905,29
2026/7/11 10:22,0.144187,536,230,23.225426,0.162905,29.2
2026/7/11 10:22,0.151119,532,229,23.175694,0.165292,29.4
2026/7/11 10:22,0.171167,530,225,23.288723,0.165365,29.6
2026/7/11 10:22,0.177735,522,220,23.220905,0.165365,29.8
2026/7/11 10:22,0.193427,513,213,23.211864,0.165365,30
2026/7/11 10:22,0.199399,499,209,23.293245,0.165365,30.2
2026/7/11 10:22,0.215377,491,201,23.148567,0.165365,30.4
2026/7/11 10:22,0.225911,472,190,23.293245,0.166884,30.6
2026/7/11 10:22,0.233334,452,177,23.275162,0.167824,30.8
2026/7/11 10:22,0.237957,425,165,23.144045,0.167824,31
2026/7/11 10:22,0.248669,400,159,23.293245,0.167824,31.2
2026/7/11 10:22,0.257378,386,145,23.288723,0.168258,31.4
2026/7/11 10:22,0.262337,359,129,23.157608,0.170284,31.6
2026/7/11 10:22,0.265425,325,114,23.293245,0.170284,31.8
2026/7/11 10:22,0.272023,291,107,23.288723,0.170284,32
2026/7/11 10:22,0.276713,269,91,23.225426,0.170573,32.2
2026/7/11 10:22,0.279123,222,74,23.293245,0.171441,32.4
2026/7/11 10:22,0.281059,168,59,23.275162,0.172815,32.6
2026/7/11 10:22,0.28282,121,52,23.148567,0.172815,32.8
2026/7/11 10:22,0.2839,99,38,23.293245,0.173105,33
2026/7/11 10:22,0.284244,57,25,23.216385,0.174841,33.2
2026/7/11 10:22,0.284473,32,17,23.157608,0.175275,33.4
2026/7/11 10:22,0.284641,23,15,23.293245,0.175275,33.6
2026/7/11 10:22,0.284752,21,12,23.257074,0.175275,33.8
2026/7/11 10:22,0.284836,18,9,23.148567,0.175275,34
2026/7/11 10:22,0.284894,15,8,23.293245,0.1773,34.2
2026/7/11 10:22,0.284914,14,6,23.220905,0.177734,34.4
2026/7/11 10:22,0.284995,13,6,23.175694,0.177734,34.6
2026/7/11 10:22,0.285106,12,4,23.284203,0.177734,34.8
2026/7/11 10:22,0.285065,12,4,23.261597,0.178096,35
2026/7/11 10:22,0.285149,11,3,23.175694,0.180122,35.2
2026/7/11 10:22,0.285298,10,3,23.284203,0.180194,35.4
2026/7/11 10:22,0.285361,10,4,23.144045,0.180194,35.6
2026/7/11 10:22,0.285375,10,2,23.216385,0.180194,35.8
2026/7/11 10:22,0.285429,10,1,23.284203,0.180194,36
2026/7/11 10:22,0.285537,9,1,23.139524,0.180483,36.2
2026/7/11 10:22,0.285543,9,1,23.139524,0.182653,36.4
2026/7/11 10:22,0.285557,9,1,23.139524,0.182653,36.6
2026/7/11 10:22,0.285611,9,1,23.139524,0.182653,36.8
2026/7/11 10:22,0.285621,9,0,23.139524,0.182653,37
2026/7/11 10:22,0.285685,8,0,23.139524,0.183232,37.2
2026/7/11 10:22,0.285698,9,1,23.139524,0.185113,37.4
2026/7/11 10:22,0.285742,8,0,23.139524,0.185113,37.6
2026/7/11 10:22,0.285739,8,0,23.139524,0.185113,37.8
2026/7/11 10:22,0.285675,7,0,23.139524,0.185113,38
2026/7/11 10:22,0.285681,7,0,23.139524,0.185113,38.2
2026/7/11 10:22,0.285648,7,0,23.139524,0.185619,38.4
2026/7/11 10:22,0.285675,7,0,23.139524,0.187572,38.6
2026/7/11 10:22,0.285796,7,1,23.139524,0.187572,38.8
2026/7/11 10:22,0.285681,7,0,23.139524,0.187572,39
2026/7/11 10:22,0.285638,7,0,23.139524,0.187572,39.2
2026/7/11 10:22,0.285617,6,0,23.139524,0.187572,39.4
2026/7/11 10:22,0.285607,6,0,23.139524,0.189815,39.6
2026/7/11 10:22,0.285634,7,0,23.139524,0.190104,39.8
2026/7/11 10:22,0.2856,7,0,23.139524,0.190104,40
2026/7/11 10:22,0.285543,6,0,23.130482,0.190104,40.2
2026/7/11 10:22,0.285537,6,0,23.139524,0.190104,40.4
2026/7/11 10:22,0.285493,7,0,23.139524,0.190104,40.6
2026/7/11 10:22,0.285378,6,0,23.021975,0.191406,40.8
2026/7/11 10:22,0.28525,5,0,23.139524,0.190394,41
2026/7/11 10:22,0.285207,5,0,23.139524,0.192419,41.2
2026/7/11 10:22,0.285149,5,0,23.139524,0.192564,41.4
2026/7/11 10:22,0.285032,5,0,23.144045,0.192564,41.6
2026/7/11 10:22,0.284947,5,0,23.139524,0.192564,41.8
2026/7/11 10:22,0.284759,5,0,23.139524,0.192564,42
2026/7/11 10:22,0.284621,5,0,23.139524,0.192636,42.2
2026/7/11 10:22,0.28457,4,0,23.139524,0.195023,42.4
2026/7/11 10:22,0.284405,4,0,23.139524,0.193504,42.6
2026/7/11 10:22,0.284163,4,0,23.139524,0.195023,42.8
2026/7/11 10:22,0.284082,4,0,23.139524,0.195023,43
2026/7/11 10:22,0.284028,4,0,23.139524,0.195023,43.2
2026/7/11 10:22,0.283951,5,0,23.139524,0.195023,43.4
2026/7/11 10:22,0.283739,5,0,23.139524,0.195023,43.6
2026/7/11 10:22,0.283611,5,0,23.139524,0.195023,43.8
2026/7/11 10:22,0.283301,4,0,23.139524,0.19553,44
2026/7/11 10:22,0.283304,4,0,23.139524,0.195095,44.2
2026/7/11 10:22,0.283567,5,0,23.139524,0.197483,44.4
2026/7/11 10:22,0.283826,8,1,23.139524,0.197483,44.6
2026/7/11 10:22,0.284237,9,3,23.139524,0.197483,44.8
2026/7/11 10:22,0.284395,10,4,23.139524,0.197483,45
2026/7/11 10:22,0.2849,11,5,23.139524,0.197627,45.2
2026/7/11 10:22,0.285139,12,5,23.139524,0.198712,45.4
2026/7/11 10:22,0.285452,12,4,23.139524,0.199942,45.6
2026/7/11 10:22,0.285681,12,4,23.139524,0.199942,45.8
2026/7/11 10:22,0.285984,12,5,23.139524,0.199942,46
2026/7/11 10:22,0.286318,12,5,23.139524,0.200883,46.2
2026/7/11 10:22,0.286728,12,4,23.139524,0.201895,46.4
2026/7/11 10:22,0.28688,12,4,23.139524,0.202402,46.6
2026/7/11 10:22,0.287048,12,3,23.139524,0.202402,46.8
2026/7/11 10:22,0.287469,12,4,23.139524,0.202836,47
2026/7/11 10:22,0.287772,12,3,23.139524,0.203053,47.2
2026/7/11 10:22,0.287863,12,3,23.139524,0.203559,47.4
2026/7/11 10:22,0.288432,11,5,23.139524,0.204861,47.6
2026/7/11 10:22,0.288587,12,5,23.139524,0.204861,47.8
2026/7/11 10:22,0.288886,12,4,23.139524,0.204861,48
2026/7/11 10:23,0.289044,12,4,23.139524,0.204861,48.2
2026/7/11 10:23,0.289486,12,4,23.139524,0.205367,48.4
2026/7/11 10:23,0.28958,12,3,23.139524,0.206814,48.6
2026/7/11 10:23,0.289906,11,3,23.139524,0.207321,48.8
2026/7/11 10:23,0.290054,11,3,23.139524,0.207321,49
2026/7/11 10:23,0.290465,12,3,23.139524,0.207321,49.2
2026/7/11 10:23,0.290714,12,3,23.139524,0.207321,49.4
2026/7/11 10:23,0.290937,11,3,23.139524,0.207321,49.6
2026/7/11 10:23,0.291061,11,3,23.139524,0.207827,49.8
2026/7/11 10:23,0.291391,11,2,23.139524,0.209852,50
2026/7/11 10:23,0.291559,11,2,23.139524,0.209852,50.2
2026/7/11 10:23,0.291721,10,1,23.139524,0.209852,50.4
2026/7/11 10:23,0.291947,10,3,23.139524,0.209852,50.6
2026/7/11 10:23,0.292118,11,3,23.139524,0.209852,50.8
2026/7/11 10:23,0.292428,10,2,23.139524,0.211155,51
2026/7/11 10:23,0.29259,11,2,23.139524,0.212312,51.2
2026/7/11 10:23,0.292738,10,2,23.139524,0.212312,51.4
2026/7/11 10:23,0.292936,10,2,23.139524,0.212312,51.6
2026/7/11 10:23,0.293155,10,2,23.139524,0.212312,51.8
2026/7/11 10:23,0.293323,10,1,23.139524,0.212384,52
2026/7/11 10:23,0.293536,10,2,23.139524,0.212529,52.2
2026/7/11 10:23,0.293711,10,2,23.139524,0.212891,52.4
2026/7/11 10:23,0.294121,11,3,23.139524,0.213542,52.6
2026/7/11 10:23,0.294205,11,3,23.139524,0.214771,52.8
2026/7/11 10:23,0.294337,10,1,23.139524,0.214771,53
2026/7/11 10:23,0.294394,10,1,23.139524,0.214771,53.2
2026/7/11 10:23,0.294636,9,1,23.139524,0.21535,53.4
2026/7/11 10:23,0.294727,10,1,23.139524,0.214771,53.6
2026/7/11 10:23,0.294987,10,1,23.139524,0.21535,53.8
2026/7/11 10:23,0.295037,10,1,23.139524,0.217014,54
2026/7/11 10:23,0.295219,10,1,23.139524,0.216291,54.2
2026/7/11 10:23,0.295367,9,1,23.139524,0.217231,54.4
2026/7/11 10:23,0.295569,10,1,23.139524,0.217231,54.6
2026/7/11 10:23,0.295656,10,1,23.130482,0.217231,54.8
2026/7/11 10:23,0.295842,10,1,23.139524,0.217231,55
2026/7/11 10:23,0.295949,10,1,23.139524,0.217303,55.2
2026/7/11 10:23,0.296135,9,1,23.139524,0.219401,55.4
2026/7/11 10:23,0.296182,10,1,23.139524,0.219618,55.6
2026/7/11 10:23,0.296367,10,1,23.139524,0.21969,55.8
2026/7/11 10:23,0.296562,10,1,23.139524,0.21969,56
2026/7/11 10:23,0.296754,10,1,23.139524,0.21969,56.2
2026/7/11 10:23,0.296858,10,1,23.139524,0.21969,56.4
2026/7/11 10:23,0.296956,10,1,23.139524,0.21969,56.6
2026/7/11 10:23,0.297101,10,1,23.139524,0.22092,56.8
2026/7/11 10:23,0.297283,10,1,23.139524,0.220631,57
2026/7/11 10:23,0.29735,10,1,23.139524,0.219835,57.2
2026/7/11 10:23,0.297579,10,1,23.139524,0.22215,57.4
2026/7/11 10:23,0.297656,9,1,23.139524,0.22215,57.6
2026/7/11 10:23,0.297821,9,1,23.139524,0.22215,57.8
2026/7/11 10:23,0.297895,9,1,23.139524,0.22215,58
2026/7/11 10:23,0.298104,9,1,23.139524,0.22215,58.2
2026/7/11 10:23,0.298212,9,1,23.139524,0.22215,58.4
2026/7/11 10:23,0.29833,9,1,23.139524,0.222222,58.6
2026/7/11 10:23,0.298383,9,1,23.139524,0.222873,58.8
2026/7/11 10:23,0.298602,9,1,23.139524,0.224537,59
2026/7/11 10:23,0.298757,9,1,23.139524,0.224392,59.2
2026/7/11 10:23,0.298885,9,1,23.139524,0.224609,59.4
2026/7/11 10:23,0.298962,10,1,23.139524,0.224609,59.6
2026/7/11 10:23,0.299134,9,0,23.139524,0.224609,59.8
2026/7/11 10:23,0.299276,9,1,23.139524,0.224609,60
2026/7/11 10:23,0.299377,9,1,23.139524,0.224609,60.2
2026/7/11 10:23,0.299474,9,1,23.139524,0.224609,60.4
2026/7/11 10:23,0.299558,9,0,23.139524,0.224682,60.6
2026/7/11 10:23,0.29973,9,1,23.139524,0.226056,60.8
2026/7/11 10:23,0.299888,9,1,23.139524,0.227069,61
2026/7/11 10:23,0.300006,9,1,23.139524,0.22678,61.2
2026/7/11 10:23,0.300084,10,0,23.139524,0.227069,61.4
2026/7/11 10:23,0.300161,9,0,23.139524,0.227069,61.6
2026/7/11 10:23,0.300356,9,0,23.139524,0.227069,61.8
2026/7/11 10:23,0.300447,9,0,23.139524,0.227069,62
2026/7/11 10:23,0.300521,9,0,23.139524,0.227069,62.2
2026/7/11 10:23,0.300683,9,0,23.139524,0.227069,62.4
2026/7/11 10:23,0.300764,9,1,23.139524,0.227069,62.6
2026/7/11 10:23,0.300939,9,1,23.139524,0.227069,62.8
2026/7/11 10:23,0.300989,9,0,23.139524,0.227431,63
2026/7/11 10:23,0.30105,9,0,23.139524,0.22866,63.2
2026/7/11 10:23,0.301181,9,1,23.139524,0.229528,63.4
2026/7/11 10:23,0.301349,9,0,23.139524,0.229311,63.6
2026/7/11 10:23,0.30144,9,0,23.139524,0.229601,63.8
2026/7/11 10:23,0.301551,9,0,23.139524,0.229601,64
2026/7/11 10:23,0.301693,9,1,23.139524,0.229601,64.2
2026/7/11 10:23,0.301831,9,1,23.139524,0.229601,64.4
2026/7/11 10:23,0.301895,9,0,23.139524,0.229601,64.6
2026/7/11 10:23,0.301979,9,0,23.139524,0.229601,64.8
2026/7/11 10:23,0.302083,9,0,23.139524,0.230541,65
2026/7/11 10:23,0.302208,9,0,23.139524,0.230903,65.2
2026/7/11 10:23,0.302255,9,0,23.139524,0.229601,65.4
2026/7/11 10:23,0.302369,8,0,23.139524,0.231771,65.6
2026/7/11 10:23,0.302403,9,0,23.139524,0.229745,65.8
2026/7/11 10:23,0.302528,9,0,23.139524,0.230179,66
2026/7/11 10:23,0.302571,9,0,23.139524,0.231916,66.2
2026/7/11 10:23,0.30272,9,0,23.139524,0.23206,66.4
2026/7/11 10:23,0.302821,9,0,23.139524,0.23206,66.6
2026/7/11 10:23,0.302938,9,1,23.139524,0.23206,66.8
2026/7/11 10:23,0.303083,9,1,23.139524,0.23206,67
2026/7/11 10:23,0.303339,9,1,23.139524,0.23206,67.2
2026/7/11 10:23,0.30347,9,1,23.139524,0.23206,67.4
2026/7/11 10:23,0.303524,9,0,23.139524,0.23206,67.6
2026/7/11 10:23,0.303575,9,0,23.139524,0.23423,67.8
2026/7/11 10:23,0.303639,8,0,23.139524,0.23452,68
2026/7/11 10:23,0.30376,8,0,23.139524,0.232133,68.2
2026/7/11 10:23,0.303682,8,0,23.021975,0.234086,68.4
2026/7/11 10:23,0.303713,7,0,23.139524,0.233001,68.6
2026/7/11 10:23,0.303854,7,0,23.139524,0.234375,68.8
2026/7/11 10:23,0.303969,7,0,23.139524,0.23452,69
2026/7/11 10:23,0.304123,8,1,23.139524,0.23452,69.2
2026/7/11 10:23,0.304127,9,0,23.139524,0.23452,69.4
2026/7/11 10:23,0.304208,8,0,23.139524,0.23452,69.6
2026/7/11 10:23,0.304322,8,0,23.139524,0.23452,69.8
2026/7/11 10:23,0.304369,8,0,23.139524,0.23452,70
2026/7/11 10:23,0.304504,8,0,23.139524,0.23452,70.2
2026/7/11 10:23,0.304595,8,0,23.139524,0.23452,70.4
2026/7/11 10:23,0.304696,8,0,23.139524,0.23452,70.6
2026/7/11 10:23,0.304729,8,0,23.139524,0.235171,70.8
2026/7/11 10:23,0.304824,7,0,23.139524,0.23452,71
2026/7/11 10:23,0.304894,7,0,23.139524,0.236473,71.2
2026/7/11 10:23,0.305019,8,0,23.139524,0.236762,71.4
2026/7/11 10:23,0.305106,8,0,23.139524,0.236545,71.6
2026/7/11 10:23,0.305181,8,0,23.139524,0.236762,71.8
2026/7/11 10:23,0.305174,7,0,23.139524,0.236979,72
2026/7/11 10:23,0.305342,7,0,23.139524,0.236979,72.2
2026/7/11 10:23,0.305403,7,0,23.139524,0.236979,72.4
2026/7/11 10:23,0.305504,7,0,23.139524,0.236979,72.6
2026/7/11 10:23,0.305534,7,0,23.139524,0.236979,72.8
2026/7/11 10:23,0.305564,7,0,23.139524,0.236979,73
2026/7/11 10:23,0.305662,7,0,23.130482,0.236979,73.2
2026/7/11 10:23,0.305773,7,0,23.139524,0.236979,73.4
2026/7/11 10:23,0.305857,7,0,23.139524,0.236979,73.6
2026/7/11 10:23,0.305918,7,0,23.139524,0.237124,73.8
2026/7/11 10:23,0.305989,7,0,23.139524,0.23886,74
2026/7/11 10:23,0.306079,7,0,23.139524,0.237341,74.2
2026/7/11 10:23,0.30609,7,0,23.139524,0.237124,74.4
2026/7/11 10:23,0.306271,7,0,23.139524,0.237269,74.6
2026/7/11 10:23,0.306268,7,0,23.139524,0.239439,74.8
2026/7/11 10:23,0.306403,7,0,23.139524,0.239439,75
2026/7/11 10:23,0.306419,7,0,23.139524,0.239005,75.2
2026/7/11 10:23,0.306591,7,0,23.139524,0.239439,75.4
2026/7/11 10:23,0.306655,7,0,23.139524,0.239439,75.6
2026/7/11 10:23,0.306716,7,0,23.139524,0.239439,75.8
2026/7/11 10:23,0.306716,7,0,23.139524,0.239439,76
2026/7/11 10:23,0.3068,6,0,23.139524,0.239439,76.2
2026/7/11 10:23,0.306928,6,0,23.139524,0.239439,76.4
2026/7/11 10:23,0.307052,7,0,23.139524,0.239439,76.6
2026/7/11 10:23,0.307123,7,0,23.139524,0.239439,76.8
2026/7/11 10:23,0.30713,7,0,23.139524,0.239439,77
2026/7/11 10:23,0.306847,6,0,23.139524,0.239439,77.2
2026/7/11 10:23,0.30614,4,0,23.139524,0.239439,77.4
2026/7/11 10:23,0.304948,0,0,23.139524,0.237052,77.6
2026/7/11 10:23,0.298949,0,0,23.139524,0.21535,77.8
2026/7/11 10:23,0.286486,0,0,23.139524,0.195674,78
2026/7/11 10:23,0.276669,0,0,23.139524,0.185764,78.2
2026/7/11 10:23,0.264017,0,0,23.139524,0.182798,78.4
2026/7/11 10:23,0.258708,0,0,23.139524,0.180339,78.6
2026/7/11 10:23,0.247292,0,0,23.139524,0.180194,78.8
2026/7/11 10:23,0.239401,0,0,23.139524,0.177734,79
2026/7/11 10:23,0.229382,0,0,23.139524,0.175275,79.2
2026/7/11 10:23,0.225288,0,0,23.139524,0.172815,79.4
2026/7/11 10:23,0.215663,0,0,23.139524,0.170284,79.6
2026/7/11 10:23,0.21025,0,0,23.139524,0.169343,79.8
2026/7/11 10:23,0.202533,0,0,23.139524,0.167824,80
2026/7/11 10:23,0.199399,0,0,23.139524,0.165365,80.2
2026/7/11 10:23,0.194875,0,0,23.139524,0.163845,80.4
2026/7/11 10:23,0.187986,0,0,23.139524,0.161097,80.6
2026/7/11 10:23,0.182213,0,0,23.139524,0.160446,80.8
2026/7/11 10:23,0.17987,0,0,23.139524,0.158203,81
2026/7/11 10:23,0.176129,0,0,23.139524,0.156756,81.2
2026/7/11 10:23,0.171585,0,0,23.139524,0.155527,81.4
2026/7/11 10:23,0.167538,0,0,23.139524,0.153646,81.6
2026/7/11 10:23,0.165929,0,0,23.139524,0.153067,81.8
2026/7/11 10:23,0.161609,0,0,23.139524,0.151186,82
2026/7/11 10:23,0.1603,0,0,23.139524,0.148582,82.2
2026/7/11 10:23,0.157697,0,0,23.139524,0.148076,82.4
2026/7/11 10:23,0.15665,0,0,23.139524,0.148076,82.6
2026/7/11 10:23,0.153698,0,0,23.139524,0.145616,82.8
2026/7/11 10:23,0.151897,0,0,23.139524,0.143663,83
2026/7/11 10:23,0.150611,0,0,23.139524,0.143157,83.2
2026/7/11 10:23,0.149776,0,0,23.139524,0.141493,83.4
2026/7/11 10:23,0.147786,0,0,23.139524,0.140697,83.6
2026/7/11 10:23,0.146039,0,0,23.139524,0.13831,83.8
2026/7/11 10:23,0.144938,0,0,23.139524,0.138238,84
2026/7/11 10:23,0.143864,0,0,23.139524,0.135923,84.2
2026/7/11 10:23,0.142464,0,0,23.139524,0.135561,84.4
2026/7/11 10:23,0.140898,0,0,23.139524,0.133391,84.6
2026/7/11 10:23,0.139757,0,0,23.139524,0.133319,84.8
2026/7/11 10:23,0.138915,0,0,23.139524,0.130859,85
2026/7/11 10:23,0.137633,0,0,23.139524,0.130787,85.2
2026/7/11 10:23,0.136205,0,0,23.139524,0.128545,85.4
2026/7/11 10:23,0.135151,0,0,23.139524,0.128328,85.6
2026/7/11 10:23,0.134367,0,0,23.139524,0.126157,85.8
2026/7/11 10:23,0.133162,0,0,23.139524,0.125868,86
2026/7/11 10:23,0.131815,0,0,23.139524,0.125868,86.2
2026/7/11 10:23,0.130835,0,0,23.139524,0.123409,86.4
2026/7/11 10:23,0.129533,0,0,23.139524,0.123409,86.6
2026/7/11 10:23,0.12897,0,0,23.139524,0.1216,86.8
2026/7/11 10:23,0.127587,0,0,23.139524,0.120949,87
2026/7/11 10:23,0.126765,0,0,23.139524,0.120949,87.2
2026/7/11 10:23,0.12553,0,0,23.139524,0.11849,87.4
2026/7/11 10:23,0.124998,0,0,23.139524,0.11849,87.6
2026/7/11 10:23,0.124207,0,0,23.139524,0.11726,87.8
2026/7/11 10:23,0.122914,0,0,23.139524,0.11603,88
2026/7/11 10:23,0.121736,0,0,23.139524,0.11603,88.2
2026/7/11 10:23,0.121231,0,0,23.139524,0.113498,88.4
2026/7/11 10:23,0.119726,0,0,23.139524,0.113498,88.6
2026/7/11 10:23,0.119238,0,0,23.139524,0.113498,88.8
2026/7/11 10:23,0.118113,0,0,23.139524,0.111183,89
2026/7/11 10:23,0.117625,0,0,23.139524,0.111039,89.2
2026/7/11 10:23,0.116181,0,0,23.139524,0.10923,89.4
2026/7/11 10:23,0.115709,0,0,23.139524,0.108579,89.6
2026/7/11 10:23,0.114545,0,0,23.139524,0.106771,89.8
2026/7/11 10:23,0.114077,0,0,23.139524,0.107567,90
2026/7/11 10:23,0.112797,0,0,23.139524,0.10612,90.2
2026/7/11 10:23,0.111898,0,0,23.139524,0.10612,90.4
2026/7/11 10:23,0.111225,0,0,23.139524,0.10612,90.6
2026/7/11 10:23,0.110791,0,0,23.139524,0.10366,90.8
2026/7/11 10:23,0.109697,0,0,23.139524,0.10366,91
2026/7/11 10:23,0.108704,0,0,23.139524,0.103516,91.2
2026/7/11 10:23,0.107976,0,0,23.139524,0.101201,91.4
2026/7/11 10:23,0.107431,0,0,23.139524,0.101201,91.6
2026/7/11 10:23,0.106603,0,0,23.139524,0.09932,91.8
2026/7/11 10:23,0.10567,0,0,23.139524,0.099392,92
2026/7/11 10:23,0.10499,0,0,23.139524,0.098741,92.2
2026/7/11 10:23,0.104478,0,0,23.139524,0.097367,92.4
2026/7/11 10:23,0.103687,0,0,23.139524,0.096354,92.6
2026/7/11 10:23,0.102815,0,0,23.139524,0.096282,92.8
2026/7/11 10:23,0.102179,0,0,23.139524,0.096282,93
2026/7/11 10:23,0.101337,0,0,23.139524,0.095052,93.2
2026/7/11 10:23,0.100977,0,0,23.139524,0.096209,93.4
2026/7/11 10:23,0.100082,0,0,23.139524,0.09375,93.6
2026/7/11 10:23,0.09956,0,0,23.139524,0.09375,93.8
2026/7/11 10:23,0.098765,0,0,23.139524,0.091363,94
2026/7/11 10:23,0.098429,0,0,23.139524,0.091435,94.2
2026/7/11 10:23,0.097934,0,0,23.139524,0.091291,94.4
2026/7/11 10:23,0.097122,0,0,23.139524,0.091291,94.6
2026/7/11 10:23,0.096392,0,0,23.139524,0.091291,94.8
2026/7/11 10:23,0.096075,0,0,23.139524,0.089554,95
2026/7/11 10:23,0.095143,0,0,23.139524,0.088831,95.2
2026/7/11 10:23,0.094847,0,0,23.139524,0.088831,95.4
2026/7/11 10:23,0.09416,0,0,23.139524,0.088831,95.6
2026/7/11 10:23,0.09386,0,0,23.139524,0.086733,95.8
2026/7/11 10:23,0.093005,0,0,23.139524,0.087601,96
2026/7/11 10:23,0.092433,0,0,23.139524,0.086372,96.2
2026/7/11 10:23,0.092025,0,0,23.139524,0.086372,96.4
2026/7/11 10:23,0.091749,0,0,23.139524,0.086372,96.6
2026/7/11 10:23,0.091083,0,0,23.139524,0.085142,96.8
2026/7/11 10:23,0.090484,0,0,23.139524,0.083912,97
2026/7/11 10:23,0.090103,0,0,23.139524,0.083912,97.2
2026/7/11 10:23,0.089729,0,0,23.139524,0.083912,97.4
2026/7/11 10:23,0.089235,0,0,23.139524,0.083912,97.6
2026/7/11 10:23,0.088689,0,0,23.139524,0.083912,97.8
2026/7/11 10:23,0.088289,0,0,23.139524,0.081959,98
2026/7/11 10:23,0.087767,0,0,23.139524,0.081453,98.2
2026/7/11 10:23,0.087548,0,0,23.139524,0.081453,98.4
2026/7/11 10:23,0.087033,0,0,23.139524,0.081453,98.6
2026/7/11 10:23,0.086659,0,0,23.139524,0.081453,98.8
2026/7/11 10:23,0.086181,0,0,23.139524,0.081453,99
2026/7/11 10:23,0.085976,0,0,23.139524,0.079572,99.2
2026/7/11 10:23,0.085471,0,0,23.139524,0.078993,99.4
2026/7/11 10:23,0.085178,0,0,23.139524,0.078993,99.6
2026/7/11 10:23,0.084737,0,0,23.139524,0.078993,99.8
2026/7/11 10:23,0.084552,0,0,23.139524,0.078993,100
2026/7/11 10:23,0.084232,0,0,23.139524,0.078993,100.2
2026/7/11 10:23,0.083828,0,0,23.139524,0.078848,100.4
2026/7/11 10:23,0.083427,0,0,23.139524,0.076751,100.6
2026/7/11 10:23,0.083259,0,0,23.139524,0.076678,100.8
2026/7/11 10:23,0.082767,0,0,23.139524,0.076606,101
2026/7/11 10:23,0.082609,0,0,23.139524,0.076534,101.2
2026/7/11 10:23,0.082225,0,0,23.139524,0.076534,101.4
2026/7/11 10:23,0.08207,0,0,23.139524,0.076534,101.6
2026/7/11 10:23,0.08166,0,0,23.139524,0.076534,101.8
2026/7/11 10:23,0.08138,0,0,23.139524,0.076534,102
2026/7/11 10:23,0.081175,0,0,23.139524,0.076534,102.2
2026/7/11 10:23,0.080973,0,0,23.139524,0.076389,102.4
2026/7/11 10:23,0.080707,0,0,23.139524,0.074291,102.6
2026/7/11 10:23,0.080418,0,0,23.139524,0.074942,102.8
2026/7/11 10:23,0.080212,0,0,23.139524,0.074002,103
2026/7/11 10:23,0.080057,0,0,23.139524,0.074002,103.2
2026/7/11 10:23,0.079828,0,0,23.139524,0.074002,103.4
2026/7/11 10:23,0.079559,0,0,23.130482,0.074002,103.6
2026/7/11 10:23,0.079384,0,0,23.139524,0.074002,103.8
2026/7/11 10:23,0.079152,0,0,23.139524,0.074002,104
2026/7/11 10:23,0.079054,0,0,23.139524,0.074002,104.2
2026/7/11 10:23,0.078815,0,0,23.139524,0.073712,104.4
2026/7/11 10:23,0.07868,0,0,23.139524,0.074002,104.6
2026/7/11 10:23,0.078478,0,0,23.139524,0.073857,104.8
2026/7/11 10:23,0.078404,0,0,23.139524,0.073785,105
2026/7/11 10:23,0.07828,0,0,23.139524,0.073423,105.2
2026/7/11 10:23,0.078084,0,0,23.139524,0.071542,105.4
2026/7/11 10:23,0.077923,0,0,23.139524,0.071542,105.6
2026/7/11 10:23,0.077845,0,0,23.139524,0.071542,105.8
2026/7/11 10:23,0.077643,0,0,23.139524,0.071542,106
2026/7/11 10:23,0.077586,0,0,23.139524,0.071542,106.2
2026/7/11 10:23,0.077448,0,0,23.139524,0.071542,106.4
2026/7/11 10:23,0.077388,0,0,23.139524,0.071542,106.6
2026/7/11 10:23,0.077388,0,0,23.139524,0.071542,106.8
2026/7/11 10:23,0.077142,0,0,23.139524,0.071542,107
2026/7/11 10:23,0.077061,0,0,23.139524,0.071542,107.2
2026/7/11 10:23,0.077004,0,0,23.139524,0.071542,107.4
2026/7/11 10:23,0.07692,0,0,23.139524,0.071542,107.6
2026/7/11 10:23,0.076829,0,0,23.139524,0.071542,107.8
2026/7/11 10:23,0.076768,0,0,23.139524,0.071542,108
2026/7/11 10:24,0.076684,0,0,23.139524,0.071542,108.2
2026/7/11 10:24,0.076654,0,0,23.139524,0.071542,108.4
2026/7/11 10:24,0.076607,0,0,23.139524,0.071542,108.6
2026/7/11 10:24,0.076532,0,0,23.139524,0.071542,108.8
2026/7/11 10:24,0.076472,0,0,23.139524,0.071542,109
2026/7/11 10:24,0.076452,0,0,23.139524,0.071542,109.2
2026/7/11 10:24,0.076408,0,0,23.139524,0.071542,109.4
2026/7/11 10:24,0.076357,0,0,23.139524,0.071542,109.6
2026/7/11 10:24,0.076304,0,0,23.139524,0.071542,109.8
2026/7/11 10:24,0.07628,0,0,23.139524,0.071542,110
2026/7/11 10:24,0.076226,0,0,23.139524,0.071542,110.2
2026/7/11 10:24,0.076213,0,0,23.139524,0.070168,110.4
2026/7/11 10:24,0.076169,0,0,23.139524,0.071542,110.6
2026/7/11 10:24,0.076149,0,0,23.139524,0.070964,110.8
2026/7/11 10:24,0.076102,0,0,23.139524,0.071542,111
2026/7/11 10:24,0.076075,0,0,23.139524,0.071542,111.2
2026/7/11 10:24,0.076048,0,0,23.139524,0.069734,111.4
2026/7/11 10:24,0.076027,0,0,23.139524,0.07147,111.6
2026/7/11 10:24,0.075997,0,0,23.139524,0.070312,111.8
2026/7/11 10:24,0.075974,0,0,23.139524,0.071325,112
2026/7/11 10:24,0.075953,0,0,23.139524,0.07147,112.2
2026/7/11 10:24,0.075933,0,0,23.139524,0.071108,112.4
2026/7/11 10:24,0.075916,0,0,23.139524,0.071542,112.6
2026/7/11 10:24,0.075886,0,0,23.139524,0.069661,112.8
2026/7/11 10:24,0.075873,0,0,23.139524,0.071398,113
2026/7/11 10:24,0.075839,0,0,23.139524,0.070457,113.2
2026/7/11 10:24,0.075825,0,0,23.139524,0.0693,113.4
2026/7/11 10:24,0.075805,0,0,23.139524,0.069083,113.6
2026/7/11 10:24,0.075792,0,0,23.139524,0.071542,113.8
2026/7/11 10:24,0.075765,0,0,23.139524,0.069589,114
2026/7/11 10:24,0.075758,0,0,23.139524,0.070168,114.2
2026/7/11 10:24,0.075735,0,0,23.139524,0.069734,114.4
2026/7/11 10:24,0.075718,0,0,23.139524,0.069155,114.6
2026/7/11 10:24,0.075694,0,0,23.139524,0.069155,114.8
2026/7/11 10:24,0.075687,0,0,23.139524,0.069444,115
2026/7/11 10:24,0.075664,0,0,23.139524,0.069589,115.2
2026/7/11 10:24,0.075654,0,0,23.139524,0.0693,115.4
2026/7/11 10:24,0.075634,0,0,23.139524,0.069589,115.6
2026/7/11 10:24,0.075627,0,0,23.139524,0.069083,115.8
2026/7/11 10:24,0.075607,0,0,23.139524,0.069589,116
2026/7/11 10:24,0.075586,0,0,23.139524,0.069083,116.2
2026/7/11 10:24,0.075583,0,0,23.139524,0.069083,116.4
2026/7/11 10:24,0.075563,0,0,23.139524,0.069083,116.6
2026/7/11 10:24,0.075549,0,0,23.139524,0.071325,116.8
2026/7/11 10:24,0.075536,0,0,23.139524,0.069083,117
2026/7/11 10:24,0.075526,0,0,23.139524,0.069444,117.2
2026/7/11 10:24,0.075509,0,0,23.139524,0.069083,117.4
2026/7/11 10:24,0.075499,0,0,23.130482,0.069155,117.6
2026/7/11 10:24,0.075479,0,0,23.139524,0.069227,117.8
2026/7/11 10:24,0.075472,0,0,23.139524,0.069083,118
2026/7/11 10:24,0.075452,0,0,23.139524,0.070964,118.2
2026/7/11 10:24,0.075448,0,0,23.139524,0.069227,118.4
2026/7/11 10:24,0.075428,0,0,23.139524,0.071036,118.6
2026/7/11 10:24,0.075422,0,0,23.139524,0.069083,118.8
2026/7/11 10:24,0.075408,0,0,23.139524,0.069083,119
2026/7/11 10:24,0.075398,0,0,23.139524,0.069589,119.2
2026/7/11 10:24,0.075384,0,0,23.139524,0.070964,119.4
2026/7/11 10:24,0.075371,0,0,23.139524,0.069083,119.6
2026/7/11 10:24,0.075361,0,0,23.139524,0.069083,119.8
2026/7/11 10:24,0.075351,0,0,23.139524,0.069083,120
2026/7/11 10:24,0.075337,0,0,23.139524,0.070312,120.2
2026/7/11 10:24,0.075331,0,0,23.139524,0.069227,120.4
2026/7/11 10:24,0.075321,0,0,23.139524,0.069155,120.6
2026/7/11 10:24,0.075307,0,0,23.139524,0.069083,120.8
2026/7/11 10:24,0.085952,15,16,23.139524,0.166884,121
2026/7/11 10:24,0.100832,83,163,23.139524,0.185836,121.2
2026/7/11 10:24,0.111828,345,222,23.139524,0.185113,121.4
2026/7/11 10:24,0.12285,458,226,23.139524,0.185547,121.6
2026/7/11 10:24,0.137266,499,227,23.139524,0.185619,121.8
2026/7/11 10:24,0.153459,508,226,23.139524,0.187572,122
2026/7/11 10:24,0.165144,509,224,23.139524,0.187572,122.2
2026/7/11 10:24,0.173901,505,221,23.139524,0.190032,122.4
2026/7/11 10:24,0.187269,498,216,23.139524,0.190032,122.6
2026/7/11 10:24,0.201779,490,214,23.288723,0.190104,122.8
2026/7/11 10:24,0.211994,479,207,23.220905,0.190177,123
2026/7/11 10:24,0.225049,472,199,23.293245,0.192564,123.2
2026/7/11 10:24,0.230453,455,188,23.293245,0.192564,123.4
2026/7/11 10:24,0.24307,436,178,23.257074,0.192708,123.6
2026/7/11 10:24,0.249992,410,172,23.175694,0.195023,123.8
2026/7/11 10:24,0.259853,386,160,23.293245,0.195023,124
2026/7/11 10:24,0.263741,374,145,23.220905,0.19741,124.2
2026/7/11 10:24,0.269256,348,132,23.175694,0.197483,124.4
2026/7/11 10:24,0.277228,320,118,23.293245,0.197483,124.6
2026/7/11 10:24,0.283328,279,110,23.257074,0.198929,124.8
2026/7/11 10:24,0.28557,256,95,23.216385,0.199942,125
2026/7/11 10:24,0.291017,212,79,23.284203,0.199942,125.2
2026/7/11 10:24,0.292381,166,65,23.16213,0.201895,125.4
2026/7/11 10:24,0.294764,115,50,23.216385,0.202402,125.6
2026/7/11 10:24,0.295478,71,44,23.288723,0.202402,125.8
2026/7/11 10:24,0.296764,51,32,23.144045,0.20298,126
2026/7/11 10:24,0.297148,30,22,23.293245,0.204789,126.2
2026/7/11 10:24,0.297384,21,16,23.275162,0.204861,126.4
2026/7/11 10:24,0.297505,15,13,23.157608,0.204861,126.6
2026/7/11 10:24,0.297814,12,12,23.216385,0.205006,126.8
2026/7/11 10:24,0.298124,10,11,23.284203,0.207321,127
2026/7/11 10:24,0.298232,9,10,23.157608,0.207321,127.2
2026/7/11 10:24,0.29836,8,8,23.293245,0.207321,127.4
2026/7/11 10:24,0.298575,7,8,23.257074,0.207321,127.6
2026/7/11 10:24,0.298824,6,8,23.148567,0.209852,127.8
2026/7/11 10:24,0.298993,5,7,23.293245,0.20855,128
2026/7/11 10:24,0.299185,5,5,23.257074,0.209852,128.2
2026/7/11 10:24,0.299309,5,6,23.175694,0.209852,128.4
2026/7/11 10:24,0.299575,4,5,23.293245,0.21101,128.6
2026/7/11 10:24,0.299737,4,5,23.275162,0.212312,128.8
2026/7/11 10:24,0.299922,4,4,23.216385,0.212312,129
2026/7/11 10:24,0.300009,4,4,23.288723,0.213252,129.2
2026/7/11 10:24,0.300168,4,4,23.220905,0.212601,129.4
2026/7/11 10:24,0.300417,3,3,23.144045,0.214771,129.6
2026/7/11 10:24,0.300592,3,3,23.288723,0.214771,129.8
2026/7/11 10:24,0.300659,2,3,23.284203,0.216001,130
2026/7/11 10:24,0.300939,2,2,23.216385,0.214844,130.2
2026/7/11 10:24,0.301043,3,3,23.288723,0.216942,130.4
2026/7/11 10:24,0.301191,2,1,23.257074,0.217231,130.6
2026/7/11 10:24,0.301279,2,2,23.157608,0.217231,130.8
2026/7/11 10:24,0.301484,2,1,23.293245,0.217231,131
2026/7/11 10:24,0.301646,2,2,23.220905,0.21781,131.2
2026/7/11 10:24,0.30175,2,2,23.216385,0.21969,131.4
2026/7/11 10:24,0.301821,2,1,23.288723,0.21969,131.6
2026/7/11 10:24,0.301999,2,1,23.144045,0.21969,131.8
2026/7/11 10:24,0.302322,2,1,23.293245,0.221499,132
2026/7/11 10:24,0.302393,2,2,23.284203,0.219763,132.2
2026/7/11 10:24,0.302518,2,1,23.220905,0.220269,132.4
2026/7/11 10:24,0.302561,1,0,23.216385,0.221933,132.6
2026/7/11 10:24,0.302693,1,0,23.288723,0.22215,132.8
2026/7/11 10:24,0.302777,1,0,23.144045,0.22215,133
2026/7/11 10:24,0.302942,1,1,23.288723,0.22338,133.2
2026/7/11 10:24,0.303093,1,1,23.275162,0.224609,133.4
2026/7/11 10:24,0.30315,1,0,23.225426,0.224609,133.6
2026/7/11 10:24,0.303241,1,0,23.293245,0.224609,133.8
2026/7/11 10:24,0.303262,1,1,23.275162,0.224609,134
2026/7/11 10:24,0.303352,1,0,23.225426,0.224609,134.2
2026/7/11 10:24,0.30343,0,0,23.293245,0.225767,134.4
2026/7/11 10:24,0.303551,0,0,23.284203,0.225911,134.6
2026/7/11 10:24,0.303652,1,0,23.157608,0.227069,134.8
2026/7/11 10:24,0.303662,0,0,23.293245,0.227069,135
2026/7/11 10:24,0.303746,0,0,23.275162,0.227069,135.2
2026/7/11 10:24,0.303787,0,0,23.157608,0.227069,135.4
2026/7/11 10:24,0.303824,0,0,23.293245,0.229456,135.6
2026/7/11 10:24,0.303807,0,0,23.257074,0.229528,135.8
2026/7/11 10:24,0.303874,0,0,23.216385,0.229601,136
2026/7/11 10:24,0.303985,0,0,23.293245,0.229601,136.2
2026/7/11 10:24,0.304093,0,0,23.220905,0.229601,136.4
2026/7/11 10:24,0.304043,0,0,23.175694,0.229601,136.6
2026/7/11 10:24,0.304016,0,0,23.288723,0.229601,136.8
2026/7/11 10:24,0.304033,0,0,23.284203,0.229745,137
2026/7/11 10:24,0.303992,0,0,23.175694,0.231843,137.2
2026/7/11 10:24,0.304016,0,0,23.284203,0.23206,137.4
2026/7/11 10:24,0.303958,0,0,23.144045,0.23206,137.6
2026/7/11 10:24,0.303992,0,0,23.175694,0.23206,137.8
2026/7/11 10:24,0.303989,0,0,23.288723,0.23206,138
2026/7/11 10:24,0.303918,0,0,23.144045,0.23206,138.2
2026/7/11 10:24,0.303891,0,0,23.175694,0.23206,138.4
2026/7/11 10:24,0.303787,0,0,23.288723,0.232133,138.6
2026/7/11 10:24,0.3038,0,0,23.144045,0.23452,138.8
2026/7/11 10:24,0.303723,0,0,23.175694,0.234303,139
2026/7/11 10:24,0.303689,0,0,23.293245,0.234447,139.2
2026/7/11 10:24,0.303511,0,0,23.266119,0.23452,139.4
2026/7/11 10:24,0.30346,0,0,23.175694,0.23452,139.6
2026/7/11 10:24,0.303521,0,0,23.288723,0.23452,139.8
2026/7/11 10:24,0.303504,0,0,23.144045,0.23452,140
2026/7/11 10:24,0.3034,0,0,23.216385,0.23452,140.2
2026/7/11 10:24,0.303315,0,0,23.288723,0.23452,140.4
2026/7/11 10:24,0.303083,0,0,23.261597,0.23452,140.6
2026/7/11 10:24,0.302831,0,0,23.175694,0.235532,140.8
2026/7/11 10:24,0.302831,0,0,23.275162,0.236979,141
2026/7/11 10:24,0.302709,0,0,23.144045,0.236979,141.2
2026/7/11 10:24,0.302555,0,0,23.175694,0.236762,141.4
2026/7/11 10:24,0.302373,0,0,23.284203,0.236979,141.6
2026/7/11 10:24,0.302319,0,0,23.157608,0.236979,141.8
2026/7/11 10:24,0.302252,0,0,23.216385,0.236979,142
2026/7/11 10:24,0.302437,0,0,23.275162,0.236979,142.2
2026/7/11 10:24,0.302784,0,1,23.257074,0.236979,142.4
2026/7/11 10:24,0.302959,2,2,23.175694,0.237124,142.6
2026/7/11 10:24,0.303467,2,4,23.293245,0.237124,142.8
2026/7/11 10:24,0.303676,3,4,23.220905,0.239366,143
2026/7/11 10:24,0.30407,3,4,23.216385,0.239439,143.2
2026/7/11 10:24,0.304218,3,3,23.284203,0.239439,143.4
2026/7/11 10:24,0.304628,3,3,23.148567,0.239439,143.6
2026/7/11 10:24,0.305019,3,4,23.216385,0.240668,143.8
2026/7/11 10:24,0.305218,3,4,23.284203,0.241392,144
2026/7/11 10:24,0.305446,3,3,23.175694,0.240958,144.2
2026/7/11 10:24,0.305746,3,4,23.293245,0.241898,144.4
2026/7/11 10:24,0.306032,3,4,23.284203,0.241898,144.6
2026/7/11 10:24,0.306248,3,2,23.175694,0.241898,144.8
2026/7/11 10:24,0.306638,2,3,23.288723,0.241898,145
2026/7/11 10:24,0.306904,3,6,23.293245,0.244285,145.2
2026/7/11 10:24,0.307352,4,6,23.293245,0.243417,145.4
2026/7/11 10:24,0.307557,4,5,23.370106,0.244358,145.6
2026/7/11 10:24,0.307847,3,3,23.293245,0.244358,145.8
2026/7/11 10:24,0.307998,3,3,23.293245,0.244358,146
2026/7/11 10:24,0.30816,3,2,23.379148,0.244358,146.2
2026/7/11 10:24,0.308537,2,3,23.293245,0.244358,146.4
2026/7/11 10:24,0.308729,2,3,23.302288,0.244647,146.6
2026/7/11 10:24,0.308843,2,1,23.428881,0.246817,146.8
2026/7/11 10:24,0.309247,2,3,23.293245,0.246889,147
2026/7/11 10:24,0.309318,2,2,23.302288,0.246889,147.2
2026/7/11 10:24,0.309631,2,3,23.370106,0.246889,147.4
2026/7/11 10:24,0.309678,2,1,23.293245,0.246889,147.6
2026/7/11 10:24,0.309951,2,1,23.302288,0.246889,147.8
2026/7/11 10:24,0.310163,2,1,23.370106,0.246889,148
2026/7/11 10:24,0.310389,2,2,23.293245,0.248047,148.2
2026/7/11 10:24,0.310523,2,2,23.297766,0.249349,148.4
2026/7/11 10:24,0.310816,2,3,23.370106,0.249349,148.6
2026/7/11 10:24,0.311075,2,3,23.293245,0.249349,148.8
2026/7/11 10:24,0.311237,2,2,23.320372,0.249349,149
2026/7/11 10:24,0.311537,2,1,23.333935,0.249349,149.2
2026/7/11 10:24,0.311749,2,4,23.293245,0.249349,149.4
2026/7/11 10:24,0.312062,3,3,23.324894,0.25123,149.6
2026/7/11 10:24,0.312183,2,2,23.428881,0.25123,149.8
2026/7/11 10:24,0.312372,2,1,23.293245,0.251808,150
2026/7/11 10:24,0.312489,2,1,23.311331,0.250579,150.2
2026/7/11 10:24,0.312651,2,1,23.293245,0.251808,150.4
2026/7/11 10:24,0.31291,1,2,23.293245,0.251808,150.6
2026/7/11 10:24,0.313136,2,2,23.302288,0.253038,150.8
2026/7/11 10:24,0.313237,2,1,23.293245,0.253038,151
2026/7/11 10:24,0.313536,2,1,23.293245,0.251808,151.2
2026/7/11 10:24,0.313641,2,1,23.365583,0.253038,151.4
2026/7/11 10:24,0.313907,2,2,23.370106,0.254268,151.6
2026/7/11 10:24,0.313987,2,1,23.293245,0.254268,151.8
2026/7/11 10:24,0.314206,2,1,23.333935,0.254268,152
2026/7/11 10:24,0.314429,1,1,23.370106,0.254268,152.2
2026/7/11 10:24,0.314654,1,1,23.293245,0.254268,152.4
2026/7/11 10:24,0.314769,2,2,23.311331,0.254268,152.6
2026/7/11 10:24,0.31496,2,1,23.293245,0.254268,152.8
2026/7/11 10:24,0.315156,1,1,23.297766,0.254774,153
2026/7/11 10:24,0.315338,1,1,23.428881,0.255425,153.2
2026/7/11 10:24,0.31558,1,1,23.293245,0.256655,153.4
2026/7/11 10:24,0.315634,2,1,23.293245,0.256727,153.6
2026/7/11 10:24,0.315839,1,1,23.297766,0.256727,153.8
2026/7/11 10:24,0.316011,1,1,23.293245,0.256727,154
2026/7/11 10:24,0.316166,1,1,23.293245,0.256727,154.2
2026/7/11 10:24,0.316257,1,1,23.293245,0.256727,154.4
2026/7/11 10:24,0.316442,1,1,23.293245,0.257378,154.6
2026/7/11 10:24,0.316644,1,1,23.306808,0.256872,154.8
2026/7/11 10:24,0.316859,1,1,23.333935,0.259042,155
2026/7/11 10:24,0.316964,1,1,23.293245,0.259187,155.2
2026/7/11 10:24,0.317398,1,2,23.297766,0.259187,155.4
2026/7/11 10:24,0.317543,2,3,23.410797,0.259187,155.6
2026/7/11 10:24,0.317657,2,1,23.293245,0.259187,155.8
2026/7/11 10:24,0.317697,1,1,23.297766,0.259187,156
2026/7/11 10:24,0.317963,1,1,23.428881,0.259187,156.2
2026/7/11 10:24,0.318176,1,1,23.293245,0.259259,156.4
2026/7/11 10:24,0.318307,1,1,23.297766,0.26114,156.6
2026/7/11 10:24,0.318425,1,1,23.293245,0.260561,156.8
2026/7/11 10:24,0.318482,1,0,23.293245,0.260706,157
2026/7/11 10:24,0.318714,1,0,23.302288,0.261646,157.2
2026/7/11 10:24,0.318862,1,1,23.333935,0.261646,157.4
2026/7/11 10:24,0.31898,1,1,23.293245,0.261646,157.6
2026/7/11 10:24,0.319091,1,0,23.329414,0.261646,157.8
2026/7/11 10:24,0.319256,1,1,23.35202,0.261646,158
2026/7/11 10:24,0.319401,1,1,23.293245,0.261646,158.2
2026/7/11 10:24,0.319576,1,1,23.365583,0.2636,158.4
2026/7/11 10:24,0.319616,1,1,23.293245,0.261646,158.6
2026/7/11 10:24,0.319926,1,1,23.293245,0.263889,158.8
2026/7/11 10:24,0.32,1,1,23.324894,0.264034,159
2026/7/11 10:24,0.320169,1,1,23.293245,0.264106,159.2
2026/7/11 10:24,0.320263,1,1,23.293245,0.264106,159.4
2026/7/11 10:24,0.320482,1,1,23.320372,0.264106,159.6
2026/7/11 10:24,0.320562,1,1,23.370106,0.264106,159.8
2026/7/11 10:24,0.320748,1,1,23.293245,0.264106,160
2026/7/11 10:24,0.320886,1,1,23.410797,0.264106,160.2
2026/7/11 10:24,0.321104,1,2,23.293245,0.265987,160.4
2026/7/11 10:24,0.321236,1,1,23.297766,0.264178,160.6
2026/7/11 10:24,0.321391,1,1,23.302288,0.264902,160.8
2026/7/11 10:24,0.321519,1,1,23.293245,0.266638,161
2026/7/11 10:24,0.321646,1,1,23.297766,0.266638,161.2
2026/7/11 10:24,0.321744,1,0,23.35202,0.266638,161.4
2026/7/11 10:24,0.321923,1,0,23.293245,0.266638,161.6
2026/7/11 10:24,0.32204,1,0,23.293245,0.266638,161.8
2026/7/11 10:24,0.322098,1,0,23.297766,0.266638,162
2026/7/11 10:24,0.322145,0,0,23.293245,0.266638,162.2
2026/7/11 10:24,0.32232,0,0,23.302288,0.266638,162.4
2026/7/11 10:24,0.322485,0,0,23.35202,0.268519,162.6
2026/7/11 10:24,0.322609,1,1,23.410797,0.266999,162.8
2026/7/11 10:24,0.322842,1,1,23.293245,0.268663,163
2026/7/11 10:24,0.322939,1,1,23.324894,0.269097,163.2
2026/7/11 10:24,0.323195,1,1,23.293245,0.269097,163.4
2026/7/11 10:24,0.323252,1,1,23.293245,0.269097,163.6
2026/7/11 10:24,0.32337,1,0,23.442446,0.269097,163.8
2026/7/11 10:24,0.323515,1,1,23.293245,0.269097,164
2026/7/11 10:24,0.323643,1,0,23.302288,0.269097,164.2
2026/7/11 10:24,0.32374,1,1,23.410797,0.269097,164.4
2026/7/11 10:24,0.323879,1,1,23.293245,0.270038,164.6
2026/7/11 10:24,0.324047,1,1,23.311331,0.27105,164.8
2026/7/11 10:24,0.324181,1,1,23.311331,0.271412,165
2026/7/11 10:24,0.32437,1,1,23.293245,0.270327,165.2
2026/7/11 10:24,0.324407,1,0,23.329414,0.271557,165.4
2026/7/11 10:24,0.324572,1,0,23.410797,0.271557,165.6
2026/7/11 10:24,0.324703,1,1,23.293245,0.271557,165.8
2026/7/11 10:24,0.324821,1,0,23.293245,0.271557,166
2026/7/11 10:24,0.324862,0,0,23.370106,0.271557,166.2
2026/7/11 10:24,0.324986,0,0,23.293245,0.271557,166.4
2026/7/11 10:24,0.325154,0,1,23.306808,0.271701,166.6
2026/7/11 10:24,0.325319,1,1,23.370106,0.272859,166.8
2026/7/11 10:24,0.32541,1,1,23.293245,0.272786,167
2026/7/11 10:24,0.325656,1,1,23.442446,0.272208,167.2
2026/7/11 10:24,0.325777,1,1,23.293245,0.273076,167.4
2026/7/11 10:24,0.325848,1,0,23.293245,0.274016,167.6
2026/7/11 10:24,0.325952,1,1,23.35202,0.274016,167.8
2026/7/11 10:24,0.326232,1,1,23.293245,0.274016,168
2026/7/11 10:25,0.326417,1,1,23.297766,0.274016,168.2
2026/7/11 10:25,0.326451,1,0,23.410797,0.274016,168.4
2026/7/11 10:25,0.326508,0,0,23.293245,0.274016,168.6
2026/7/11 10:25,0.326673,0,1,23.302288,0.274016,168.8
2026/7/11 10:25,0.326814,1,1,23.320372,0.274089,169
2026/7/11 10:25,0.326939,1,0,23.293245,0.276259,169.2
2026/7/11 10:25,0.327097,1,0,23.297766,0.275391,169.4
2026/7/11 10:25,0.327174,0,1,23.324894,0.276259,169.6
2026/7/11 10:25,0.327222,1,0,23.293245,0.276476,169.8
2026/7/11 10:25,0.327393,0,0,23.297766,0.276476,170
2026/7/11 10:25,0.327551,1,0,23.370106,0.276476,170.2
2026/7/11 10:25,0.327595,0,0,23.293245,0.276476,170.4
2026/7/11 10:25,0.327794,1,0,23.297766,0.276476,170.6
2026/7/11 10:25,0.327851,0,0,23.293245,0.276476,170.8
2026/7/11 10:25,0.328033,0,0,23.293245,0.276476,171
2026/7/11 10:25,0.32809,1,1,23.297766,0.27662,171.2
2026/7/11 10:25,0.328178,0,0,23.410797,0.278791,171.4
2026/7/11 10:25,0.328255,0,0,23.293245,0.278791,171.6
2026/7/11 10:25,0.328454,0,0,23.329414,0.27662,171.8
2026/7/11 10:25,0.328622,1,2,23.410797,0.278935,172
2026/7/11 10:25,0.328784,1,1,23.293245,0.278935,172.2
2026/7/11 10:25,0.328952,1,1,23.315851,0.278935,172.4
2026/7/11 10:25,0.329046,1,0,23.293245,0.278935,172.6
2026/7/11 10:25,0.329228,1,1,23.293245,0.278935,172.8
2026/7/11 10:25,0.329316,1,1,23.329414,0.278935,173
2026/7/11 10:25,0.329427,1,0,23.293245,0.278935,173.2
2026/7/11 10:25,0.329477,0,0,23.293245,0.278935,173.4
2026/7/11 10:25,0.329588,0,0,23.35202,0.278935,173.6
2026/7/11 10:25,0.329679,0,0,23.293245,0.279876,173.8
2026/7/11 10:25,0.329753,0,0,23.297766,0.279514,174
2026/7/11 10:25,0.329975,0,1,23.293245,0.281322,174.2
2026/7/11 10:25,0.330154,1,1,23.293245,0.281178,174.4
2026/7/11 10:25,0.330262,1,1,23.297766,0.280961,174.6
2026/7/11 10:25,0.330373,1,1,23.428881,0.281395,174.8
2026/7/11 10:25,0.330551,1,0,23.370106,0.281395,175
2026/7/11 10:25,0.330484,0,0,23.297766,0.281395,175.2
2026/7/11 10:25,0.330625,0,0,23.410797,0.281395,175.4
2026/7/11 10:25,0.330743,0,0,23.293245,0.281395,175.6
2026/7/11 10:25,0.330851,0,0,23.297766,0.281612,175.8
2026/7/11 10:25,0.331117,0,1,23.446966,0.281467,176
2026/7/11 10:25,0.331248,1,1,23.446966,0.283275,176.2
2026/7/11 10:25,0.331349,1,1,23.446966,0.283854,176.4
2026/7/11 10:25,0.331554,1,1,23.446966,0.283275,176.6
2026/7/11 10:25,0.331645,1,1,23.446966,0.283854,176.8
2026/7/11 10:25,0.331709,0,0,23.446966,0.283637,177
2026/7/11 10:25,0.33178,0,0,23.446966,0.283854,177.2
2026/7/11 10:25,0.331888,0,0,23.446966,0.283854,177.4
2026/7/11 10:25,0.331999,0,0,23.446966,0.283854,177.6
2026/7/11 10:25,0.332137,0,0,23.446966,0.283854,177.8
2026/7/11 10:25,0.332268,0,1,23.446966,0.283854,178
2026/7/11 10:25,0.332484,1,1,23.446966,0.284505,178.2
2026/7/11 10:25,0.332571,1,1,23.446966,0.286314,178.4
2026/7/11 10:25,0.332655,1,0,23.446966,0.286314,178.6
2026/7/11 10:25,0.332756,0,1,23.446966,0.28588,178.8
2026/7/11 10:25,0.332877,0,0,23.446966,0.286314,179
2026/7/11 10:25,0.333069,0,0,23.446966,0.286386,179.2
2026/7/11 10:25,0.333147,0,0,23.370106,0.286386,179.4
2026/7/11 10:25,0.333167,0,0,23.446966,0.286386,179.6
2026/7/11 10:25,0.333345,0,0,23.446966,0.286386,179.8
2026/7/11 10:25,0.333493,1,1,23.446966,0.286386,180
2026/7/11 10:25,0.333544,0,0,23.442446,0.286386,180.2
2026/7/11 10:25,0.333709,0,0,23.446966,0.286386,180.4
2026/7/11 10:25,0.333729,0,0,23.446966,0.287616,180.6
2026/7/11 10:25,0.333833,0,0,23.446966,0.286386,180.8
2026/7/11 10:25,0.334025,1,1,23.329414,0.28682,181
2026/7/11 10:25,0.33416,1,1,23.446966,0.288628,181.2
2026/7/11 10:25,0.334227,0,0,23.446966,0.287833,181.4
2026/7/11 10:25,0.33452,0,1,23.446966,0.288556,181.6
2026/7/11 10:25,0.334581,1,1,23.446966,0.288845,181.8
2026/7/11 10:25,0.334776,1,1,23.446966,0.288845,182
2026/7/11 10:25,0.334854,1,1,23.446966,0.288845,182.2
2026/7/11 10:25,0.335035,1,0,23.446966,0.288845,182.4
2026/7/11 10:25,0.335173,1,0,23.446966,0.288845,182.6
2026/7/11 10:25,0.335254,0,0,23.446966,0.288845,182.8
2026/7/11 10:25,0.335375,0,1,23.442446,0.289352,183
2026/7/11 10:25,0.335544,1,1,23.446966,0.290726,183.2
2026/7/11 10:25,0.335672,1,1,23.446966,0.289424,183.4
2026/7/11 10:25,0.335726,1,0,23.446966,0.291305,183.6
2026/7/11 10:25,0.335803,0,0,23.446966,0.291305,183.8
2026/7/11 10:25,0.33587,0,0,23.446966,0.291016,184
2026/7/11 10:25,0.336089,0,1,23.446966,0.291305,184.2
2026/7/11 10:25,0.336204,1,1,23.446966,0.291305,184.4
2026/7/11 10:25,0.336338,1,1,23.446966,0.291305,184.6
2026/7/11 10:25,0.336439,0,1,23.446966,0.291305,184.8
2026/7/11 10:25,0.336523,0,0,23.370106,0.291305,185
2026/7/11 10:25,0.336608,0,0,23.446966,0.291305,185.2
2026/7/11 10:25,0.336752,0,0,23.446966,0.291305,185.4
2026/7/11 10:25,0.336793,0,0,23.446966,0.291305,185.6
2026/7/11 10:25,0.336985,0,0,23.446966,0.29145,185.8
2026/7/11 10:25,0.337143,0,1,23.446966,0.29333,186
2026/7/11 10:25,0.337224,1,0,23.446966,0.293764,186.2
2026/7/11 10:25,0.337278,1,0,23.446966,0.293547,186.4
2026/7/11 10:25,0.337392,0,0,23.446966,0.293764,186.6
2026/7/11 10:25,0.337587,0,0,23.446966,0.293764,186.8
2026/7/11 10:25,0.337702,0,0,23.437923,0.293764,187
2026/7/11 10:25,0.337833,1,1,23.446966,0.293764,187.2
2026/7/11 10:25,0.337964,1,1,23.446966,0.293764,187.4
2026/7/11 10:25,0.338156,1,1,23.446966,0.293764,187.6
2026/7/11 10:25,0.338281,1,1,23.446966,0.293764,187.8
2026/7/11 10:25,0.338341,1,0,23.446966,0.296224,188
2026/7/11 10:25,0.338466,0,0,23.446966,0.296152,188.2
2026/7/11 10:25,0.338587,0,1,23.446966,0.296152,188.4
2026/7/11 10:25,0.338772,1,1,23.446966,0.296224,188.6
2026/7/11 10:25,0.338867,1,0,23.446966,0.296224,188.8
2026/7/11 10:25,0.338937,0,0,23.446966,0.296224,189
2026/7/11 10:25,0.339119,0,0,23.446966,0.296224,189.2
2026/7/11 10:25,0.339281,0,0,23.329414,0.296224,189.4
2026/7/11 10:25,0.339429,0,1,23.446966,0.296224,189.6
2026/7/11 10:25,0.339473,1,1,23.446966,0.296224,189.8
2026/7/11 10:25,0.339668,1,0,23.446966,0.296224,190
2026/7/11 10:25,0.339772,1,0,23.446966,0.297454,190.2
2026/7/11 10:25,0.339917,0,0,23.446966,0.298683,190.4
2026/7/11 10:25,0.340015,1,1,23.446966,0.296224,190.6
2026/7/11 10:25,0.340085,1,0,23.446966,0.298394,190.8
2026/7/11 10:25,0.34019,0,0,23.446966,0.298683,191
2026/7/11 10:25,0.340277,0,0,23.446966,0.298683,191.2
2026/7/11 10:25,0.340382,0,0,23.446966,0.298683,191.4
2026/7/11 10:25,0.340425,0,0,23.446966,0.298683,191.6
2026/7/11 10:25,0.340523,0,1,23.446966,0.298683,191.8
2026/7/11 10:25,0.340688,1,0,23.446966,0.298683,192
2026/7/11 10:25,0.340826,0,0,23.446966,0.298683,192.2
2026/7/11 10:25,0.340853,0,0,23.446966,0.298973,192.4
2026/7/11 10:25,0.341095,0,0,23.446966,0.298683,192.6
2026/7/11 10:25,0.341156,0,1,23.446966,0.298683,192.8
2026/7/11 10:25,0.341247,1,0,23.446966,0.299913,193
2026/7/11 10:25,0.341314,0,0,23.446966,0.298973,193.2
2026/7/11 10:25,0.341503,0,0,23.446966,0.300203,193.4
2026/7/11 10:25,0.341627,0,1,23.446966,0.301143,193.6
2026/7/11 10:25,0.341843,0,1,23.446966,0.300926,193.8
2026/7/11 10:25,0.341917,1,1,23.446966,0.301143,194
2026/7/11 10:25,0.342051,1,1,23.446966,0.301143,194.2
2026/7/11 10:25,0.342257,1,0,23.446966,0.301143,194.4
2026/7/11 10:25,0.342304,1,1,23.446966,0.301143,194.6
2026/7/11 10:25,0.342523,1,0,23.446966,0.301143,194.8
2026/7/11 10:25,0.342617,1,1,23.446966,0.301288,195
2026/7/11 10:25,0.342762,1,1,23.446966,0.301143,195.2
2026/7/11 10:25,0.342832,1,0,23.446966,0.302662,195.4
2026/7/11 10:25,0.342977,0,0,23.446966,0.303602,195.6
2026/7/11 10:25,0.342997,0,0,23.446966,0.301432,195.8
2026/7/11 10:25,0.343112,0,0,23.446966,0.303458,196
2026/7/11 10:25,0.343179,0,0,23.446966,0.303602,196.2
2026/7/11 10:25,0.343411,0,1,23.446966,0.303602,196.4
2026/7/11 10:25,0.343492,1,1,23.446966,0.303602,196.6
2026/7/11 10:25,0.343667,1,0,23.446966,0.303602,196.8
2026/7/11 10:25,0.343762,1,0,23.446966,0.303602,197
2026/7/11 10:25,0.343836,0,0,23.446966,0.303602,197.2
2026/7/11 10:25,0.343933,0,0,23.446966,0.303602,197.4
2026/7/11 10:25,0.344014,0,0,23.446966,0.303602,197.6
2026/7/11 10:25,0.344166,0,0,23.456009,0.304615,197.8
2026/7/11 10:25,0.344337,0,1,23.591644,0.304253,198
2026/7/11 10:25,0.344418,1,1,23.451488,0.303747,198.2
2026/7/11 10:25,0.344556,1,1,23.483137,0.306062,198.4
2026/7/11 10:25,0.344714,1,1,23.596167,0.306134,198.6
2026/7/11 10:25,0.344805,1,0,23.451488,0.306134,198.8
2026/7/11 10:25,0.344926,0,1,23.483137,0.306134,199
2026/7/11 10:25,0.345037,1,0,23.582603,0.306134,199.2
2026/7/11 10:25,0.34525,1,0,23.456009,0.306134,199.4
2026/7/11 10:25,0.345394,1,1,23.600687,0.306134,199.6
2026/7/11 10:25,0.345455,1,1,23.446966,0.306134,199.8
2026/7/11 10:25,0.345566,0,0,23.483137,0.306279,200
2026/7/11 10:25,0.345734,0,1,23.600687,0.306134,200.2
2026/7/11 10:25,0.345889,1,0,23.451488,0.308304,200.4
2026/7/11 10:25,0.345983,1,0,23.451488,0.308521,200.6
2026/7/11 10:25,0.34601,0,0,23.591644,0.307292,200.8
2026/7/11 10:25,0.346162,0,0,23.528347,0.30816,201
2026/7/11 10:25,0.34629,0,0,23.483137,0.308594,201.2
2026/7/11 10:25,0.346445,0,1,23.596167,0.308594,201.4
2026/7/11 10:25,0.346539,1,1,23.564518,0.308594,201.6
2026/7/11 10:25,0.346667,1,0,23.465052,0.308594,201.8
2026/7/11 10:25,0.346748,0,0,23.591644,0.308594,202
2026/7/11 10:25,0.346909,0,0,23.528347,0.308594,202.2
2026/7/11 10:25,0.34698,1,0,23.483137,0.308666,202.4
2026/7/11 10:25,0.347078,1,0,23.600687,0.308594,202.6
2026/7/11 10:25,0.347243,0,0,23.451488,0.308883,202.8
2026/7/11 10:25,0.347371,0,1,23.523827,0.311053,203
2026/7/11 10:25,0.347424,0,0,23.596167,0.308811,203.2
2026/7/11 10:25,0.347556,0,1,23.451488,0.311053,203.4
2026/7/11 10:25,0.347714,0,0,23.483137,0.310619,203.6
2026/7/11 10:25,0.347899,0,1,23.591644,0.311053,203.8
2026/7/11 10:25,0.347923,0,1,23.451488,0.311053,204
2026/7/11 10:25,0.348044,0,0,23.465052,0.311053,204.2
2026/7/11 10:25,0.348158,0,0,23.596167,0.311053,204.4
2026/7/11 10:25,0.348347,0,0,23.483137,0.311053,204.6
2026/7/11 10:25,0.348455,1,1,23.596167,0.311053,204.8
2026/7/11 10:25,0.34864,1,0,23.523827,0.311053,205
2026/7/11 10:25,0.3487,1,1,23.456009,0.312428,205.2
2026/7/11 10:25,0.348781,0,0,23.483137,0.311343,205.4
2026/7/11 10:25,0.348855,0,0,23.591644,0.313513,205.6
2026/7/11 10:25,0.349024,0,0,23.483137,0.313513,205.8
2026/7/11 10:25,0.349087,0,0,23.600687,0.311632,206
2026/7/11 10:25,0.349249,0,0,23.564518,0.313513,206.2
2026/7/11 10:25,0.34931,1,0,23.465052,0.313513,206.4
2026/7/11 10:25,0.349505,1,1,23.596167,0.313513,206.6
2026/7/11 10:25,0.349656,1,1,23.446966,0.313513,206.8
2026/7/11 10:25,0.349717,0,0,23.456009,0.313513,207
2026/7/11 10:25,0.349788,0,0,23.596167,0.313513,207.2
2026/7/11 10:25,0.349996,0,0,23.478615,0.313513,207.4
2026/7/11 10:25,0.350118,1,1,23.456009,0.313513,207.6
2026/7/11 10:25,0.350161,1,0,23.591644,0.313657,207.8
2026/7/11 10:25,0.350296,0,0,23.523827,0.313802,208
2026/7/11 10:25,0.350424,0,0,23.483137,0.315755,208.2
2026/7/11 10:25,0.350562,0,1,23.591644,0.315828,208.4
2026/7/11 10:25,0.350633,0,0,23.451488,0.315972,208.6
2026/7/11 10:25,0.35069,0,0,23.465052,0.314091,208.8
2026/7/11 10:25,0.350798,0,0,23.591644,0.315972,209
2026/7/11 10:25,0.350942,0,0,23.456009,0.315972,209.2
2026/7/11 10:25,0.351101,0,0,23.523827,0.315972,209.4
2026/7/11 10:25,0.351134,1,0,23.591644,0.315972,209.6
2026/7/11 10:25,0.351282,0,0,23.451488,0.315972,209.8
2026/7/11 10:25,0.351501,0,0,23.465052,0.315972,210
2026/7/11 10:25,0.351572,1,1,23.591644,0.315972,210.2
2026/7/11 10:25,0.351713,0,1,23.451488,0.317781,210.4
2026/7/11 10:25,0.35175,0,0,23.483137,0.317491,210.6
2026/7/11 10:25,0.351905,0,0,23.564518,0.315972,210.8
2026/7/11 10:25,0.351942,0,0,23.456009,0.316551,211
2026/7/11 10:25,0.35209,0,0,23.596167,0.318359,211.2
2026/7/11 10:25,0.352178,0,0,23.523827,0.318432,211.4
2026/7/11 10:25,0.352377,0,0,23.483137,0.318432,211.6
2026/7/11 10:25,0.352441,0,1,23.596167,0.318432,211.8
2026/7/11 10:25,0.352639,1,1,23.582603,0.318432,212
2026/7/11 10:25,0.352757,1,1,23.483137,0.318432,212.2
2026/7/11 10:25,0.352787,0,0,23.523827,0.318432,212.4
2026/7/11 10:25,0.352865,0,0,23.451488,0.318432,212.6
2026/7/11 10:25,0.352929,0,0,23.483137,0.318432,212.8
2026/7/11 10:25,0.35301,0,0,23.596167,0.319372,213
2026/7/11 10:25,0.353114,0,0,23.569038,0.319951,213.2
2026/7/11 10:25,0.353279,0,0,23.483137,0.320602,213.4
2026/7/11 10:25,0.353481,0,0,23.596167,0.318432,213.6
2026/7/11 10:25,0.353518,0,1,23.564518,0.319661,213.8
2026/7/11 10:25,0.35371,0,0,23.465052,0.320891,214
2026/7/11 10:25,0.353774,0,0,23.591644,0.320891,214.2
2026/7/11 10:25,0.353848,0,0,23.451488,0.320891,214.4
2026/7/11 10:25,0.354016,0,0,23.465052,0.320891,214.6
2026/7/11 10:25,0.354181,0,1,23.591644,0.320891,214.8
2026/7/11 10:25,0.354238,1,0,23.564518,0.320891,215
2026/7/11 10:25,0.35442,0,0,23.465052,0.320891,215.2
2026/7/11 10:25,0.354461,0,0,23.582603,0.320891,215.4
2026/7/11 10:25,0.354646,0,0,23.456009,0.321036,215.6
2026/7/11 10:25,0.354767,0,0,23.600687,0.321904,215.8
2026/7/11 10:25,0.354881,0,0,23.564518,0.323423,216
2026/7/11 10:25,0.354918,0,0,23.456009,0.32147,216.2
2026/7/11 10:25,0.355083,0,1,23.600687,0.323351,216.4
2026/7/11 10:25,0.355231,0,0,23.596167,0.323423,216.6
2026/7/11 10:25,0.355319,0,1,23.465052,0.323423,216.8
2026/7/11 10:25,0.35537,0,0,23.600687,0.323423,217
2026/7/11 10:25,0.355504,0,0,23.446966,0.323423,217.2
2026/7/11 10:25,0.355642,0,0,23.483137,0.323423,217.4
2026/7/11 10:25,0.3558,0,0,23.596167,0.323423,217.6
2026/7/11 10:25,0.355875,0,0,23.582603,0.323423,217.8
2026/7/11 10:25,0.355982,0,0,23.465052,0.323423,218
2026/7/11 10:25,0.35608,0,0,23.596167,0.323785,218.2
2026/7/11 10:25,0.356181,0,0,23.451488,0.324074,218.4
2026/7/11 10:25,0.356322,0,0,23.465052,0.324002,218.6
2026/7/11 10:25,0.356406,0,0,23.618773,0.325666,218.8
2026/7/11 10:25,0.356561,0,0,23.600687,0.325883,219
2026/7/11 10:25,0.356642,0,0,23.600687,0.325738,219.2
2026/7/11 10:25,0.356841,0,0,23.600687,0.325883,219.4
2026/7/11 10:25,0.356898,0,1,23.600687,0.325883,219.6
2026/7/11 10:25,0.357049,1,0,23.600687,0.325883,219.8
2026/7/11 10:25,0.357161,0,0,23.600687,0.325883,220
2026/7/11 10:25,0.357288,0,0,23.600687,0.325883,220.2
2026/7/11 10:25,0.357332,0,0,23.605207,0.325883,220.4
2026/7/11 10:25,0.357507,0,0,23.600687,0.325883,220.6
2026/7/11 10:25,0.357575,0,0,23.600687,0.325883,220.8
2026/7/11 10:25,0.357746,0,0,23.600687,0.325955,221
2026/7/11 10:25,0.3578,0,1,23.600687,0.328053,221.2
2026/7/11 10:25,0.357911,1,1,23.600687,0.328197,221.4
2026/7/11 10:25,0.358022,0,0,23.600687,0.328342,221.6
2026/7/11 10:25,0.358174,0,0,23.587124,0.328342,221.8
2026/7/11 10:25,0.358268,0,0,23.465052,0.328342,222
2026/7/11 10:25,0.358325,0,0,23.600687,0.328342,222.2
2026/7/11 10:25,0.35848,0,0,23.564518,0.328342,222.4
2026/7/11 10:25,0.358612,0,1,23.456009,0.328342,222.6
2026/7/11 10:25,0.358689,0,1,23.596167,0.328342,222.8
2026/7/11 10:25,0.358891,0,0,23.582603,0.328342,223
2026/7/11 10:25,0.358955,0,0,23.483137,0.328342,223.2
2026/7/11 10:25,0.359271,1,2,23.600687,0.328342,223.4
2026/7/11 10:25,0.359302,1,1,23.564518,0.328487,223.6
2026/7/11 10:25,0.359457,1,0,23.456009,0.328921,223.8
2026/7/11 10:25,0.359531,0,0,23.596167,0.329282,224
2026/7/11 10:25,0.359635,0,0,23.451488,0.329572,224.2
2026/7/11 10:25,0.35976,0,0,23.523827,0.330729,224.4
2026/7/11 10:25,0.359871,1,1,23.591644,0.330802,224.6
2026/7/11 10:25,0.359965,0,0,23.564518,0.330802,224.8
2026/7/11 10:25,0.360093,0,0,23.483137,0.330802,225
2026/7/11 10:25,0.360224,0,1,23.591644,0.330802,225.2
2026/7/11 10:25,0.360419,1,1,23.573559,0.330802,225.4
2026/7/11 10:25,0.36053,1,1,23.600687,0.330802,225.6
2026/7/11 10:25,0.360638,1,0,23.600687,0.332031,225.8
2026/7/11 10:25,0.360719,0,0,23.600687,0.330802,226
2026/7/11 10:25,0.360817,0,0,23.600687,0.330946,226.2
2026/7/11 10:25,0.360955,0,0,23.600687,0.330874,226.4
2026/7/11 10:25,0.361046,0,0,23.600687,0.332827,226.6
2026/7/11 10:25,0.36112,0,0,23.600687,0.331959,226.8
2026/7/11 10:25,0.361268,0,0,23.600687,0.331887,227
2026/7/11 10:25,0.361355,0,0,23.600687,0.333261,227.2
2026/7/11 10:25,0.361507,0,0,23.618773,0.333261,227.4
2026/7/11 10:25,0.361601,0,1,23.600687,0.333261,227.6
2026/7/11 10:25,0.361682,0,0,23.605207,0.333261,227.8
2026/7/11 10:25,0.361864,0,0,23.718239,0.333261,228
2026/7/11 10:26,0.361931,0,1,23.600687,0.333261,228.2
2026/7/11 10:26,0.362032,0,0,23.600687,0.333261,228.4
2026/7/11 10:26,0.362109,0,0,23.600687,0.333261,228.6
2026/7/11 10:26,0.362241,0,0,23.600687,0.333261,228.8
2026/7/11 10:26,0.362315,0,0,23.600687,0.335503,229
2026/7/11 10:26,0.36251,0,0,23.600687,0.33384,229.2
2026/7/11 10:26,0.36254,0,0,23.600687,0.33478,229.4
2026/7/11 10:26,0.362641,0,0,23.632336,0.33572,229.6
2026/7/11 10:26,0.362783,0,0,23.682068,0.33572,229.8
2026/7/11 10:26,0.363028,0,0,23.600687,0.33572,230
2026/7/11 10:26,0.363028,1,0,23.600687,0.33572,230.2
2026/7/11 10:26,0.363069,0,0,23.600687,0.33572,230.4
2026/7/11 10:26,0.363204,0,0,23.600687,0.33572,230.6
2026/7/11 10:26,0.363298,0,0,23.600687,0.33572,230.8
2026/7/11 10:26,0.363426,0,0,23.600687,0.33572,231
2026/7/11 10:26,0.363564,0,0,23.600687,0.33572,231.2
2026/7/11 10:26,0.363618,0,0,23.600687,0.33572,231.4
2026/7/11 10:26,0.363776,0,0,23.600687,0.336082,231.6
2026/7/11 10:26,0.363816,0,1,23.600687,0.336516,231.8
2026/7/11 10:26,0.363978,0,0,23.600687,0.336806,232
2026/7/11 10:26,0.364045,0,0,23.600687,0.336878,232.2
2026/7/11 10:26,0.364264,0,0,23.600687,0.338108,232.4
2026/7/11 10:26,0.364311,0,1,23.600687,0.33818,232.6
2026/7/11 10:26,0.364442,0,0,23.600687,0.33818,232.8
2026/7/11 10:26,0.36454,0,0,23.600687,0.33818,233
2026/7/11 10:26,0.364631,0,0,23.60973,0.33818,233.2
2026/7/11 10:26,0.364718,0,0,23.600687,0.33818,233.4
2026/7/11 10:26,0.364799,0,0,23.600687,0.33818,233.6
2026/7/11 10:26,0.36489,0,0,23.600687,0.33818,233.8
2026/7/11 10:26,0.364981,0,0,23.600687,0.33818,234
2026/7/11 10:26,0.365045,0,0,23.600687,0.33818,234.2
2026/7/11 10:26,0.365217,0,0,23.600687,0.33818,234.4
2026/7/11 10:26,0.365328,0,0,23.600687,0.340639,234.6
2026/7/11 10:26,0.365429,0,0,23.605207,0.340422,234.8
2026/7/11 10:26,0.365493,0,0,23.600687,0.340495,235
2026/7/11 10:26,0.365685,0,1,23.600687,0.33941,235.2
2026/7/11 10:26,0.36589,1,1,23.600687,0.340133,235.4
2026/7/11 10:26,0.365971,1,0,23.682068,0.340639,235.6
2026/7/11 10:26,0.366011,0,0,23.600687,0.340639,235.8
2026/7/11 10:26,0.366139,0,0,23.600687,0.340639,236
2026/7/11 10:26,0.366324,0,0,23.682068,0.340639,236.2
2026/7/11 10:26,0.366311,0,0,23.600687,0.340639,236.4
2026/7/11 10:26,0.366479,0,0,23.600687,0.340639,236.6
2026/7/11 10:26,0.366493,0,0,23.682068,0.340639,236.8
2026/7/11 10:26,0.366614,0,0,23.600687,0.340639,237
2026/7/11 10:26,0.366769,0,0,23.600687,0.340639,237.2
2026/7/11 10:26,0.366927,0,1,23.600687,0.340639,237.4
2026/7/11 10:26,0.366981,0,0,23.600687,0.340712,237.6
2026/7/11 10:26,0.367146,1,1,23.600687,0.343171,237.8
2026/7/11 10:26,0.36727,0,0,23.600687,0.342086,238
2026/7/11 10:26,0.367358,0,0,23.600687,0.342954,238.2
2026/7/11 10:26,0.367412,0,0,23.605207,0.342231,238.4
2026/7/11 10:26,0.367499,0,0,23.600687,0.343171,238.6
2026/7/11 10:26,0.367577,0,0,23.600687,0.343171,238.8
2026/7/11 10:26,0.367772,0,0,23.659464,0.343171,239
2026/7/11 10:26,0.367742,0,0,23.600687,0.343171,239.2
2026/7/11 10:26,0.367849,0,0,23.600687,0.343171,239.4
2026/7/11 10:26,0.367987,0,0,23.600687,0.343171,239.6
2026/7/11 10:26,0.368119,0,0,23.600687,0.343171,239.8
2026/7/11 10:26,0.368189,0,0,23.605207,0.343171,240
2026/7/11 10:26,0.368381,0,0,23.618773,0.343605,240.2
2026/7/11 10:26,0.368422,0,0,23.600687,0.344401,240.4
2026/7/11 10:26,0.368499,0,0,23.605207,0.345341,240.6
2026/7/11 10:26,0.368506,0,0,23.641378,0.343461,240.8
2026/7/11 10:26,0.368711,0,0,23.600687,0.344618,241
2026/7/11 10:26,0.368765,0,0,23.605207,0.345631,241.2
2026/7/11 10:26,0.368822,0,0,23.600687,0.345631,241.4
2026/7/11 10:26,0.368913,0,0,23.600687,0.345197,241.6
2026/7/11 10:26,0.369193,0,1,23.600687,0.345631,241.8
2026/7/11 10:26,0.369307,1,1,23.600687,0.345631,242
2026/7/11 10:26,0.369401,0,0,23.600687,0.345631,242.2
2026/7/11 10:26,0.369486,0,0,23.600687,0.345631,242.4
2026/7/11 10:26,0.3696,0,0,23.618773,0.345631,242.6
2026/7/11 10:26,0.369735,0,0,23.600687,0.345631,242.8
2026/7/11 10:26,0.369822,0,0,23.600687,0.345631,243
2026/7/11 10:26,0.369846,0,0,23.600687,0.347512,243.2
2026/7/11 10:26,0.369903,0,0,23.600687,0.346137,243.4
2026/7/11 10:26,0.370115,0,0,23.600687,0.34809,243.6
2026/7/11 10:26,0.370216,0,0,23.682068,0.346427,243.8
2026/7/11 10:26,0.37026,0,0,23.600687,0.348018,244
2026/7/11 10:26,0.370317,0,0,23.600687,0.347946,244.2
2026/7/11 10:26,0.370432,0,0,23.600687,0.34809,244.4
2026/7/11 10:26,0.370516,0,0,23.600687,0.34809,244.6
2026/7/11 10:26,0.370698,0,0,23.600687,0.34809,244.8
2026/7/11 10:26,0.370731,0,0,23.600687,0.34809,245
2026/7/11 10:26,0.370883,0,0,23.600687,0.34809,245.2
2026/7/11 10:26,0.37097,0,0,23.600687,0.34809,245.4
2026/7/11 10:26,0.371095,0,0,23.682068,0.34809,245.6
2026/7/11 10:26,0.371172,0,0,23.600687,0.34809,245.8
2026/7/11 10:26,0.371243,0,0,23.60973,0.34932,246
2026/7/11 10:26,0.371347,0,0,23.682068,0.348741,246.2
2026/7/11 10:26,0.371512,0,0,23.600687,0.348741,246.4
2026/7/11 10:26,0.371559,0,0,23.61425,0.348163,246.6
2026/7/11 10:26,0.371623,0,0,23.718239,0.348163,246.8
2026/7/11 10:26,0.371778,0,0,23.600687,0.349465,247
2026/7/11 10:26,0.371913,0,0,23.600687,0.35055,247.2
2026/7/11 10:26,0.37191,0,0,23.682068,0.350405,247.4
2026/7/11 10:26,0.372044,0,0,23.600687,0.35055,247.6
2026/7/11 10:26,0.372132,0,0,23.60973,0.35055,247.8
2026/7/11 10:26,0.37232,0,0,23.600687,0.35055,248
2026/7/11 10:26,0.372364,0,0,23.600687,0.35055,248.2
2026/7/11 10:26,0.372529,0,0,23.600687,0.35055,248.4
2026/7/11 10:26,0.372596,0,0,23.600687,0.35055,248.6
2026/7/11 10:26,0.372664,0,0,23.600687,0.35055,248.8
2026/7/11 10:26,0.372707,0,0,23.600687,0.35055,249
2026/7/11 10:26,0.372869,0,0,23.600687,0.35055,249.2
2026/7/11 10:26,0.37298,0,0,23.605207,0.351997,249.4
2026/7/11 10:26,0.373054,0,0,23.600687,0.350839,249.6
2026/7/11 10:26,0.373105,0,0,23.682068,0.35055,249.8
2026/7/11 10:26,0.373256,0,0,23.600687,0.353009,250
2026/7/11 10:26,0.373297,0,0,23.600687,0.351997,250.2
2026/7/11 10:26,0.373424,0,0,23.600687,0.352937,250.4
2026/7/11 10:26,0.373492,0,0,23.600687,0.353009,250.6
2026/7/11 10:26,0.37361,0,0,23.600687,0.353009,250.8
2026/7/11 10:26,0.373694,0,0,23.600687,0.353009,251
2026/7/11 10:26,0.373795,0,0,23.600687,0.353009,251.2
2026/7/11 10:26,0.373839,0,0,23.618773,0.353009,251.4
2026/7/11 10:26,0.373967,0,0,23.600687,0.353009,251.6
2026/7/11 10:26,0.374071,0,0,23.605207,0.353009,251.8
2026/7/11 10:26,0.374172,0,0,23.682068,0.353009,252
2026/7/11 10:26,0.374337,0,0,23.600687,0.353009,252.2
2026/7/11 10:26,0.374401,0,0,23.60973,0.353226,252.4
2026/7/11 10:26,0.374495,0,0,23.641378,0.353009,252.6
2026/7/11 10:26,0.374529,0,0,23.600687,0.353009,252.8
2026/7/11 10:26,0.37466,0,0,23.60973,0.35489,253
2026/7/11 10:26,0.374684,0,0,23.600687,0.355179,253.2
2026/7/11 10:26,0.374849,0,0,23.600687,0.354962,253.4
2026/7/11 10:26,0.374916,0,0,23.605207,0.355469,253.6
2026/7/11 10:26,0.375,0,0,23.682068,0.353588,253.8
2026/7/11 10:26,0.375077,0,0,23.600687,0.355469,254
2026/7/11 10:26,0.375152,0,0,23.605207,0.355396,254.2
2026/7/11 10:26,0.37531,0,0,23.600687,0.355469,254.4
2026/7/11 10:26,0.375418,0,0,23.600687,0.355469,254.6
2026/7/11 10:26,0.375444,0,0,23.600687,0.355469,254.8
2026/7/11 10:26,0.375545,0,0,23.600687,0.355469,255
2026/7/11 10:26,0.37565,0,0,23.727282,0.355469,255.2
2026/7/11 10:26,0.375818,0,0,23.75893,0.355469,255.4
2026/7/11 10:26,0.375822,0,0,23.75893,0.355469,255.6
2026/7/11 10:26,0.375983,0,0,23.700153,0.355469,255.8
2026/7/11 10:26,0.376064,0,0,23.75893,0.355686,256
2026/7/11 10:26,0.376141,0,0,23.754408,0.356698,256.2
2026/7/11 10:26,0.376219,0,0,23.75893,0.355758,256.4
2026/7/11 10:26,0.37634,0,0,23.75893,0.357422,256.6
2026/7/11 10:26,0.376427,0,0,23.75893,0.356626,256.8
2026/7/11 10:26,0.376498,0,0,23.75893,0.357711,257
2026/7/11 10:26,0.376542,0,0,23.75893,0.357784,257.2
2026/7/11 10:26,0.376653,0,0,23.75893,0.356988,257.4
2026/7/11 10:26,0.376791,0,0,23.75893,0.357928,257.6
2026/7/11 10:26,0.376855,0,0,23.75893,0.357928,257.8
2026/7/11 10:26,0.376892,0,0,23.749886,0.357928,258
2026/7/11 10:26,0.377,0,0,23.75893,0.357928,258.2
2026/7/11 10:26,0.377165,0,0,23.75893,0.357928,258.4
2026/7/11 10:26,0.377225,0,0,23.75893,0.357928,258.6
2026/7/11 10:26,0.377286,0,0,23.641378,0.357928,258.8
2026/7/11 10:26,0.377404,0,0,23.75893,0.357928,259
2026/7/11 10:26,0.377488,0,0,23.727282,0.357928,259.2
2026/7/11 10:26,0.377613,0,0,23.75893,0.358001,259.4
2026/7/11 10:26,0.377703,0,0,23.75893,0.357928,259.6
2026/7/11 10:26,0.377724,0,0,23.727282,0.358218,259.8
2026/7/11 10:26,0.377905,0,0,23.75893,0.359447,260
2026/7/11 10:26,0.377963,0,0,23.75893,0.358724,260.2
2026/7/11 10:26,0.378074,0,0,23.727282,0.359447,260.4
2026/7/11 10:26,0.378107,0,0,23.75893,0.359086,260.6
2026/7/11 10:26,0.378165,0,0,23.75893,0.358218,260.8
2026/7/11 10:26,0.378313,0,0,23.75893,0.360388,261
2026/7/11 10:26,0.378434,0,0,23.75893,0.360388,261.2
2026/7/11 10:26,0.378471,0,0,23.75893,0.360388,261.4
2026/7/11 10:26,0.378525,0,0,23.75893,0.360388,261.6
2026/7/11 10:26,0.378653,0,0,23.75893,0.360388,261.8
2026/7/11 10:26,0.378737,0,0,23.75893,0.360388,262
2026/7/11 10:26,0.378804,0,0,23.745365,0.360388,262.2
2026/7/11 10:26,0.378932,0,0,23.75893,0.360388,262.4
2026/7/11 10:26,0.378976,0,0,23.749886,0.360388,262.6
2026/7/11 10:26,0.379134,0,0,23.75893,0.360677,262.8
2026/7/11 10:26,0.379208,0,0,23.75893,0.36046,263
2026/7/11 10:26,0.379303,0,0,23.749886,0.36046,263.2
2026/7/11 10:26,0.379424,0,0,23.75893,0.361039,263.4
2026/7/11 10:26,0.379464,0,0,23.75893,0.362413,263.6
2026/7/11 10:26,0.379494,0,0,23.749886,0.36292,263.8
2026/7/11 10:26,0.379595,0,0,23.75893,0.36292,264
2026/7/11 10:26,0.379703,0,0,23.75893,0.36292,264.2
2026/7/11 10:26,0.379811,0,0,23.75893,0.36292,264.4
2026/7/11 10:26,0.379912,0,0,23.75893,0.36292,264.6
2026/7/11 10:26,0.379993,0,0,23.75893,0.36292,264.8
2026/7/11 10:26,0.380067,0,0,23.745365,0.36292,265
2026/7/11 10:26,0.380148,0,0,23.641378,0.36292,265.2
2026/7/11 10:26,0.380198,0,0,23.75893,0.36292,265.4
2026/7/11 10:26,0.380336,0,0,23.740845,0.36292,265.6
2026/7/11 10:26,0.380397,0,0,23.641378,0.36292,265.8
2026/7/11 10:26,0.380481,0,0,23.75893,0.36292,266
2026/7/11 10:26,0.380582,0,0,23.75893,0.36292,266.2
2026/7/11 10:26,0.380636,0,0,23.641378,0.363209,266.4
2026/7/11 10:26,0.38074,0,0,23.75893,0.36292,266.6
2026/7/11 10:26,0.380841,0,0,23.745365,0.363064,266.8
2026/7/11 10:26,0.380922,0,0,23.677547,0.364439,267
2026/7/11 10:26,0.380976,0,0,23.754408,0.363498,267.2
2026/7/11 10:26,0.381097,0,0,23.75893,0.364439,267.4
2026/7/11 10:26,0.381144,0,0,23.75893,0.365379,267.6
2026/7/11 10:26,0.381252,0,0,23.75893,0.365379,267.8
2026/7/11 10:26,0.381302,0,0,23.75893,0.365379,268
2026/7/11 10:26,0.381376,0,0,23.75893,0.365379,268.2
2026/7/11 10:26,0.381518,0,0,23.75893,0.365379,268.4
2026/7/11 10:26,0.381592,0,0,23.75893,0.365379,268.6
2026/7/11 10:26,0.381639,0,0,23.75893,0.365379,268.8
2026/7/11 10:26,0.381764,0,0,23.749886,0.365379,269
2026/7/11 10:26,0.381787,0,0,23.700153,0.365379,269.2
2026/7/11 10:26,0.381888,0,0,23.75893,0.365379,269.4
2026/7/11 10:26,0.381932,0,0,23.749886,0.365379,269.6
2026/7/11 10:26,0.38209,0,0,23.700153,0.365379,269.8
2026/7/11 10:26,0.382167,0,0,23.75893,0.365379,270
2026/7/11 10:26,0.382255,0,0,23.75893,0.365451,270.2
2026/7/11 10:26,0.382262,0,0,23.75893,0.365379,270.4
2026/7/11 10:26,0.3824,0,0,23.75893,0.366609,270.6
2026/7/11 10:26,0.382481,0,0,23.745365,0.365958,270.8
2026/7/11 10:26,0.382548,0,0,23.641378,0.366898,271
2026/7/11 10:26,0.382622,0,0,23.75893,0.367839,271.2
2026/7/11 10:26,0.38272,0,0,23.75893,0.367839,271.4
2026/7/11 10:26,0.382804,0,0,23.75893,0.367839,271.6
2026/7/11 10:26,0.382915,0,0,23.75893,0.367405,271.8
2026/7/11 10:26,0.382928,0,0,23.727282,0.367839,272
2026/7/11 10:26,0.383063,0,0,23.75893,0.367839,272.2
2026/7/11 10:26,0.383127,0,0,23.75893,0.367839,272.4
2026/7/11 10:26,0.383191,0,0,23.727282,0.367839,272.6
2026/7/11 10:26,0.383268,0,0,23.75893,0.367839,272.8
2026/7/11 10:26,0.383319,0,0,23.75893,0.367839,273
2026/7/11 10:26,0.38345,0,0,23.75893,0.367839,273.2
2026/7/11 10:26,0.383494,0,0,23.75893,0.367839,273.4
2026/7/11 10:26,0.383615,0,0,23.75893,0.367839,273.6
2026/7/11 10:26,0.383645,0,0,23.75893,0.367839,273.8
2026/7/11 10:26,0.383709,0,0,23.75893,0.369068,274
2026/7/11 10:26,0.383814,0,0,23.75893,0.367839,274.2
2026/7/11 10:26,0.383898,0,0,23.75893,0.369719,274.4
2026/7/11 10:26,0.383969,0,0,23.75893,0.368056,274.6
2026/7/11 10:26,0.384063,0,0,23.740845,0.370226,274.8
2026/7/11 10:26,0.384113,0,0,23.75893,0.370009,275
2026/7/11 10:26,0.384221,0,0,23.75893,0.370298,275.2
2026/7/11 10:26,0.384278,0,0,23.75893,0.370153,275.4
2026/7/11 10:26,0.3844,0,0,23.75893,0.369792,275.6
2026/7/11 10:26,0.384443,0,0,23.75893,0.370298,275.8
2026/7/11 10:26,0.384538,0,0,23.75893,0.370298,276
2026/7/11 10:26,0.384561,0,0,23.641378,0.370298,276.2
2026/7/11 10:26,0.384662,0,0,23.75893,0.370298,276.4
2026/7/11 10:26,0.384756,0,0,23.749886,0.370298,276.6
2026/7/11 10:26,0.38482,0,0,23.641378,0.370298,276.8
2026/7/11 10:26,0.384905,0,0,23.754408,0.370298,277
2026/7/11 10:26,0.384975,0,0,23.745365,0.370298,277.2
2026/7/11 10:26,0.385063,0,0,23.75893,0.370298,277.4
2026/7/11 10:26,0.385123,0,0,23.75893,0.370298,277.6
2026/7/11 10:26,0.385194,0,0,23.727282,0.370298,277.8
2026/7/11 10:26,0.385255,0,0,23.677547,0.370298,278
2026/7/11 10:26,0.385352,0,0,23.75893,0.370443,278.2
2026/7/11 10:26,0.385413,0,0,23.75893,0.371021,278.4
2026/7/11 10:26,0.385497,0,0,23.677547,0.370298,278.6
2026/7/11 10:26,0.385531,0,0,23.75893,0.370587,278.8
2026/7/11 10:26,0.385638,0,0,23.727282,0.372758,279
2026/7/11 10:26,0.385719,0,0,23.75893,0.372613,279.2
2026/7/11 10:26,0.385793,0,0,23.75893,0.371383,279.4
2026/7/11 10:26,0.385834,0,0,23.75893,0.372685,279.6
2026/7/11 10:26,0.385901,0,0,23.75893,0.371817,279.8
2026/7/11 10:26,0.385985,0,0,23.754408,0.372758,280
2026/7/11 10:26,0.386083,0,0,23.677547,0.372758,280.2
2026/7/11 10:26,0.386123,0,0,23.75893,0.372758,280.4
2026/7/11 10:26,0.386194,0,0,23.75893,0.372758,280.6
2026/7/11 10:26,0.386278,0,0,23.677547,0.372758,280.8
2026/7/11 10:26,0.386359,0,0,23.75893,0.372758,281
2026/7/11 10:26,0.386416,0,0,23.754408,0.372758,281.2
2026/7/11 10:26,0.386497,0,0,23.75893,0.372758,281.4
2026/7/11 10:26,0.386605,0,0,23.75893,0.372758,281.6
2026/7/11 10:26,0.386675,0,0,23.75893,0.372758,281.8
2026/7/11 10:26,0.386689,0,0,23.641378,0.372758,282
2026/7/11 10:26,0.386753,0,0,23.75893,0.372758,282.2
2026/7/11 10:26,0.386864,0,0,23.75893,0.372758,282.4
2026/7/11 10:26,0.386948,0,0,23.75893,0.374638,282.6
2026/7/11 10:26,0.387002,0,0,23.75893,0.373987,282.8
2026/7/11 10:26,0.387073,0,0,23.75893,0.37406,283
2026/7/11 10:26,0.38717,0,0,23.795099,0.374132,283.2
2026/7/11 10:26,0.387231,0,0,23.908129,0.373698,283.4
2026/7/11 10:26,0.387281,0,0,23.75893,0.375072,283.6
2026/7/11 10:26,0.387342,0,0,23.777014,0.375217,283.8
2026/7/11 10:26,0.38745,0,0,23.894566,0.375217,284
2026/7/11 10:26,0.387463,0,0,23.763451,0.375217,284.2
2026/7/11 10:26,0.387588,0,0,23.795099,0.375217,284.4
2026/7/11 10:26,0.387601,0,0,23.903608,0.375217,284.6
2026/7/11 10:26,0.387722,0,0,23.75893,0.375217,284.8
2026/7/11 10:26,0.387793,0,0,23.795099,0.375217,285
2026/7/11 10:26,0.387827,0,0,23.87648,0.375217,285.2
2026/7/11 10:26,0.387894,0,0,23.763451,0.375217,285.4
2026/7/11 10:26,0.387968,0,0,23.795099,0.375217,285.6
2026/7/11 10:26,0.388032,0,0,23.894566,0.375217,285.8
2026/7/11 10:26,0.38814,0,0,23.763451,0.375217,286
2026/7/11 10:26,0.388173,0,0,23.831268,0.375217,286.2
2026/7/11 10:26,0.388274,0,0,23.894566,0.375217,286.4
2026/7/11 10:26,0.388298,0,0,23.763451,0.375217,286.6
2026/7/11 10:26,0.388365,0,0,23.908129,0.375217,286.8
2026/7/11 10:26,0.388416,0,0,23.87648,0.375217,287
2026/7/11 10:26,0.388537,0,0,23.767971,0.375506,287.2
2026/7/11 10:26,0.388604,0,0,23.831268,0.375506,287.4
2026/7/11 10:26,0.388682,0,0,23.835791,0.377604,287.6
2026/7/11 10:26,0.388675,0,0,23.767971,0.377098,287.8
2026/7/11 10:26,0.388769,0,0,23.795099,0.377098,288
2026/7/11 10:27,0.388867,0,0,23.835791,0.376519,288.2
2026/7/11 10:27,0.388934,0,0,23.767971,0.377532,288.4
2026/7/11 10:27,0.388961,0,0,23.908129,0.377677,288.6
2026/7/11 10:27,0.389056,0,0,23.835791,0.377677,288.8
2026/7/11 10:27,0.389109,0,0,23.777014,0.377677,289
2026/7/11 10:27,0.389167,0,0,23.908129,0.377677,289.2
2026/7/11 10:27,0.389231,0,0,23.75893,0.377677,289.4
2026/7/11 10:27,0.389305,0,0,23.795099,0.375796,289.6
2026/7/11 10:27,0.389372,0,0,23.903608,0.377677,289.8
2026/7/11 10:27,0.389443,0,0,23.763451,0.377677,290
2026/7/11 10:27,0.389507,0,0,23.795099,0.377677,290.2
2026/7/11 10:27,0.389557,0,0,23.87648,0.377677,290.4
2026/7/11 10:27,0.389601,0,0,23.75893,0.377677,290.6
2026/7/11 10:27,0.389688,0,0,23.795099,0.377677,290.8
2026/7/11 10:27,0.389762,0,0,23.894566,0.377677,291
2026/7/11 10:27,0.389803,0,0,23.763451,0.377677,291.2
2026/7/11 10:27,0.389853,0,0,23.790579,0.377677,291.4
2026/7/11 10:27,0.389917,0,0,23.844831,0.377677,291.6
2026/7/11 10:27,0.390015,0,0,23.763451,0.377677,291.8
2026/7/11 10:27,0.390052,0,0,23.831268,0.379051,292
2026/7/11 10:27,0.390163,0,0,23.87648,0.377749,292.2
2026/7/11 10:27,0.390207,0,0,23.767971,0.378328,292.4
2026/7/11 10:27,0.390254,0,0,23.835791,0.377894,292.6
2026/7/11 10:27,0.390264,0,0,23.835791,0.378979,292.8
2026/7/11 10:27,0.390355,0,0,23.763451,0.380136,293
2026/7/11 10:27,0.390449,0,0,23.817705,0.378834,293.2
2026/7/11 10:27,0.390476,0,0,23.835791,0.380208,293.4
2026/7/11 10:27,0.39053,0,0,23.777014,0.380208,293.6
2026/7/11 10:27,0.390601,0,0,23.908129,0.379991,293.8
2026/7/11 10:27,0.390688,0,0,23.835791,0.380208,294
2026/7/11 10:27,0.390752,0,0,23.777014,0.380208,294.2
2026/7/11 10:27,0.390836,0,0,23.903608,0.380208,294.4
2026/7/11 10:27,0.39087,0,0,23.75893,0.380208,294.6
2026/7/11 10:27,0.390934,0,0,23.795099,0.380208,294.8
2026/7/11 10:27,0.390974,0,0,23.903608,0.380208,295
2026/7/11 10:27,0.391025,0,0,23.763451,0.380208,295.2
2026/7/11 10:27,0.391059,0,0,23.795099,0.380208,295.4
2026/7/11 10:27,0.391129,0,0,23.894566,0.380208,295.6
2026/7/11 10:27,0.39119,0,0,23.763451,0.380208,295.8
2026/7/11 10:27,0.391284,0,0,23.835791,0.380208,296
2026/7/11 10:27,0.391308,0,0,23.87648,0.380208,296.2
2026/7/11 10:27,0.391412,0,0,23.767971,0.380208,296.4
2026/7/11 10:27,0.391436,0,0,23.908129,0.380353,296.6
2026/7/11 10:27,0.391506,0,0,23.87648,0.380425,296.8
2026/7/11 10:27,0.39155,0,0,23.75893,0.380281,297
2026/7/11 10:27,0.391638,0,0,23.908129,0.382595,297.2
2026/7/11 10:27,0.391668,0,0,23.75893,0.380208,297.4
2026/7/11 10:27,0.391718,0,0,23.767971,0.382089,297.6
2026/7/11 10:27,0.391766,0,0,23.908129,0.380787,297.8
2026/7/11 10:27,0.391833,0,0,23.87648,0.38151,298
2026/7/11 10:27,0.391927,0,0,23.777014,0.382089,298.2
2026/7/11 10:27,0.391991,0,0,23.903608,0.380787,298.4
2026/7/11 10:27,0.392059,0,0,23.840311,0.382668,298.6
2026/7/11 10:27,0.392109,0,0,23.777014,0.382668,298.8
2026/7/11 10:27,0.392193,0,0,23.908129,0.382451,299
2026/7/11 10:27,0.392271,0,0,23.835791,0.382668,299.2
2026/7/11 10:27,0.392361,0,0,23.795099,0.382668,299.4
2026/7/11 10:27,0.392409,0,0,23.894566,0.382668,299.6
2026/7/11 10:27,0.392503,0,0,23.75893,0.382668,299.8
2026/7/11 10:27,0.392584,0,0,23.795099,0.382668,300
2026/7/11 10:27,0.392668,0,0,23.894566,0.382668,300.2
2026/7/11 10:27,0.392705,0,0,23.763451,0.382668,300.4
2026/7/11 10:27,0.392759,0,0,23.790579,0.382668,300.6
2026/7/11 10:27,0.39288,0,0,23.87648,0.382668,300.8
2026/7/11 10:27,0.392981,0,0,23.763451,0.382668,301
2026/7/11 10:27,0.393025,0,0,23.908129,0.382668,301.2
2026/7/11 10:27,0.393149,0,0,23.903608,0.382668,301.4
2026/7/11 10:27,0.393196,0,0,23.75893,0.382668,301.6
2026/7/11 10:27,0.393287,0,0,23.835791,0.382668,301.8
2026/7/11 10:27,0.393318,0,0,23.87648,0.382668,302
2026/7/11 10:27,0.393452,0,0,23.763451,0.382668,302.2
2026/7/11 10:27,0.393557,0,0,23.831268,0.382668,302.4
2026/7/11 10:27,0.393614,0,0,23.777014,0.382812,302.6
2026/7/11 10:27,0.393658,0,0,23.763451,0.384042,302.8
2026/7/11 10:27,0.393755,0,0,23.831268,0.382957,303
2026/7/11 10:27,0.393843,0,0,23.75893,0.383753,303.2
2026/7/11 10:27,0.393917,0,0,23.767971,0.383825,303.4
2026/7/11 10:27,0.393998,0,0,23.831268,0.384187,303.6
2026/7/11 10:27,0.394062,0,0,23.835791,0.384042,303.8
2026/7/11 10:27,0.394186,0,0,23.763451,0.385127,304
2026/7/11 10:27,0.394237,0,0,23.908129,0.385127,304.2
2026/7/11 10:27,0.394351,0,0,23.835791,0.385127,304.4
2026/7/11 10:27,0.394385,0,0,23.767971,0.385127,304.6
2026/7/11 10:27,0.394499,0,0,23.831268,0.385127,304.8
2026/7/11 10:27,0.394563,0,0,23.835791,0.385127,305
2026/7/11 10:27,0.394658,0,0,23.767971,0.385127,305.2
2026/7/11 10:27,0.394705,0,0,23.903608,0.385127,305.4
2026/7/11 10:27,0.394829,0,0,23.75893,0.385127,305.6
2026/7/11 10:27,0.394873,0,0,23.777014,0.385127,305.8
2026/7/11 10:27,0.39496,0,0,23.908129,0.385127,306
2026/7/11 10:27,0.394977,0,0,23.835791,0.385127,306.2
2026/7/11 10:27,0.395115,0,0,23.767971,0.385127,306.4
2026/7/11 10:27,0.395213,0,0,23.908129,0.385706,306.6
2026/7/11 10:27,0.39527,0,0,23.835791,0.385127,306.8
2026/7/11 10:27,0.395304,0,0,23.767971,0.385127,307
2026/7/11 10:27,0.395415,0,0,23.908129,0.385561,307.2
2026/7/11 10:27,0.395516,0,0,23.75893,0.385778,307.4
2026/7/11 10:27,0.39559,0,0,23.767971,0.385417,307.6
2026/7/11 10:27,0.395654,0,0,23.903608,0.385489,307.8
2026/7/11 10:27,0.395708,0,0,23.835791,0.386502,308
2026/7/11 10:27,0.395826,0,0,23.795099,0.385634,308.2
2026/7/11 10:27,0.395883,0,0,23.908129,0.386429,308.4
2026/7/11 10:27,0.395987,0,0,23.75893,0.387587,308.6
2026/7/11 10:27,0.396038,0,0,23.777014,0.386285,308.8
2026/7/11 10:27,0.396132,0,0,23.903608,0.387587,309
2026/7/11 10:27,0.396172,0,0,23.763451,0.387587,309.2
2026/7/11 10:27,0.396284,0,0,23.835791,0.386357,309.4
2026/7/11 10:27,0.396317,0,0,23.903608,0.387587,309.6
2026/7/11 10:27,0.396358,0,0,23.763451,0.387587,309.8
2026/7/11 10:27,0.396465,0,0,23.835791,0.387587,310
2026/7/11 10:27,0.39657,0,0,23.894566,0.387587,310.2
2026/7/11 10:27,0.39661,0,0,23.763451,0.387587,310.4
2026/7/11 10:27,0.396738,0,0,23.831268,0.387587,310.6
2026/7/11 10:27,0.396805,0,0,23.894566,0.387587,310.8
2026/7/11 10:27,0.396866,0,0,23.763451,0.387587,311
2026/7/11 10:27,0.396893,0,0,23.908129,0.387587,311.2
2026/7/11 10:27,0.396994,0,0,23.87648,0.387587,311.4
2026/7/11 10:27,0.397092,0,0,23.763451,0.387587,311.6
2026/7/11 10:27,0.397139,0,0,23.908129,0.387587,311.8
2026/7/11 10:27,0.397209,0,0,23.835791,0.387731,312
2026/7/11 10:27,0.397287,0,0,23.767971,0.389468,312.2
2026/7/11 10:27,0.397374,0,0,23.908129,0.388889,312.4
2026/7/11 10:27,0.397435,0,0,23.75893,0.389468,312.6
2026/7/11 10:27,0.397499,0,0,23.777014,0.389468,312.8
2026/7/11 10:27,0.397573,0,0,23.903608,0.388166,313
2026/7/11 10:27,0.397677,0,0,23.75893,0.38954,313.2
2026/7/11 10:27,0.397741,0,0,23.795099,0.388166,313.4
2026/7/11 10:27,0.397788,0,0,23.903608,0.388817,313.6
2026/7/11 10:27,0.397873,0,0,23.75893,0.388383,313.8
2026/7/11 10:27,0.397926,0,0,23.835791,0.388961,314
2026/7/11 10:27,0.398014,0,0,23.903608,0.390046,314.2
2026/7/11 10:27,0.398095,0,0,23.763451,0.388817,314.4
2026/7/11 10:27,0.398122,0,0,23.835791,0.390046,314.6
2026/7/11 10:27,0.398203,0,0,23.835791,0.388166,314.8
2026/7/11 10:27,0.39828,0,0,23.763451,0.389829,315
2026/7/11 10:27,0.398371,0,0,23.795099,0.390046,315.2
2026/7/11 10:27,0.398405,0,0,23.835791,0.390046,315.4
2026/7/11 10:27,0.398475,0,0,23.763451,0.390046,315.6
2026/7/11 10:27,0.398563,0,0,23.795099,0.390046,315.8
2026/7/11 10:27,0.398623,0,0,23.894566,0.390046,316
2026/7/11 10:27,0.398674,0,0,23.75893,0.390046,316.2
2026/7/11 10:27,0.398788,0,0,23.908129,0.390046,316.4
2026/7/11 10:27,0.398883,0,0,23.835791,0.390046,316.6
2026/7/11 10:27,0.398936,0,0,23.767971,0.390046,316.8
2026/7/11 10:27,0.398957,0,0,23.908129,0.390046,317
2026/7/11 10:27,0.399037,0,0,23.835791,0.390046,317.2
2026/7/11 10:27,0.399135,0,0,23.777014,0.390046,317.4
2026/7/11 10:27,0.399192,0,0,23.908129,0.390046,317.6
2026/7/11 10:27,0.39925,0,0,23.75893,0.390046,317.8
2026/7/11 10:27,0.399317,0,0,23.767971,0.390046,318
2026/7/11 10:27,0.399401,0,0,23.894566,0.390046,318.2
2026/7/11 10:27,0.399458,0,0,23.840311,0.390408,318.4
2026/7/11 10:27,0.399536,0,0,23.795099,0.391927,318.6
2026/7/11 10:27,0.399596,0,0,23.903608,0.392289,318.8
2026/7/11 10:27,0.399694,0,0,23.75893,0.390119,319
2026/7/11 10:27,0.399738,0,0,23.767971,0.392289,319.2
2026/7/11 10:27,0.399818,0,0,23.87648,0.391421,319.4
2026/7/11 10:27,0.399849,0,0,23.75893,0.390625,319.6
2026/7/11 10:27,0.399909,0,0,23.831268,0.392506,319.8
2026/7/11 10:27,0.399997,0,0,23.894566,0.392506,320
2026/7/11 10:27,0.400071,0,0,23.763451,0.392506,320.2
2026/7/11 10:27,0.400101,0,0,23.795099,0.392506,320.4
2026/7/11 10:27,0.400222,0,0,23.87648,0.392506,320.6
2026/7/11 10:27,0.396513,0,0,23.763451,0.388166,320.8
2026/7/11 10:27,0.394762,0,0,23.908129,0.387731,321
2026/7/11 10:27,0.39385,0,0,23.75893,0.387587,321.2
2026/7/11 10:27,0.392318,0,0,23.767971,0.387587,321.4
2026/7/11 10:27,0.391516,0,0,23.908129,0.387587,321.6
2026/7/11 10:27,0.391166,0,0,23.835791,0.385706,321.8
2026/7/11 10:27,0.390894,0,0,23.763451,0.386357,322
2026/7/11 10:27,0.390601,0,0,23.908129,0.385561,322.2
2026/7/11 10:27,0.390325,0,0,23.835791,0.385272,322.4
2026/7/11 10:27,0.390156,0,0,23.777014,0.385127,322.6
2026/7/11 10:27,0.390045,0,0,23.908129,0.385127,322.8
2026/7/11 10:27,0.389914,0,0,23.75893,0.385127,323
2026/7/11 10:27,0.389793,0,0,23.777014,0.385127,323.2
2026/7/11 10:27,0.389725,0,0,23.908129,0.385127,323.4
2026/7/11 10:27,0.389645,0,0,23.75893,0.385127,323.6
2026/7/11 10:27,0.389614,0,0,23.777014,0.385127,323.8
2026/7/11 10:27,0.389567,0,0,23.894566,0.385127,324
2026/7/11 10:27,0.389497,0,0,23.763451,0.385127,324.2
2026/7/11 10:27,0.389443,0,0,23.795099,0.384983,324.4
2026/7/11 10:27,0.389416,0,0,23.87648,0.385127,324.6
2026/7/11 10:27,0.389372,0,0,23.75893,0.385127,324.8
2026/7/11 10:27,0.389318,0,0,23.795099,0.385127,325
2026/7/11 10:27,0.389268,0,0,23.87648,0.385127,325.2
2026/7/11 10:27,0.389247,0,0,23.763451,0.385127,325.4
2026/7/11 10:27,0.389177,0,0,23.831268,0.385127,325.6
2026/7/11 10:27,0.389133,0,0,23.87648,0.385127,325.8
2026/7/11 10:27,0.389106,0,0,23.763451,0.385127,326
2026/7/11 10:27,0.389072,0,0,23.908129,0.384693,326.2
2026/7/11 10:27,0.389029,0,0,23.835791,0.385127,326.4
2026/7/11 10:27,0.388981,0,0,23.763451,0.385127,326.6
2026/7/11 10:27,0.388948,0,0,23.908129,0.385127,326.8
2026/7/11 10:27,0.388921,0,0,23.835791,0.383247,327
2026/7/11 10:27,0.38887,0,0,23.763451,0.385127,327.2
2026/7/11 10:27,0.388823,0,0,23.908129,0.383898,327.4
2026/7/11 10:27,0.38879,0,0,23.75893,0.383898,327.6
2026/7/11 10:27,0.388739,0,0,23.777014,0.385127,327.8
2026/7/11 10:27,0.388722,0,0,23.903608,0.383681,328
2026/7/11 10:27,0.388689,0,0,23.75893,0.384187,328.2
2026/7/11 10:27,0.388635,0,0,23.777014,0.384693,328.4
2026/7/11 10:27,0.388594,0,0,23.790579,0.384549,328.6
2026/7/11 10:27,0.388577,0,0,23.75893,0.38303,328.8
2026/7/11 10:27,0.38854,0,0,23.777014,0.384042,329
2026/7/11 10:27,0.3885,0,0,23.881002,0.384042,329.2
2026/7/11 10:27,0.388453,0,0,23.75893,0.383102,329.4
2026/7/11 10:27,0.388439,0,0,23.795099,0.382957,329.6
2026/7/11 10:27,0.388382,0,0,23.903608,0.38397,329.8
2026/7/11 10:27,0.388335,0,0,23.75893,0.383608,330
2026/7/11 10:27,0.388315,0,0,23.795099,0.384838,330.2
2026/7/11 10:27,0.388288,0,0,23.908129,0.383898,330.4
2026/7/11 10:27,0.388251,0,0,23.763451,0.382668,330.6
2026/7/11 10:27,0.388211,0,0,23.777014,0.382885,330.8
2026/7/11 10:27,0.38818,0,0,23.894566,0.38274,331
2026/7/11 10:27,0.388153,0,0,23.763451,0.383898,331.2
2026/7/11 10:27,0.388116,0,0,23.75893,0.382668,331.4
2026/7/11 10:27,0.388086,0,0,23.754408,0.38274,331.6
2026/7/11 10:27,0.388052,0,0,23.641378,0.382812,331.8
2026/7/11 10:27,0.388009,0,0,23.75893,0.382668,332
2026/7/11 10:27,0.387995,0,0,23.75893,0.382668,332.2
2026/7/11 10:27,0.387968,0,0,23.75893,0.383319,332.4
2026/7/11 10:27,0.387928,0,0,23.75893,0.382668,332.6
2026/7/11 10:27,0.387891,0,0,23.75893,0.384549,332.8
2026/7/11 10:27,0.387874,0,0,23.75893,0.382668,333
2026/7/11 10:27,0.387817,0,0,23.75893,0.382668,333.2
2026/7/11 10:27,0.387803,0,0,23.75893,0.382812,333.4
2026/7/11 10:27,0.387763,0,0,23.75893,0.382668,333.6
2026/7/11 10:27,0.387746,0,0,23.75893,0.383898,333.8
2026/7/11 10:27,0.387702,0,0,23.75893,0.382668,334
2026/7/11 10:27,0.387668,0,0,23.75893,0.382668,334.2
2026/7/11 10:27,0.387642,0,0,23.75893,0.382668,334.4
2026/7/11 10:27,0.387615,0,0,23.749886,0.382668,334.6
2026/7/11 10:27,0.387591,0,0,23.75893,0.382668,334.8
2026/7/11 10:27,0.387547,0,0,23.75893,0.382668,335
2026/7/11 10:27,0.38752,0,0,23.75893,0.382668,335.2
2026/7/11 10:27,0.38749,0,0,23.75893,0.382668,335.4
2026/7/11 10:27,0.387477,0,0,23.75893,0.382668,335.6
2026/7/11 10:27,0.387436,0,0,23.75893,0.382668,335.8
2026/7/11 10:27,0.387409,0,0,23.700153,0.382668,336
2026/7/11 10:27,0.387376,0,0,23.75893,0.382668,336.2
2026/7/11 10:27,0.387359,0,0,23.727282,0.382668,336.4
2026/7/11 10:27,0.387342,0,0,23.75893,0.382668,336.6
2026/7/11 10:27,0.387305,0,0,23.75893,0.382668,336.8
2026/7/11 10:27,0.387268,0,0,23.722761,0.382668,337
2026/7/11 10:27,0.387254,0,0,23.677547,0.382668,337.2
2026/7/11 10:27,0.387214,0,0,23.75893,0.382668,337.4
2026/7/11 10:27,0.387187,0,0,23.75893,0.382668,337.6
2026/7/11 10:27,0.387157,0,0,23.75893,0.382668,337.8
2026/7/11 10:27,0.387147,0,0,23.754408,0.382668,338
2026/7/11 10:27,0.387113,0,0,23.727282,0.382668,338.2
2026/7/11 10:27,0.387083,0,0,23.75893,0.382668,338.4
2026/7/11 10:27,0.387059,0,0,23.75893,0.382668,338.6
2026/7/11 10:27,0.387042,0,0,23.75893,0.382668,338.8
2026/7/11 10:27,0.387015,0,0,23.75893,0.382668,339
2026/7/11 10:27,0.386982,0,0,23.749886,0.382668,339.2
2026/7/11 10:27,0.386955,0,0,23.75893,0.382668,339.4
2026/7/11 10:27,0.386928,0,0,23.75893,0.382668,339.6
2026/7/11 10:27,0.386908,0,0,23.749886,0.382668,339.8
2026/7/11 10:27,0.386891,0,0,23.75893,0.382668,340
2026/7/11 10:27,0.386854,0,0,23.75893,0.382668,340.2
2026/7/11 10:27,0.386827,0,0,23.749886,0.382668,340.4
2026/7/11 10:27,0.386817,0,0,23.75893,0.382668,340.6
2026/7/11 10:27,0.386776,0,0,23.75893,0.382668,340.8
2026/7/11 10:27,0.386763,0,0,23.75893,0.382668,341
2026/7/11 10:27,0.386733,0,0,23.641378,0.382668,341.2
2026/7/11 10:27,0.386722,0,0,23.75893,0.382668,341.4
2026/7/11 10:27,0.386682,0,0,23.749886,0.382668,341.6
2026/7/11 10:27,0.386655,0,0,23.641378,0.382668,341.8
2026/7/11 10:27,0.386642,0,0,23.75893,0.382668,342
2026/7/11 10:27,0.386621,0,0,23.727282,0.382668,342.2
2026/7/11 10:27,0.386598,0,0,23.75893,0.382668,342.4
2026/7/11 10:27,0.386571,0,0,23.75893,0.381438,342.6
2026/7/11 10:27,0.386551,0,0,23.745365,0.382668,342.8
2026/7/11 10:27,0.386524,0,0,23.75893,0.382668,343
2026/7/11 10:27,0.386507,0,0,23.75893,0.382668,343.2
2026/7/11 10:27,0.38649,0,0,23.727282,0.382668,343.4
2026/7/11 10:27,0.386463,0,0,23.677547,0.382668,343.6
2026/7/11 10:27,0.386436,0,0,23.75893,0.382668,343.8
2026/7/11 10:27,0.386423,0,0,23.745365,0.382668,344
2026/7/11 10:27,0.386396,0,0,23.677547,0.382378,344.2
2026/7/11 10:27,0.386386,0,0,23.75893,0.382668,344.4
2026/7/11 10:27,0.386352,0,0,23.75893,0.380498,344.6
2026/7/11 10:27,0.386342,0,0,23.75893,0.382523,344.8
2026/7/11 10:27,0.386312,0,0,23.754408,0.382668,345
2026/7/11 10:27,0.386288,0,0,23.745365,0.382668,345.2
2026/7/11 10:27,0.386268,0,0,23.75893,0.382668,345.4
2026/7/11 10:27,0.386258,0,0,23.75893,0.382161,345.6
2026/7/11 10:27,0.386228,0,0,23.75893,0.381727,345.8
2026/7/11 10:27,0.386207,0,0,23.75893,0.381727,346
2026/7/11 10:27,0.386187,0,0,23.749886,0.382378,346.2
2026/7/11 10:27,0.386164,0,0,23.700153,0.381366,346.4
2026/7/11 10:27,0.386154,0,0,23.75893,0.382089,346.6
2026/7/11 10:27,0.386123,0,0,23.75893,0.382668,346.8
2026/7/11 10:27,0.386106,0,0,23.75893,0.382668,347
2026/7/11 10:27,0.38609,0,0,23.75893,0.382668,347.2
2026/7/11 10:27,0.386069,0,0,23.75893,0.382668,347.4
2026/7/11 10:27,0.386042,0,0,23.700153,0.382668,347.6
2026/7/11 10:27,0.386029,0,0,23.75893,0.382523,347.8
2026/7/11 10:27,0.386012,0,0,23.75893,0.382378,348
2026/7/11 10:28,0.385999,0,0,23.641378,0.382668,348.2
2026/7/11 10:28,0.385965,0,0,23.75893,0.382451,348.4
2026/7/11 10:28,0.385948,0,0,23.745365,0.382668,348.6
2026/7/11 10:28,0.385938,0,0,23.75893,0.382668,348.8
2026/7/11 10:28,0.385918,0,0,23.75893,0.382668,349
2026/7/11 10:28,0.385901,0,0,23.75893,0.380281,349.2
2026/7/11 10:28,0.385877,0,0,23.75893,0.382378,349.4
2026/7/11 10:28,0.385857,0,0,23.75893,0.382523,349.6
2026/7/11 10:28,0.385837,0,0,23.740845,0.380353,349.8
2026/7/11 10:28,0.385824,0,0,23.75893,0.380281,350
2026/7/11 10:28,0.385797,0,0,23.75893,0.381293,350.2
2026/7/11 10:28,0.38579,0,0,23.75893,0.380281,350.4
2026/7/11 10:28,0.385766,0,0,23.75893,0.380353,350.6
2026/7/11 10:28,0.385753,0,0,23.75893,0.382378,350.8
2026/7/11 10:28,0.385726,0,0,23.722761,0.381438,351
2026/7/11 10:28,0.385716,0,0,23.75893,0.38057,351.2
2026/7/11 10:28,0.385696,0,0,23.75893,0.380281,351.4
2026/7/11 10:28,0.385686,0,0,23.727282,0.380208,351.6
2026/7/11 10:28,0.385659,0,0,23.75893,0.380281,351.8
2026/7/11 10:28,0.385635,0,0,23.75893,0.380208,352
2026/7/11 10:28,0.385618,0,0,23.75893,0.380208,352.2
2026/7/11 10:28,0.385605,0,0,23.75893,0.380787,352.4
2026/7/11 10:28,0.385588,0,0,23.75893,0.38151,352.6
2026/7/11 10:28,0.385568,0,0,23.75893,0.380208,352.8
2026/7/11 10:28,0.385554,0,0,23.75893,0.380208,353
2026/7/11 10:28,0.385527,0,0,23.75893,0.380208,353.2
2026/7/11 10:28,0.385521,0,0,23.700153,0.380208,353.4
2026/7/11 10:28,0.3855,0,0,23.75893,0.382089,353.6
2026/7/11 10:28,0.385484,0,0,23.754408,0.380208,353.8
2026/7/11 10:28,0.385467,0,0,23.75893,0.380859,354
2026/7/11 10:28,0.38545,0,0,23.75893,0.38057,354.2
2026/7/11 10:28,0.385433,0,0,23.745365,0.380425,354.4
2026/7/11 10:28,0.38542,0,0,23.677547,0.380208,354.6
2026/7/11 10:28,0.385393,0,0,23.75893,0.380208,354.8
2026/7/11 10:28,0.385386,0,0,23.749886,0.380208,355
2026/7/11 10:28,0.385362,0,0,23.641378,0.380208,355.2
2026/7/11 10:28,0.385349,0,0,23.75893,0.380208,355.4
2026/7/11 10:28,0.385335,0,0,23.749886,0.380498,355.6
2026/7/11 10:28,0.385319,0,0,23.75893,0.380932,355.8
2026/7/11 10:28,0.385305,0,0,23.75893,0.380208,356
2026/7/11 10:28,0.385288,0,0,23.727282,0.380208,356.2
2026/7/11 10:28,0.385268,0,0,23.75893,0.380498,356.4
2026/7/11 10:28,0.385248,0,0,23.75893,0.380208,356.6
2026/7/11 10:28,0.385241,0,0,23.75893,0.380208,356.8
2026/7/11 10:28,0.385218,0,0,23.75893,0.380208,357
2026/7/11 10:28,0.385208,0,0,23.75893,0.380208,357.2
2026/7/11 10:28,0.385191,0,0,23.700153,0.380208,357.4
2026/7/11 10:28,0.385181,0,0,23.75893,0.380208,357.6
2026/7/11 10:28,0.385147,0,0,23.75893,0.380208,357.8
2026/7/11 10:28,0.385147,0,0,23.75893,0.380281,358
2026/7/11 10:28,0.38513,0,0,23.75893,0.380208,358.2
2026/7/11 10:28,0.385123,0,0,23.75893,0.380208,358.4
2026/7/11 10:28,0.385096,0,0,23.75893,0.380208,358.6
2026/7/11 10:28,0.385073,0,0,23.75893,0.380208,358.8
2026/7/11 10:28,0.385066,0,0,23.75893,0.380208,359
2026/7/11 10:28,0.385053,0,0,23.75893,0.380208,359.2
2026/7/11 10:28,0.385036,0,0,23.75893,0.380208,359.4
2026/7/11 10:28,0.385016,0,0,23.749886,0.380208,359.6
2026/7/11 10:28,0.385009,0,0,23.75893,0.380208,359.8
2026/7/11 10:28,0.384989,0,0,23.75893,0.380208,360
2026/7/11 10:28,0.384975,0,0,23.749886,0.380208,360.2
2026/7/11 10:28,0.384952,0,0,23.75893,0.380208,360.4
2026/7/11 10:28,0.384948,0,0,23.75893,0.380208,360.6
2026/7/11 10:28,0.384925,0,0,23.75893,0.380208,360.8
2026/7/11 10:28,0.384918,0,0,23.677547,0.380208,361
2026/7/11 10:28,0.384898,0,0,23.75893,0.380208,361.2
2026/7/11 10:28,0.384894,0,0,23.727282,0.380208,361.4
2026/7/11 10:28,0.384871,0,0,23.75893,0.380208,361.6
2026/7/11 10:28,0.384864,0,0,23.75893,0.380208,361.8
2026/7/11 10:28,0.384847,0,0,23.700153,0.380208,362
2026/7/11 10:28,0.38483,0,0,23.677547,0.380208,362.2
2026/7/11 10:28,0.384817,0,0,23.749886,0.380208,362.4
2026/7/11 10:28,0.384804,0,0,23.749886,0.380208,362.6
2026/7/11 10:28,0.38479,0,0,23.75893,0.380208,362.8
2026/7/11 10:28,0.38477,0,0,23.727282,0.380208,363
2026/7/11 10:28,0.384763,0,0,23.75893,0.380208,363.2
2026/7/11 10:28,0.384743,0,0,23.75893,0.380208,363.4
2026/7/11 10:28,0.384733,0,0,23.754408,0.380208,363.6
2026/7/11 10:28,0.384716,0,0,23.700153,0.380208,363.8
2026/7/11 10:28,0.384706,0,0,23.75893,0.380208,364
2026/7/11 10:28,0.384682,0,0,23.75893,0.380208,364.2
2026/7/11 10:28,0.384679,0,0,23.677547,0.380208,364.4
2026/7/11 10:28,0.384655,0,0,23.75893,0.380208,364.6
2026/7/11 10:28,0.384655,0,0,23.754408,0.380208,364.8
2026/7/11 10:28,0.384632,0,0,23.75893,0.380208,365
2026/7/11 10:28,0.384622,0,0,23.75893,0.380208,365.2
2026/7/11 10:28,0.384602,0,0,23.75893,0.380208,365.4
2026/7/11 10:28,0.384588,0,0,23.677547,0.380208,365.6
2026/7/11 10:28,0.384581,0,0,23.75893,0.380208,365.8
2026/7/11 10:28,0.384571,0,0,23.75893,0.380208,366
2026/7/11 10:28,0.384554,0,0,23.75893,0.380208,366.2
2026/7/11 10:28,0.384544,0,0,23.75893,0.380208,366.4
2026/7/11 10:28,0.384527,0,0,23.740845,0.380208,366.6
2026/7/11 10:28,0.384511,0,0,23.75893,0.380208,366.8
2026/7/11 10:28,0.384504,0,0,23.75893,0.380208,367
2026/7/11 10:28,0.38448,0,0,23.75893,0.380208,367.2
2026/7/11 10:28,0.384477,0,0,23.75893,0.380208,367.4
2026/7/11 10:28,0.38446,0,0,23.75893,0.380208,367.6
2026/7/11 10:28,0.384453,0,0,23.745365,0.380208,367.8
2026/7/11 10:28,0.38443,0,0,23.75893,0.380208,368
2026/7/11 10:28,0.384426,0,0,23.75893,0.380208,368.2
2026/7/11 10:28,0.384413,0,0,23.75893,0.380208,368.4
2026/7/11 10:28,0.384403,0,0,23.75893,0.380208,368.6
2026/7/11 10:28,0.384379,0,0,23.749886,0.380208,368.8
2026/7/11 10:28,0.384373,0,0,23.727282,0.380208,369
2026/7/11 10:28,0.384363,0,0,23.75893,0.380208,369.2
2026/7/11 10:28,0.384349,0,0,23.75893,0.380208,369.4
2026/7/11 10:28,0.384336,0,0,23.700153,0.380208,369.6
2026/7/11 10:28,0.384319,0,0,23.75893,0.380208,369.8
2026/7/11 10:28,0.384309,0,0,23.75893,0.380208,370
2026/7/11 10:28,0.384299,0,0,23.75893,0.379268,370.2
2026/7/11 10:28,0.384288,0,0,23.75893,0.380208,370.4
2026/7/11 10:28,0.384275,0,0,23.754408,0.380208,370.6
2026/7/11 10:28,0.384265,0,0,23.75893,0.380208,370.8
2026/7/11 10:28,0.384248,0,0,23.75893,0.380136,371
2026/7/11 10:28,0.384245,0,0,23.75893,0.380208,371.2
2026/7/11 10:28,0.384228,0,0,23.641378,0.380208,371.4
2026/7/11 10:28,0.384208,0,0,23.75893,0.380208,371.6
2026/7/11 10:28,0.384198,0,0,23.749886,0.380208,371.8
2026/7/11 10:28,0.384194,0,0,23.727282,0.380208,372
2026/7/11 10:28,0.384174,0,0,23.75893,0.380208,372.2
2026/7/11 10:28,0.384161,0,0,23.749886,0.380208,372.4
2026/7/11 10:28,0.384147,0,0,23.75893,0.380208,372.6
2026/7/11 10:28,0.384144,0,0,23.75893,0.380208,372.8
2026/7/11 10:28,0.38413,0,0,23.75893,0.380208,373
2026/7/11 10:28,0.384113,0,0,23.75893,0.380208,373.2
2026/7/11 10:28,0.384103,0,0,23.749886,0.380208,373.4
2026/7/11 10:28,0.384086,0,0,23.75893,0.379991,373.6
2026/7/11 10:28,0.384083,0,0,23.75893,0.379991,373.8
2026/7/11 10:28,0.38407,0,0,23.75893,0.380208,374
2026/7/11 10:28,0.38406,0,0,23.745365,0.380208,374.2
2026/7/11 10:28,0.384039,0,0,23.75893,0.380208,374.4
2026/7/11 10:28,0.384039,0,0,23.75893,0.380064,374.6
2026/7/11 10:28,0.384022,0,0,23.745365,0.380208,374.8
2026/7/11 10:28,0.384016,0,0,23.75893,0.379991,375
2026/7/11 10:28,0.383999,0,0,23.749886,0.378906,375.2
2026/7/11 10:28,0.383992,0,0,23.700153,0.380208,375.4
2026/7/11 10:28,0.383979,0,0,23.75893,0.379268,375.6
2026/7/11 10:28,0.383972,0,0,23.75893,0.380208,375.8
2026/7/11 10:28,0.383959,0,0,23.75893,0.380208,376
2026/7/11 10:28,0.383948,0,0,23.75893,0.380208,376.2
2026/7/11 10:28,0.383942,0,0,23.722761,0.379991,376.4
2026/7/11 10:28,0.383925,0,0,23.75893,0.380208,376.6
2026/7/11 10:28,0.383921,0,0,23.75893,0.380064,376.8
2026/7/11 10:28,0.383901,0,0,23.749886,0.379702,377
2026/7/11 10:28,0.383898,0,0,23.75893,0.380208,377.2
2026/7/11 10:28,0.383878,0,0,23.75893,0.379702,377.4
2026/7/11 10:28,0.383871,0,0,23.75893,0.379196,377.6
2026/7/11 10:28,0.383861,0,0,23.75893,0.380208,377.8
2026/7/11 10:28,0.383858,0,0,23.75893,0.379268,378
2026/7/11 10:28,0.383841,0,0,23.749886,0.380136,378.2
2026/7/11 10:28,0.383817,0,0,23.641378,0.380208,378.4
2026/7/11 10:28,0.383814,0,0,23.75893,0.379268,378.6
2026/7/11 10:28,0.383807,0,0,23.75893,0.379123,378.8
2026/7/11 10:28,0.383797,0,0,23.700153,0.380136,379
2026/7/11 10:28,0.383787,0,0,23.75893,0.380208,379.2
2026/7/11 10:28,0.383773,0,0,23.75893,0.379919,379.4
2026/7/11 10:28,0.38377,0,0,23.641378,0.37963,379.6
2026/7/11 10:28,0.383757,0,0,23.75893,0.380064,379.8
2026/7/11 10:28,0.383743,0,0,23.75893,0.378038,380
2026/7/11 10:28,0.383726,0,0,23.75893,0.380208,380.2
2026/7/11 10:28,0.383726,0,0,23.754408,0.378906,380.4
2026/7/11 10:28,0.383706,0,0,23.745365,0.380208,380.6
2026/7/11 10:28,0.383706,0,0,23.75893,0.378038,380.8
2026/7/11 10:28,0.383689,0,0,23.75893,0.380208,381
2026/7/11 10:28,0.383686,0,0,23.75893,0.379123,381.2
2026/7/11 10:28,0.383662,0,0,23.75893,0.380208,381.4
2026/7/11 10:28,0.383662,0,0,23.75893,0.379919,381.6
2026/7/11 10:28,0.383649,0,0,23.700153,0.380208,381.8
2026/7/11 10:28,0.383642,0,0,23.75893,0.379991,382
2026/7/11 10:28,0.383625,0,0,23.754408,0.380136,382.2
2026/7/11 10:28,0.383615,0,0,23.727282,0.380136,382.4
2026/7/11 10:28,0.383608,0,0,23.75893,0.378038,382.6
2026/7/11 10:28,0.383598,0,0,23.754408,0.380064,382.8
2026/7/11 10:28,0.383585,0,0,23.618773,0.380208,383
2026/7/11 10:28,0.383571,0,0,23.75893,0.379051,383.2
2026/7/11 10:28,0.383571,0,0,23.75893,0.378906,383.4
2026/7/11 10:28,0.383565,0,0,23.75893,0.379051,383.6
2026/7/11 10:28,0.383548,0,0,23.75893,0.379702,383.8
2026/7/11 10:28,0.383531,0,0,23.754408,0.378979,384
2026/7/11 10:28,0.383534,0,0,23.641378,0.380064,384.2
2026/7/11 10:28,0.383524,0,0,23.75893,0.379268,384.4
2026/7/11 10:28,0.383507,0,0,23.754408,0.378689,384.6
2026/7/11 10:28,0.383494,0,0,23.75893,0.380136,384.8
2026/7/11 10:28,0.383491,0,0,23.75893,0.378328,385
2026/7/11 10:28,0.38348,0,0,23.745365,0.377749,385.2
2026/7/11 10:28,0.38347,0,0,23.618773,0.379991,385.4
2026/7/11 10:28,0.38346,0,0,23.75893,0.380064,385.6
2026/7/11 10:28,0.383454,0,0,23.75893,0.380064,385.8
2026/7/11 10:28,0.383437,0,0,23.75893,0.377966,386
2026/7/11 10:28,0.38343,0,0,23.75893,0.379919,386.2
2026/7/11 10:28,0.383423,0,0,23.75893,0.378255,386.4
2026/7/11 10:28,0.383413,0,0,23.75893,0.378328,386.6
2026/7/11 10:28,0.3834,0,0,23.75893,0.379268,386.8
2026/7/11 10:28,0.383396,0,0,23.75893,0.378183,387
2026/7/11 10:28,0.383393,0,0,23.75893,0.379702,387.2
2026/7/11 10:28,0.383376,0,0,23.75893,0.378472,387.4
2026/7/11 10:28,0.383366,0,0,23.722761,0.378183,387.6
2026/7/11 10:28,0.383353,0,0,23.677547,0.380136,387.8
2026/7/11 10:28,0.383349,0,0,23.75893,0.380208,388
2026/7/11 10:28,0.383336,0,0,23.75893,0.379919,388.2
2026/7/11 10:28,0.383326,0,0,23.75893,0.379268,388.4
2026/7/11 10:28,0.383319,0,0,23.75893,0.377894,388.6
2026/7/11 10:28,0.383316,0,0,23.75893,0.378183,388.8
2026/7/11 10:28,0.383299,0,0,23.75893,0.377821,389
2026/7/11 10:28,0.383285,0,0,23.75893,0.378183,389.2
2026/7/11 10:28,0.383285,0,0,23.75893,0.378328,389.4
2026/7/11 10:28,0.383268,0,0,23.75893,0.377677,389.6
2026/7/11 10:28,0.383265,0,0,23.75893,0.377966,389.8
2026/7/11 10:28,0.383252,0,0,23.700153,0.378328,390
2026/7/11 10:28,0.383248,0,0,23.75893,0.379051,390.2
2026/7/11 10:28,0.383238,0,0,23.75893,0.377894,390.4
2026/7/11 10:28,0.383228,0,0,23.745365,0.377677,390.6
2026/7/11 10:28,0.383221,0,0,23.75893,0.380136,390.8
2026/7/11 10:28,0.383208,0,0,23.75893,0.377966,391
2026/7/11 10:28,0.383194,0,0,23.700153,0.378979,391.2
2026/7/11 10:28,0.383188,0,0,23.75893,0.377749,391.4
2026/7/11 10:28,0.383174,0,0,23.75893,0.377894,391.6
2026/7/11 10:28,0.383171,0,0,23.75893,0.377677,391.8
2026/7/11 10:28,0.383161,0,0,23.75893,0.378183,392
2026/7/11 10:28,0.383151,0,0,23.75893,0.378617,392.2
2026/7/11 10:28,0.38314,0,0,23.75893,0.378038,392.4
2026/7/11 10:28,0.38313,0,0,23.677547,0.377821,392.6
2026/7/11 10:28,0.383127,0,0,23.745365,0.379268,392.8
2026/7/11 10:28,0.38312,0,0,23.618773,0.378038,393
2026/7/11 10:28,0.383107,0,0,23.75893,0.377677,393.2
2026/7/11 10:28,0.3831,0,0,23.749886,0.378979,393.4
2026/7/11 10:28,0.383093,0,0,23.700153,0.377677,393.6
2026/7/11 10:28,0.38308,0,0,23.75893,0.377749,393.8
2026/7/11 10:28,0.383076,0,0,23.745365,0.377821,394
2026/7/11 10:28,0.383066,0,0,23.75893,0.377677,394.2
2026/7/11 10:28,0.383056,0,0,23.75893,0.377966,394.4
2026/7/11 10:28,0.38305,0,0,23.75893,0.377677,394.6
2026/7/11 10:28,0.383036,0,0,23.700153,0.378038,394.8
2026/7/11 10:28,0.383026,0,0,23.75893,0.377749,395
2026/7/11 10:28,0.383023,0,0,23.722761,0.378979,395.2
2026/7/11 10:28,0.383013,0,0,23.75893,0.377821,395.4
2026/7/11 10:28,0.383006,0,0,23.75893,0.377677,395.6
2026/7/11 10:28,0.382992,0,0,23.75893,0.377677,395.8
2026/7/11 10:28,0.382986,0,0,23.677547,0.377821,396
2026/7/11 10:28,0.382986,0,0,23.75893,0.377677,396.2
2026/7/11 10:28,0.382975,0,0,23.75893,0.377894,396.4
2026/7/11 10:28,0.382959,0,0,23.75893,0.377677,396.6
2026/7/11 10:28,0.382955,0,0,23.75893,0.377677,396.8
2026/7/11 10:28,0.382949,0,0,23.749886,0.377749,397
2026/7/11 10:28,0.382938,0,0,23.75893,0.377749,397.2
2026/7/11 10:28,0.382925,0,0,23.75893,0.378979,397.4
2026/7/11 10:28,0.382928,0,0,23.75893,0.377821,397.6
2026/7/11 10:28,0.382918,0,0,23.75893,0.377677,397.8
2026/7/11 10:28,0.382908,0,0,23.75893,0.377677,398
2026/7/11 10:28,0.382895,0,0,23.745365,0.377677,398.2
2026/7/11 10:28,0.382888,0,0,23.677547,0.377966,398.4
2026/7/11 10:28,0.382885,0,0,23.75893,0.377966,398.6
2026/7/11 10:28,0.382871,0,0,23.75893,0.378328,398.8
2026/7/11 10:28,0.382858,0,0,23.75893,0.378979,399
2026/7/11 10:28,0.382861,0,0,23.754408,0.377677,399.2
2026/7/11 10:28,0.382844,0,0,23.700153,0.377677,399.4
2026/7/11 10:28,0.382844,0,0,23.75893,0.377677,399.6
2026/7/11 10:28,0.382837,0,0,23.75893,0.377749,399.8
2026/7/11 10:28,0.382827,0,0,23.75893,0.377677,400
2026/7/11 10:28,0.382814,0,0,23.75893,0.37963,400.2
2026/7/11 10:28,0.382804,0,0,23.754408,0.377677,400.4
2026/7/11 10:28,0.382797,0,0,23.75893,0.377677,400.6
2026/7/11 10:28,0.38279,0,0,23.75893,0.377677,400.8
2026/7/11 10:28,0.38278,0,0,23.75893,0.377677,401
2026/7/11 10:28,0.382773,0,0,23.60973,0.377677,401.2
2026/7/11 10:28,0.382767,0,0,23.75893,0.379557,401.4
2026/7/11 10:28,0.382757,0,0,23.749886,0.377677,401.6
2026/7/11 10:28,0.38275,0,0,23.691113,0.377677,401.8
2026/7/11 10:28,0.382736,0,0,23.75893,0.377677,402
2026/7/11 10:28,0.382736,0,0,23.754408,0.377677,402.2
2026/7/11 10:28,0.382726,0,0,23.727282,0.377677,402.4
2026/7/11 10:28,0.382723,0,0,23.75893,0.377677,402.6
2026/7/11 10:28,0.38271,0,0,23.75893,0.377677,402.8
2026/7/11 10:28,0.382703,0,0,23.75893,0.377677,403
2026/7/11 10:28,0.382699,0,0,23.75893,0.377677,403.2
2026/7/11 10:28,0.382693,0,0,23.75893,0.377677,403.4
2026/7/11 10:28,0.382676,0,0,23.75893,0.377821,403.6
2026/7/11 10:28,0.382669,0,0,23.75893,0.377677,403.8
2026/7/11 10:28,0.382659,0,0,23.75893,0.377677,404
2026/7/11 10:28,0.382659,0,0,23.75893,0.377677,404.2
2026/7/11 10:28,0.382652,0,0,23.75893,0.377677,404.4
2026/7/11 10:28,0.382642,0,0,23.75893,0.377677,404.6
2026/7/11 10:28,0.382632,0,0,23.677547,0.377677,404.8
2026/7/11 10:28,0.382625,0,0,23.75893,0.377677,405
2026/7/11 10:28,0.382612,0,0,23.754408,0.377677,405.2
2026/7/11 10:28,0.382605,0,0,23.75893,0.377677,405.4
2026/7/11 10:28,0.382605,0,0,23.75893,0.377677,405.6
2026/7/11 10:28,0.382595,0,0,23.75893,0.377677,405.8
2026/7/11 10:28,0.382582,0,0,23.75893,0.377677,406
2026/7/11 10:28,0.382575,0,0,23.75893,0.377677,406.2
2026/7/11 10:28,0.382568,0,0,23.75893,0.377677,406.4
2026/7/11 10:28,0.382568,0,0,23.75893,0.377677,406.6
2026/7/11 10:28,0.382555,0,0,23.75893,0.377677,406.8
2026/7/11 10:28,0.382548,0,0,23.75893,0.377677,407
2026/7/11 10:28,0.382538,0,0,23.763451,0.377677,407.2
2026/7/11 10:28,0.382531,0,0,23.908129,0.377677,407.4
2026/7/11 10:28,0.382521,0,0,23.840311,0.377677,407.6
2026/7/11 10:28,0.382521,0,0,23.767971,0.377677,407.8
2026/7/11 10:28,0.382501,0,0,23.781534,0.377677,408
2026/7/11 10:29,0.382501,0,0,23.740845,0.377677,408.2
2026/7/11 10:29,0.382491,0,0,23.75893,0.377677,408.4
2026/7/11 10:29,0.382487,0,0,23.75893,0.377677,408.6
2026/7/11 10:29,0.382477,0,0,23.749886,0.377677,408.8
2026/7/11 10:29,0.38247,0,0,23.677547,0.377677,409
2026/7/11 10:29,0.382467,0,0,23.75893,0.377677,409.2
2026/7/11 10:29,0.38245,0,0,23.75893,0.377677,409.4
2026/7/11 10:29,0.382444,0,0,23.75893,0.377677,409.6
2026/7/11 10:29,0.38244,0,0,23.754408,0.377677,409.8
2026/7/11 10:29,0.382437,0,0,23.75893,0.377677,410
2026/7/11 10:29,0.38242,0,0,23.75893,0.377677,410.2
2026/7/11 10:29,0.382417,0,0,23.75893,0.377677,410.4
2026/7/11 10:29,0.382417,0,0,23.727282,0.377677,410.6
2026/7/11 10:29,0.38241,0,0,23.75893,0.377677,410.8
2026/7/11 10:29,0.382393,0,0,23.75893,0.377677,411
2026/7/11 10:29,0.382393,0,0,23.75893,0.377677,411.2
2026/7/11 10:29,0.382386,0,0,23.75893,0.377677,411.4
2026/7/11 10:29,0.382376,0,0,23.75893,0.377677,411.6
2026/7/11 10:29,0.382359,0,0,23.75893,0.377677,411.8
2026/7/11 10:29,0.382359,0,0,23.75893,0.377677,412
2026/7/11 10:29,0.382349,0,0,23.75893,0.377677,412.2
2026/7/11 10:29,0.382346,0,0,23.75893,0.377677,412.4
2026/7/11 10:29,0.382332,0,0,23.75893,0.377677,412.6
2026/7/11 10:29,0.382326,0,0,23.75893,0.377677,412.8
2026/7/11 10:29,0.382319,0,0,23.677547,0.377677,413
2026/7/11 10:29,0.382316,0,0,23.75893,0.377677,413.2
2026/7/11 10:29,0.382309,0,0,23.75893,0.377677,413.4
2026/7/11 10:29,0.382299,0,0,23.75893,0.377677,413.6
2026/7/11 10:29,0.382295,0,0,23.75893,0.377677,413.8
2026/7/11 10:29,0.382289,0,0,23.75893,0.377677,414
2026/7/11 10:29,0.382282,0,0,23.75893,0.377677,414.2
2026/7/11 10:29,0.382268,0,0,23.75893,0.377677,414.4
2026/7/11 10:29,0.382262,0,0,23.700153,0.377677,414.6
2026/7/11 10:29,0.382258,0,0,23.75893,0.377677,414.8
2026/7/11 10:29,0.382248,0,0,23.75893,0.377677,415
2026/7/11 10:29,0.382242,0,0,23.75893,0.377677,415.2
2026/7/11 10:29,0.382231,0,0,23.75893,0.377677,415.4
2026/7/11 10:29,0.382225,0,0,23.75893,0.377677,415.6
2026/7/11 10:29,0.382221,0,0,23.641378,0.377677,415.8
2026/7/11 10:29,0.382215,0,0,23.75893,0.377677,416
2026/7/11 10:29,0.382205,0,0,23.75893,0.377677,416.2
2026/7/11 10:29,0.382201,0,0,23.641378,0.377677,416.4
2026/7/11 10:29,0.382198,0,0,23.75893,0.377677,416.6
2026/7/11 10:29,0.382188,0,0,23.75893,0.377677,416.8
2026/7/11 10:29,0.382181,0,0,23.75893,0.377677,417
2026/7/11 10:29,0.382171,0,0,23.75893,0.377677,417.2
2026/7/11 10:29,0.382164,0,0,23.618773,0.377677,417.4
2026/7/11 10:29,0.382157,0,0,23.75893,0.377677,417.6
2026/7/11 10:29,0.382151,0,0,23.749886,0.377677,417.8
2026/7/11 10:29,0.382144,0,0,23.75893,0.377677,418
2026/7/11 10:29,0.382137,0,0,23.75893,0.377677,418.2
2026/7/11 10:29,0.382127,0,0,23.75893,0.377677,418.4
2026/7/11 10:29,0.382127,0,0,23.75893,0.377677,418.6
2026/7/11 10:29,0.382114,0,0,23.75893,0.377677,418.8
2026/7/11 10:29,0.38211,0,0,23.727282,0.377677,419
2026/7/11 10:29,0.3821,0,0,23.75893,0.377677,419.2
2026/7/11 10:29,0.382093,0,0,23.75893,0.377677,419.4
2026/7/11 10:29,0.38209,0,0,23.75893,0.377677,419.6
2026/7/11 10:29,0.38208,0,0,23.75893,0.377677,419.8
2026/7/11 10:29,0.382077,0,0,23.75893,0.377677,420
2026/7/11 10:29,0.382063,0,0,23.75893,0.377677,420.2
2026/7/11 10:29,0.38206,0,0,23.677547,0.377677,420.4
2026/7/11 10:29,0.382053,0,0,23.749886,0.377677,420.6
2026/7/11 10:29,0.382046,0,0,23.75893,0.377677,420.8
2026/7/11 10:29,0.38204,0,0,23.75893,0.377677,421
2026/7/11 10:29,0.382029,0,0,23.75893,0.377677,421.2
2026/7/11 10:29,0.382026,0,0,23.618773,0.377677,421.4
2026/7/11 10:29,0.382019,0,0,23.75893,0.377677,421.6
2026/7/11 10:29,0.382013,0,0,23.75893,0.377677,421.8
2026/7/11 10:29,0.382003,0,0,23.727282,0.377677,422
2026/7/11 10:29,0.381999,0,0,23.75893,0.377677,422.2
2026/7/11 10:29,0.381996,0,0,23.754408,0.377677,422.4
2026/7/11 10:29,0.381986,0,0,23.75893,0.377677,422.6
2026/7/11 10:29,0.381976,0,0,23.75893,0.377677,422.8
2026/7/11 10:29,0.381972,0,0,23.749886,0.377677,423
2026/7/11 10:29,0.381972,0,0,23.75893,0.377677,423.2
2026/7/11 10:29,0.381955,0,0,23.754408,0.377677,423.4
2026/7/11 10:29,0.381949,0,0,23.722761,0.377677,423.6
2026/7/11 10:29,0.381949,0,0,23.75893,0.377677,423.8
2026/7/11 10:29,0.381942,0,0,23.75893,0.377677,424
2026/7/11 10:29,0.381932,0,0,23.727282,0.377677,424.2
2026/7/11 10:29,0.381932,0,0,23.75893,0.377677,424.4
2026/7/11 10:29,0.381925,0,0,23.75893,0.377677,424.6
2026/7/11 10:29,0.381912,0,0,23.75893,0.375868,424.8
2026/7/11 10:29,0.381912,0,0,23.75893,0.377677,425
2026/7/11 10:29,0.381902,0,0,23.754408,0.377677,425.2
2026/7/11 10:29,0.381895,0,0,23.75893,0.377677,425.4
2026/7/11 10:29,0.381888,0,0,23.75893,0.377677,425.6
2026/7/11 10:29,0.381885,0,0,23.75893,0.377677,425.8
2026/7/11 10:29,0.381868,0,0,23.75893,0.377677,426
2026/7/11 10:29,0.381871,0,0,23.908129,0.377677,426.2
2026/7/11 10:29,0.381858,0,0,23.835791,0.377677,426.4
2026/7/11 10:29,0.381848,0,0,23.763451,0.377677,426.6
2026/7/11 10:29,0.381844,0,0,23.903608,0.377677,426.8
2026/7/11 10:29,0.381841,0,0,23.835791,0.377677,427
2026/7/11 10:29,0.381831,0,0,23.767971,0.377677,427.2
2026/7/11 10:29,0.381827,0,0,23.831268,0.377677,427.4
2026/7/11 10:29,0.381817,0,0,23.835791,0.377677,427.6
2026/7/11 10:29,0.381817,0,0,23.767971,0.377677,427.8
2026/7/11 10:29,0.381811,0,0,23.903608,0.377677,428
2026/7/11 10:29,0.381797,0,0,23.87648,0.377677,428.2
2026/7/11 10:29,0.381794,0,0,23.777014,0.377677,428.4
2026/7/11 10:29,0.381784,0,0,23.903608,0.377677,428.6
2026/7/11 10:29,0.381777,0,0,23.87648,0.376447,428.8
2026/7/11 10:29,0.381774,0,0,23.795099,0.377677,429
2026/7/11 10:29,0.381764,0,0,23.817705,0.377677,429.2
2026/7/11 10:29,0.38176,0,0,23.763451,0.377677,429.4
2026/7/11 10:29,0.38176,0,0,23.767971,0.377677,429.6
2026/7/11 10:29,0.381747,0,0,23.75893,0.377677,429.8
2026/7/11 10:29,0.38174,0,0,23.727282,0.377677,430
2026/7/11 10:29,0.38173,0,0,23.75893,0.376447,430.2
2026/7/11 10:29,0.381733,0,0,23.75893,0.377677,430.4
2026/7/11 10:29,0.38172,0,0,23.75893,0.376736,430.6
2026/7/11 10:29,0.381713,0,0,23.75893,0.377677,430.8
2026/7/11 10:29,0.381706,0,0,23.75893,0.377677,431
2026/7/11 10:29,0.381706,0,0,23.727282,0.377677,431.2
2026/7/11 10:29,0.3817,0,0,23.677547,0.377677,431.4
2026/7/11 10:29,0.381689,0,0,23.75893,0.377677,431.6
2026/7/11 10:29,0.381686,0,0,23.727282,0.377677,431.8
2026/7/11 10:29,0.381673,0,0,23.75893,0.377677,432
2026/7/11 10:29,0.381669,0,0,23.75893,0.377677,432.2
2026/7/11 10:29,0.381666,0,0,23.691113,0.377604,432.4
2026/7/11 10:29,0.381659,0,0,23.75893,0.377677,432.6
2026/7/11 10:29,0.381652,0,0,23.75893,0.377677,432.8
2026/7/11 10:29,0.381639,0,0,23.75893,0.377677,433
2026/7/11 10:29,0.381639,0,0,23.75893,0.375796,433.2
2026/7/11 10:29,0.381632,0,0,23.835791,0.377677,433.4
2026/7/11 10:29,0.381625,0,0,23.75893,0.377677,433.6
2026/7/11 10:29,0.381619,0,0,23.831268,0.376736,433.8
2026/7/11 10:29,0.381609,0,0,23.894566,0.377459,434
2026/7/11 10:29,0.381605,0,0,23.75893,0.377604,434.2
2026/7/11 10:29,0.381605,0,0,23.795099,0.377677,434.4
2026/7/11 10:29,0.381592,0,0,23.903608,0.377677,434.6
2026/7/11 10:29,0.381588,0,0,23.763451,0.377677,434.8
2026/7/11 10:29,0.381578,0,0,23.831268,0.377677,435
2026/7/11 10:29,0.381575,0,0,23.87648,0.377242,435.2
2026/7/11 10:29,0.381572,0,0,23.763451,0.377242,435.4
2026/7/11 10:29,0.381562,0,0,23.831268,0.377677,435.6
2026/7/11 10:29,0.381558,0,0,23.87648,0.376736,435.8
2026/7/11 10:29,0.381548,0,0,23.763451,0.377677,436
2026/7/11 10:29,0.381541,0,0,23.826748,0.377677,436.2
2026/7/11 10:29,0.381538,0,0,23.835791,0.377677,436.4
2026/7/11 10:29,0.381531,0,0,23.763451,0.377677,436.6
2026/7/11 10:29,0.381521,0,0,23.835791,0.377677,436.8
2026/7/11 10:29,0.381514,0,0,23.87648,0.377677,437
2026/7/11 10:29,0.381514,0,0,23.767971,0.377677,437.2
2026/7/11 10:29,0.381508,0,0,23.908129,0.377677,437.4
2026/7/11 10:29,0.381498,0,0,23.87648,0.375506,437.6
2026/7/11 10:29,0.381494,0,0,23.777014,0.377677,437.8
2026/7/11 10:29,0.381487,0,0,23.908129,0.377677,438
2026/7/11 10:29,0.381484,0,0,23.835791,0.377677,438.2
2026/7/11 10:29,0.381474,0,0,23.767971,0.377459,438.4
2026/7/11 10:29,0.381471,0,0,23.908129,0.377677,438.6
2026/7/11 10:29,0.381467,0,0,23.75893,0.377459,438.8
2026/7/11 10:29,0.381457,0,0,23.767971,0.377677,439
2026/7/11 10:29,0.38145,0,0,23.908129,0.377677,439.2
2026/7/11 10:29,0.381447,0,0,23.75893,0.375796,439.4
2026/7/11 10:29,0.38144,0,0,23.767971,0.377532,439.6
2026/7/11 10:29,0.381434,0,0,23.908129,0.376736,439.8
2026/7/11 10:29,0.381427,0,0,23.87648,0.377677,440
2026/7/11 10:29,0.38142,0,0,23.767971,0.377604,440.2
2026/7/11 10:29,0.381413,0,0,23.903608,0.377677,440.4
2026/7/11 10:29,0.38141,0,0,23.840311,0.375362,440.6
2026/7/11 10:29,0.3814,0,0,23.75893,0.375506,440.8
2026/7/11 10:29,0.381393,0,0,23.75893,0.377677,441
2026/7/11 10:29,0.381386,0,0,23.75893,0.377677,441.2
2026/7/11 10:29,0.381383,0,0,23.75893,0.377677,441.4
2026/7/11 10:29,0.381376,0,0,23.75893,0.377677,441.6
2026/7/11 10:29,0.381373,0,0,23.727282,0.377677,441.8
2026/7/11 10:29,0.38137,0,0,23.641378,0.376447,442
2026/7/11 10:29,0.38136,0,0,23.75893,0.377677,442.2
2026/7/11 10:29,0.381356,0,0,23.745365,0.377677,442.4
2026/7/11 10:29,0.381353,0,0,23.75893,0.377677,442.6
2026/7/11 10:29,0.381339,0,0,23.75893,0.377677,442.8
2026/7/11 10:29,0.381336,0,0,23.727282,0.376736,443
2026/7/11 10:29,0.381326,0,0,23.75893,0.377387,443.2
2026/7/11 10:29,0.381326,0,0,23.75893,0.377677,443.4
2026/7/11 10:29,0.381312,0,0,23.727282,0.377677,443.6
2026/7/11 10:29,0.381309,0,0,23.677547,0.377459,443.8
2026/7/11 10:29,0.381306,0,0,23.754408,0.375868,444
2026/7/11 10:29,0.381299,0,0,23.745365,0.376591,444.2
2026/7/11 10:29,0.381292,0,0,23.75893,0.37717,444.4
2026/7/11 10:29,0.381282,0,0,23.75893,0.377677,444.6
2026/7/11 10:29,0.381282,0,0,23.75893,0.377459,444.8
2026/7/11 10:29,0.381275,0,0,23.75893,0.377242,445
2026/7/11 10:29,0.381265,0,0,23.75893,0.377532,445.2
2026/7/11 10:29,0.381262,0,0,23.75893,0.376736,445.4
2026/7/11 10:29,0.381262,0,0,23.75893,0.377459,445.6
2026/7/11 10:29,0.381248,0,0,23.75893,0.377459,445.8
2026/7/11 10:29,0.381245,0,0,23.75893,0.376591,446
2026/7/11 10:29,0.381242,0,0,23.75893,0.377604,446.2
2026/7/11 10:29,0.381235,0,0,23.75893,0.376736,446.4
2026/7/11 10:29,0.381228,0,0,23.75893,0.377387,446.6
2026/7/11 10:29,0.381225,0,0,23.75893,0.376736,446.8
2026/7/11 10:29,0.381211,0,0,23.75893,0.377459,447
2026/7/11 10:29,0.381211,0,0,23.75893,0.377677,447.2
2026/7/11 10:29,0.381201,0,0,23.75893,0.377098,447.4
2026/7/11 10:29,0.381201,0,0,23.754408,0.377677,447.6
2026/7/11 10:29,0.381188,0,0,23.75893,0.375796,447.8
2026/7/11 10:29,0.381184,0,0,23.75893,0.375796,448
2026/7/11 10:29,0.381181,0,0,23.754408,0.375796,448.2
2026/7/11 10:29,0.381171,0,0,23.700153,0.377677,448.4
2026/7/11 10:29,0.381168,0,0,23.75893,0.375796,448.6
2026/7/11 10:29,0.381154,0,0,23.75893,0.376157,448.8
2026/7/11 10:29,0.381154,0,0,23.75893,0.376374,449
2026/7/11 10:29,0.381154,0,0,23.75893,0.375723,449.2
2026/7/11 10:29,0.381147,0,0,23.754408,0.375289,449.4
2026/7/11 10:29,0.381141,0,0,23.641378,0.377098,449.6
2026/7/11 10:29,0.381137,0,0,23.75893,0.375796,449.8
2026/7/11 10:29,0.381134,0,0,23.75893,0.375796,450
2026/7/11 10:29,0.381121,0,0,23.75893,0.377459,450.2
2026/7/11 10:29,0.381114,0,0,23.75893,0.377677,450.4
2026/7/11 10:29,0.38111,0,0,23.75893,0.37717,450.6
2026/7/11 10:29,0.38111,0,0,23.75893,0.377604,450.8
2026/7/11 10:29,0.3811,0,0,23.826748,0.377098,451
2026/7/11 10:29,0.38109,0,0,23.75893,0.375796,451.2
2026/7/11 10:29,0.381087,0,0,23.767971,0.376013,451.4
2026/7/11 10:29,0.381077,0,0,23.831268,0.377098,451.6
2026/7/11 10:29,0.38107,0,0,23.835791,0.377604,451.8
2026/7/11 10:29,0.38107,0,0,23.795099,0.375506,452
2026/7/11 10:29,0.381063,0,0,23.903608,0.376447,452.2
2026/7/11 10:29,0.381057,0,0,23.835791,0.377387,452.4
2026/7/11 10:29,0.381057,0,0,23.795099,0.377532,452.6
2026/7/11 10:29,0.381053,0,0,23.908129,0.377604,452.8
2026/7/11 10:29,0.38104,0,0,23.75893,0.375579,453
2026/7/11 10:29,0.38103,0,0,23.795099,0.376447,453.2
2026/7/11 10:29,0.381036,0,0,23.881002,0.377532,453.4
2026/7/11 10:29,0.38103,0,0,23.75893,0.375362,453.6
2026/7/11 10:29,0.381016,0,0,23.795099,0.376664,453.8
2026/7/11 10:29,0.381013,0,0,23.908129,0.375651,454
2026/7/11 10:29,0.381009,0,0,23.840311,0.377387,454.2
2026/7/11 10:29,0.380993,0,0,23.777014,0.376013,454.4
2026/7/11 10:29,0.380993,0,0,23.903608,0.377677,454.6
2026/7/11 10:29,0.380986,0,0,23.763451,0.377098,454.8
2026/7/11 10:29,0.380982,0,0,23.777014,0.377677,455
2026/7/11 10:29,0.380969,0,0,23.894566,0.377242,455.2
2026/7/11 10:29,0.380966,0,0,23.763451,0.377604,455.4
2026/7/11 10:29,0.380962,0,0,23.795099,0.37717,455.6
2026/7/11 10:29,0.380966,0,0,23.903608,0.375289,455.8
2026/7/11 10:29,0.380952,0,0,23.763451,0.375289,456
2026/7/11 10:29,0.380949,0,0,23.835791,0.377677,456.2
2026/7/11 10:29,0.380939,0,0,23.87648,0.376157,456.4
2026/7/11 10:29,0.380939,0,0,23.767971,0.375579,456.6
2026/7/11 10:29,0.380929,0,0,23.831268,0.377459,456.8
2026/7/11 10:29,0.380925,0,0,23.894566,0.376736,457
2026/7/11 10:29,0.380915,0,0,23.763451,0.377677,457.2
2026/7/11 10:29,0.380912,0,0,23.831268,0.376447,457.4
2026/7/11 10:29,0.380905,0,0,23.87648,0.375723,457.6
2026/7/11 10:29,0.380902,0,0,23.763451,0.377098,457.8
2026/7/11 10:29,0.380892,0,0,23.903608,0.376736,458
2026/7/11 10:29,0.380888,0,0,23.87648,0.375362,458.2
2026/7/11 10:29,0.380881,0,0,23.767971,0.375579,458.4
2026/7/11 10:29,0.380878,0,0,23.908129,0.376736,458.6
2026/7/11 10:29,0.380871,0,0,23.835791,0.376447,458.8
2026/7/11 10:29,0.380868,0,0,23.777014,0.377532,459
2026/7/11 10:29,0.380861,0,0,23.831268,0.377387,459.2
2026/7/11 10:29,0.380855,0,0,23.894566,0.377387,459.4
2026/7/11 10:29,0.380848,0,0,23.763451,0.375217,459.6
2026/7/11 10:29,0.380844,0,0,23.831268,0.375651,459.8
2026/7/11 10:29,0.380838,0,0,23.75893,0.376157,460
2026/7/11 10:29,0.380841,0,0,23.767971,0.375434,460.2
2026/7/11 10:29,0.380828,0,0,23.908129,0.376302,460.4
2026/7/11 10:29,0.380821,0,0,23.835791,0.376302,460.6
2026/7/11 10:29,0.380821,0,0,23.767971,0.375217,460.8
2026/7/11 10:29,0.380814,0,0,23.826748,0.375362,461
2026/7/11 10:29,0.380807,0,0,23.840311,0.375217,461.2
2026/7/11 10:29,0.380804,0,0,23.777014,0.376157,461.4
2026/7/11 10:29,0.380794,0,0,23.894566,0.375506,461.6
2026/7/11 10:29,0.380787,0,0,23.840311,0.375217,461.8
2026/7/11 10:29,0.380777,0,0,23.795099,0.375217,462
2026/7/11 10:29,0.380777,0,0,23.894566,0.37594,462.2
2026/7/11 10:29,0.380767,0,0,23.835791,0.375796,462.4
2026/7/11 10:29,0.380767,0,0,23.795099,0.375506,462.6
2026/7/11 10:29,0.380757,0,0,23.903608,0.376013,462.8
2026/7/11 10:29,0.380747,0,0,23.763451,0.377098,463
2026/7/11 10:29,0.380743,0,0,23.835791,0.375289,463.2
2026/7/11 10:29,0.380743,0,0,23.894566,0.376447,463.4
2026/7/11 10:29,0.38074,0,0,23.763451,0.375362,463.6
2026/7/11 10:29,0.38074,0,0,23.795099,0.375434,463.8
2026/7/11 10:29,0.380727,0,0,23.894566,0.375217,464
2026/7/11 10:29,0.380723,0,0,23.763451,0.375362,464.2
2026/7/11 10:29,0.380717,0,0,23.795099,0.376157,464.4
2026/7/11 10:29,0.38071,0,0,23.835791,0.376591,464.6
2026/7/11 10:29,0.380703,0,0,23.767971,0.375362,464.8
2026/7/11 10:29,0.3807,0,0,23.795099,0.375217,465
2026/7/11 10:29,0.380693,0,0,23.835791,0.375579,465.2
2026/7/11 10:29,0.380693,0,0,23.767971,0.375217,465.4
2026/7/11 10:29,0.380679,0,0,23.908129,0.375506,465.6
2026/7/11 10:29,0.380679,0,0,23.75893,0.376447,465.8
2026/7/11 10:29,0.380673,0,0,23.767971,0.377098,466
2026/7/11 10:29,0.380666,0,0,23.908129,0.377459,466.2
2026/7/11 10:29,0.380666,0,0,23.835791,0.375362,466.4
2026/7/11 10:29,0.380663,0,0,23.767971,0.375217,466.6
2026/7/11 10:29,0.380649,0,0,23.831268,0.376519,466.8
2026/7/11 10:29,0.380639,0,0,23.75893,0.377098,467
2026/7/11 10:29,0.380639,0,0,23.777014,0.375217,467.2
2026/7/11 10:29,0.380639,0,0,23.903608,0.375217,467.4
2026/7/11 10:29,0.380622,0,0,23.75893,0.375289,467.6
2026/7/11 10:29,0.380622,0,0,23.777014,0.375362,467.8
2026/7/11 10:29,0.380622,0,0,23.908129,0.375506,468
2026/7/11 10:30,0.380616,0,0,23.840311,0.375362,468.2
2026/7/11 10:30,0.380605,0,0,23.795099,0.375434,468.4
2026/7/11 10:30,0.380599,0,0,23.894566,0.375217,468.6
2026/7/11 10:30,0.380595,0,0,23.75893,0.375868,468.8
2026/7/11 10:30,0.380589,0,0,23.835791,0.375434,469
2026/7/11 10:30,0.380582,0,0,23.835791,0.375289,469.2
2026/7/11 10:30,0.380575,0,0,23.840311,0.375217,469.4
2026/7/11 10:30,0.380572,0,0,23.831268,0.375217,469.6
2026/7/11 10:30,0.380568,0,0,23.894566,0.375217,469.8
2026/7/11 10:30,0.380565,0,0,23.763451,0.375289,470
2026/7/11 10:30,0.380558,0,0,23.831268,0.375362,470.2
2026/7/11 10:30,0.380555,0,0,23.87648,0.375217,470.4
2026/7/11 10:30,0.380541,0,0,23.767971,0.375217,470.6
2026/7/11 10:30,0.380538,0,0,23.835791,0.375217,470.8
2026/7/11 10:30,0.380531,0,0,23.87648,0.375289,471
2026/7/11 10:30,0.380528,0,0,23.767971,0.375217,471.2
2026/7/11 10:30,0.380521,0,0,23.908129,0.375217,471.4
2026/7/11 10:30,0.380521,0,0,23.87648,0.375217,471.6
2026/7/11 10:30,0.380511,0,0,23.767971,0.375362,471.8
2026/7/11 10:30,0.380504,0,0,23.908129,0.375289,472
2026/7/11 10:30,0.380498,0,0,23.75893,0.375723,472.2
2026/7/11 10:30,0.380494,0,0,23.777014,0.375217,472.4
2026/7/11 10:30,0.380491,0,0,23.903608,0.375217,472.6
2026/7/11 10:30,0.380484,0,0,23.835791,0.375217,472.8
2026/7/11 10:30,0.380477,0,0,23.767971,0.375289,473
2026/7/11 10:30,0.380474,0,0,23.903608,0.375217,473.2
2026/7/11 10:30,0.380474,0,0,23.75893,0.375217,473.4
2026/7/11 10:30,0.380461,0,0,23.831268,0.375217,473.6
2026/7/11 10:30,0.380457,0,0,23.894566,0.375217,473.8
2026/7/11 10:30,0.380447,0,0,23.763451,0.376447,474
2026/7/11 10:30,0.380451,0,0,23.795099,0.375217,474.2
2026/7/11 10:30,0.380437,0,0,23.894566,0.375868,474.4
2026/7/11 10:30,0.38044,0,0,23.763451,0.375289,474.6
2026/7/11 10:30,0.38043,0,0,23.763451,0.375217,474.8
2026/7/11 10:30,0.38043,0,0,23.908129,0.375217,475
2026/7/11 10:30,0.380417,0,0,23.75893,0.375217,475.2
2026/7/11 10:30,0.380414,0,0,23.767971,0.375217,475.4
2026/7/11 10:30,0.380414,0,0,23.894566,0.375362,475.6
2026/7/11 10:30,0.380403,0,0,23.75893,0.375217,475.8
2026/7/11 10:30,0.3804,0,0,23.835791,0.375217,476
2026/7/11 10:30,0.380397,0,0,23.87648,0.375217,476.2
2026/7/11 10:30,0.380387,0,0,23.763451,0.375217,476.4
2026/7/11 10:30,0.38038,0,0,23.795099,0.375217,476.6
2026/7/11 10:30,0.380373,0,0,23.87648,0.375217,476.8
2026/7/11 10:30,0.380366,0,0,23.763451,0.375217,477
2026/7/11 10:30,0.380366,0,0,23.908129,0.375217,477.2
2026/7/11 10:30,0.38036,0,0,23.87648,0.375217,477.4
2026/7/11 10:30,0.380356,0,0,23.763451,0.375217,477.6
2026/7/11 10:30,0.38035,0,0,23.795099,0.375217,477.8
2026/7/11 10:30,0.380339,0,0,23.894566,0.375217,478
2026/7/11 10:30,0.380339,0,0,23.777014,0.375217,478.2
2026/7/11 10:30,0.380333,0,0,23.908129,0.375217,478.4
2026/7/11 10:30,0.380323,0,0,23.87648,0.375434,478.6
2026/7/11 10:30,0.380323,0,0,23.767971,0.375217,478.8
2026/7/11 10:30,0.380319,0,0,23.908129,0.375217,479
2026/7/11 10:30,0.380313,0,0,23.87648,0.375217,479.2
2026/7/11 10:30,0.380306,0,0,23.767971,0.375217,479.4
2026/7/11 10:30,0.380306,0,0,23.903608,0.375217,479.6
2026/7/11 10:30,0.380292,0,0,23.835791,0.375362,479.8
2026/7/11 10:30,0.380292,0,0,23.777014,0.375217,480
2026/7/11 10:30,0.380289,0,0,23.903608,0.375217,480.2
2026/7/11 10:30,0.380279,0,0,23.75893,0.375217,480.4
2026/7/11 10:30,0.380282,0,0,23.777014,0.375217,480.6
2026/7/11 10:30,0.380272,0,0,23.894566,0.375217,480.8
2026/7/11 10:30,0.380262,0,0,23.75893,0.375217,481
2026/7/11 10:30,0.380259,0,0,23.795099,0.375217,481.2
2026/7/11 10:30,0.380255,0,0,23.903608,0.375217,481.4
2026/7/11 10:30,0.380252,0,0,23.75893,0.375217,481.6
2026/7/11 10:30,0.380249,0,0,23.790579,0.375217,481.8
2026/7/11 10:30,0.380242,0,0,23.894566,0.375217,482
2026/7/11 10:30,0.380232,0,0,23.763451,0.375217,482.2
2026/7/11 10:30,0.380228,0,0,23.912651,0.375217,482.4
2026/7/11 10:30,0.380225,0,0,23.903608,0.375217,482.6
2026/7/11 10:30,0.380218,0,0,23.75893,0.375217,482.8
2026/7/11 10:30,0.380215,0,0,23.908129,0.375217,483
