导出时间,实时压力P1,瞬时流量M1,瞬时流量M2,温度T_R,压力P2_R,时间
2026/7/11 16:07,0.11709,477,209,29.622931,0.145616,0.2
2026/7/11 16:07,0.12658,478,207,29.591284,0.145616,0.4
2026/7/11 16:07,0.13911,475,206,29.622931,0.147931,0.6
2026/7/11 16:07,0.152927,473,203,29.622931,0.148076,0.8
2026/7/11 16:07,0.162902,466,199,29.622931,0.148076,1
2026/7/11 16:07,0.170265,457,193,29.622931,0.148076,1.2
2026/7/11 16:07,0.181237,446,186,29.622931,0.14945,1.4
2026/7/11 16:07,0.193147,432,182,29.622931,0.150535,1.6
2026/7/11 16:07,0.201571,424,174,29.772133,0.150608,1.8
2026/7/11 16:07,0.212,406,164,29.740482,0.152416,2
2026/7/11 16:07,0.216262,383,152,29.627451,0.153067,2.2
2026/7/11 16:07,0.225356,361,147,29.772133,0.153067,2.4
2026/7/11 16:07,0.231489,338,135,29.740482,0.155237,2.6
2026/7/11 16:07,0.238724,325,123,29.776653,0.154369,2.8
2026/7/11 16:07,0.241535,301,109,29.794737,0.155527,3
2026/7/11 16:07,0.24539,264,96,29.776653,0.155527,3.2
2026/7/11 16:07,0.250844,223,83,29.781174,0.155527,3.4
2026/7/11 16:07,0.254759,176,76,29.794737,0.157986,3.6
2026/7/11 16:07,0.256136,156,64,29.776653,0.157986,3.8
2026/7/11 16:07,0.258028,116,49,29.776653,0.157986,4
2026/7/11 16:07,0.259873,77,38,29.80378,0.158565,4.2
2026/7/11 16:07,0.2609,36,33,29.776653,0.160156,4.4
2026/7/11 16:07,0.261173,26,23,29.812822,0.160446,4.6
2026/7/11 16:07,0.261768,23,17,29.930374,0.160446,4.8
2026/7/11 16:07,0.261869,16,13,29.898724,0.161748,5
2026/7/11 16:07,0.262203,13,11,29.812822,0.162905,5.2
2026/7/11 16:07,0.262321,10,10,29.930374,0.162905,5.4
2026/7/11 16:07,0.262634,9,9,29.916811,0.162905,5.6
2026/7/11 16:07,0.262923,9,9,29.853514,0.162905,5.8
2026/7/11 16:07,0.263129,8,8,29.930374,0.165148,6
2026/7/11 16:07,0.26326,7,7,29.903244,0.165292,6.2
2026/7/11 16:07,0.26358,7,7,29.853514,0.165365,6.4
2026/7/11 16:07,0.263839,6,7,29.921331,0.165365,6.6
2026/7/11 16:07,0.264017,6,6,29.930374,0.16645,6.8
2026/7/11 16:07,0.264293,5,5,29.930374,0.16739,7
2026/7/11 16:07,0.264408,5,5,30.007235,0.167824,7.2
2026/7/11 16:07,0.264765,5,5,29.939417,0.167824,7.4
2026/7/11 16:07,0.264933,5,5,30.002712,0.169054,7.6
2026/7/11 16:07,0.265226,4,4,30.06601,0.169054,7.8
2026/7/11 16:07,0.265324,4,3,29.934895,0.170284,8
2026/7/11 16:07,0.265522,4,4,29.948458,0.170284,8.2
2026/7/11 16:07,0.265795,4,3,30.06601,0.170284,8.4
2026/7/11 16:07,0.266017,4,3,29.930374,0.170356,8.6
2026/7/11 16:07,0.266185,4,3,30.079573,0.172815,8.8
2026/7/11 16:07,0.266589,4,4,30.007235,0.172815,9
2026/7/11 16:07,0.266892,4,4,29.939417,0.172815,9.2
2026/7/11 16:07,0.266983,4,2,30.079573,0.173249,9.4
2026/7/11 16:07,0.267142,4,2,30.084095,0.174986,9.6
2026/7/11 16:07,0.267354,4,3,30.084095,0.17419,9.8
2026/7/11 16:07,0.26763,4,2,30.120266,0.175275,10
2026/7/11 16:07,0.267842,3,2,30.084095,0.175275,10.2
2026/7/11 16:07,0.268017,3,3,30.084095,0.175347,10.4
2026/7/11 16:07,0.268276,4,3,30.084095,0.177734,10.6
2026/7/11 16:07,0.268566,4,2,30.084095,0.177734,10.8
2026/7/11 16:07,0.268805,3,2,30.084095,0.177734,11
2026/7/11 16:07,0.269064,3,3,30.084095,0.177734,11.2
2026/7/11 16:07,0.269205,3,2,30.084095,0.179615,11.4
2026/7/11 16:07,0.269454,3,1,30.084095,0.179688,11.6
2026/7/11 16:07,0.269569,3,2,30.084095,0.180049,11.8
2026/7/11 16:07,0.269821,2,1,30.056969,0.180194,12
2026/7/11 16:07,0.269953,2,2,30.084095,0.180194,12.2
2026/7/11 16:07,0.270171,3,2,30.102179,0.180339,12.4
2026/7/11 16:07,0.270528,4,3,30.084095,0.181424,12.6
2026/7/11 16:07,0.2707,3,1,30.084095,0.182653,12.8
2026/7/11 16:07,0.270801,2,1,30.084095,0.182653,13
2026/7/11 16:07,0.271161,2,2,30.237814,0.182653,13.2
2026/7/11 16:07,0.271296,2,2,30.160955,0.183883,13.4
2026/7/11 16:07,0.271555,2,2,30.237814,0.185113,13.6
2026/7/11 16:07,0.271649,2,1,30.201647,0.185113,13.8
2026/7/11 16:07,0.272107,3,2,30.120266,0.185113,14
2026/7/11 16:07,0.272329,3,3,30.233294,0.185258,14.2
2026/7/11 16:07,0.272427,3,1,30.21069,0.185619,14.4
2026/7/11 16:07,0.272579,2,1,30.237814,0.187572,14.6
2026/7/11 16:07,0.272838,2,1,30.233294,0.187572,14.8
2026/7/11 16:07,0.273097,3,2,30.224251,0.187572,15
2026/7/11 16:07,0.273323,3,2,30.237814,0.187572,15.2
2026/7/11 16:07,0.27344,3,1,30.237814,0.187572,15.4
2026/7/11 16:07,0.273622,2,1,30.165476,0.189525,15.6
2026/7/11 16:07,0.273875,2,1,30.237814,0.190032,15.8
2026/7/11 16:07,0.27405,2,1,30.233294,0.190104,16
2026/7/11 16:07,0.274292,2,1,30.179039,0.190104,16.2
2026/7/11 16:07,0.274481,2,2,30.237814,0.190104,16.4
2026/7/11 16:07,0.274565,2,1,30.228773,0.192564,16.6
2026/7/11 16:07,0.274868,2,2,30.088615,0.192564,16.8
2026/7/11 16:07,0.275127,2,1,30.237814,0.192564,17
2026/7/11 16:07,0.275221,2,1,30.228773,0.192564,17.2
2026/7/11 16:07,0.275497,2,1,30.102179,0.192564,17.4
2026/7/11 16:07,0.275629,2,1,30.237814,0.192564,17.6
2026/7/11 16:07,0.275911,2,2,30.228773,0.19307,17.8
2026/7/11 16:07,0.275982,2,1,30.102179,0.194951,18
2026/7/11 16:07,0.276305,2,1,30.237814,0.195023,18.2
2026/7/11 16:07,0.276548,2,1,30.237814,0.195023,18.4
2026/7/11 16:07,0.276703,2,2,30.102179,0.195023,18.6
2026/7/11 16:07,0.276874,2,1,30.237814,0.196253,18.8
2026/7/11 16:07,0.277103,2,1,30.228773,0.196181,19
2026/7/11 16:07,0.277295,2,1,30.242336,0.197266,19.2
2026/7/11 16:07,0.27745,2,1,30.310154,0.197483,19.4
2026/7/11 16:07,0.277538,2,1,30.355368,0.197483,19.6
2026/7/11 16:07,0.27775,2,1,30.242336,0.197483,19.8
2026/7/11 16:07,0.278012,2,1,30.305634,0.199653,20
2026/7/11 16:07,0.278214,2,1,30.355368,0.199942,20.2
2026/7/11 16:07,0.27843,2,2,30.242336,0.199797,20.4
2026/7/11 16:07,0.278571,2,1,30.387014,0.199942,20.6
2026/7/11 16:07,0.278733,2,1,30.314674,0.199942,20.8
2026/7/11 16:07,0.278935,2,1,30.242336,0.199942,21
2026/7/11 16:07,0.279187,2,1,30.310154,0.201172,21.2
2026/7/11 16:07,0.279315,2,1,30.314674,0.199942,21.4
2026/7/11 16:07,0.27948,2,1,30.246857,0.2011,21.6
2026/7/11 16:07,0.279665,2,1,30.310154,0.202402,21.8
2026/7/11 16:07,0.27981,2,0,30.314674,0.202402,22
2026/7/11 16:07,0.279931,2,1,30.246857,0.202402,22.2
2026/7/11 16:07,0.280241,2,1,30.387014,0.202402,22.4
2026/7/11 16:07,0.280376,2,1,30.314674,0.202402,22.6
2026/7/11 16:07,0.280611,2,1,30.246857,0.202691,22.8
2026/7/11 16:07,0.280679,2,1,30.382494,0.204716,23
2026/7/11 16:07,0.280968,2,1,30.237814,0.204861,23.2
2026/7/11 16:07,0.281184,2,1,30.246857,0.204861,23.4
2026/7/11 16:07,0.281318,2,1,30.382494,0.204861,23.6
2026/7/11 16:07,0.281476,2,1,30.237814,0.204861,23.8
2026/7/11 16:07,0.281625,2,1,30.255899,0.204861,24
2026/7/11 16:07,0.281867,2,1,30.382494,0.207248,24.2
2026/7/11 16:07,0.282012,2,1,30.237814,0.20638,24.4
2026/7/11 16:07,0.28219,2,1,30.246857,0.20544,24.6
2026/7/11 16:07,0.282268,2,1,30.387014,0.207321,24.8
2026/7/11 16:07,0.28249,1,1,30.237814,0.207321,25
2026/7/11 16:07,0.282685,2,1,30.242336,0.207321,25.2
2026/7/11 16:07,0.28288,2,1,30.373451,0.207321,25.4
2026/7/11 16:07,0.282971,2,1,30.242336,0.207321,25.6
2026/7/11 16:07,0.283133,2,1,30.273987,0.207682,25.8
2026/7/11 16:07,0.283274,2,0,30.310154,0.209852,26
2026/7/11 16:07,0.28349,2,1,30.242336,0.209852,26.2
2026/7/11 16:07,0.283594,2,1,30.255899,0.209852,26.4
2026/7/11 16:07,0.283833,2,1,30.355368,0.209852,26.6
2026/7/11 16:07,0.284005,2,1,30.237814,0.209852,26.8
2026/7/11 16:07,0.284112,2,1,30.246857,0.211082,27
2026/7/11 16:07,0.284257,2,1,30.373451,0.211733,27.2
2026/7/11 16:07,0.284432,2,1,30.237814,0.211806,27.4
2026/7/11 16:07,0.284574,1,1,30.255899,0.212312,27.6
2026/7/11 16:07,0.284762,1,1,30.387014,0.212312,27.8
2026/7/11 16:07,0.284934,2,1,30.237814,0.212312,28
2026/7/11 16:07,0.285082,2,1,30.255899,0.212312,28.2
2026/7/11 16:07,0.2852,1,0,30.382494,0.212312,28.4
2026/7/11 16:07,0.285308,1,0,30.237814,0.212384,28.6
2026/7/11 16:07,0.285516,1,1,30.255899,0.212384,28.8
2026/7/11 16:07,0.285607,2,0,30.387014,0.213831,29
2026/7/11 16:07,0.285809,2,1,30.237814,0.214771,29.2
2026/7/11 16:07,0.285957,2,1,30.255899,0.214771,29.4
2026/7/11 16:07,0.286159,1,1,30.373451,0.214771,29.6
2026/7/11 16:07,0.28627,2,1,30.237814,0.214771,29.8
2026/7/11 16:07,0.286506,2,1,30.246857,0.214771,30
2026/7/11 16:07,0.286641,2,0,30.373451,0.215133,30.2
2026/7/11 16:07,0.286789,1,0,30.237814,0.216652,30.4
2026/7/11 16:07,0.286927,2,1,30.310154,0.216652,30.6
2026/7/11 16:07,0.287095,2,1,30.314674,0.217231,30.8
2026/7/11 16:07,0.287213,2,0,30.237814,0.216942,31
2026/7/11 16:07,0.287365,1,0,30.255899,0.217231,31.2
2026/7/11 16:07,0.287449,1,0,30.373451,0.217231,31.4
2026/7/11 16:07,0.287614,1,1,30.242336,0.217231,31.6
2026/7/11 16:07,0.287849,2,1,30.273987,0.217231,31.8
2026/7/11 16:07,0.287967,1,1,30.355368,0.217231,32
2026/7/11 16:07,0.288085,1,0,30.237814,0.217303,32.2
2026/7/11 16:07,0.288179,1,0,30.310154,0.219618,32.4
2026/7/11 16:07,0.288263,1,0,30.237814,0.21969,32.6
2026/7/11 16:07,0.288519,1,1,30.246857,0.219546,32.8
2026/7/11 16:07,0.288691,2,1,30.387014,0.21969,33
2026/7/11 16:07,0.288735,1,0,30.355368,0.21969,33.2
2026/7/11 16:07,0.288991,1,0,30.242336,0.21969,33.4
2026/7/11 16:07,0.289058,1,0,30.382494,0.21969,33.6
2026/7/11 16:07,0.28929,1,1,30.314674,0.21969,33.8
2026/7/11 16:07,0.289368,1,1,30.237814,0.220197,34
2026/7/11 16:07,0.289492,1,0,30.382494,0.220703,34.2
2026/7/11 16:07,0.289694,1,0,30.314674,0.22215,34.4
2026/7/11 16:07,0.289745,1,0,30.255899,0.22215,34.6
2026/7/11 16:07,0.289893,1,0,30.382494,0.22215,34.8
2026/7/11 16:07,0.290058,1,1,30.242336,0.22215,35
2026/7/11 16:07,0.290243,1,0,30.273987,0.22215,35.2
2026/7/11 16:07,0.290368,1,1,30.373451,0.22215,35.4
2026/7/11 16:07,0.290529,1,1,30.242336,0.22215,35.6
2026/7/11 16:07,0.290627,1,0,30.273987,0.224031,35.8
2026/7/11 16:07,0.290748,1,0,30.355368,0.22338,36
2026/7/11 16:07,0.290873,1,0,30.242336,0.222729,36.2
2026/7/11 16:07,0.291075,1,0,30.382494,0.224609,36.4
2026/7/11 16:07,0.291155,1,1,30.237814,0.224609,36.6
2026/7/11 16:07,0.291344,1,0,30.255899,0.224609,36.8
2026/7/11 16:07,0.291415,1,0,30.387014,0.224609,37
2026/7/11 16:07,0.291644,1,1,30.355368,0.224609,37.2
2026/7/11 16:07,0.291711,1,0,30.246857,0.224609,37.4
2026/7/11 16:07,0.291842,1,0,30.373451,0.224754,37.6
2026/7/11 16:07,0.292058,1,1,30.242336,0.224609,37.8
2026/7/11 16:07,0.292175,1,0,30.242336,0.22555,38
2026/7/11 16:07,0.292239,1,0,30.387014,0.226128,38.2
2026/7/11 16:07,0.292401,1,0,30.314674,0.227069,38.4
2026/7/11 16:07,0.292623,1,1,30.255899,0.226924,38.6
2026/7/11 16:07,0.292704,1,0,30.382494,0.227069,38.8
2026/7/11 16:07,0.292805,1,0,30.242336,0.227069,39
2026/7/11 16:07,0.292906,1,0,30.255899,0.227069,39.2
2026/7/11 16:07,0.293,1,0,30.373451,0.227069,39.4
2026/7/11 16:07,0.293209,1,0,30.237814,0.227069,39.6
2026/7/11 16:07,0.293347,1,0,30.255899,0.227069,39.8
2026/7/11 16:07,0.293478,1,1,30.382494,0.229311,40
2026/7/11 16:07,0.29367,1,0,30.237814,0.227286,40.2
2026/7/11 16:07,0.293711,1,0,30.255899,0.229528,40.4
2026/7/11 16:07,0.293862,1,0,30.382494,0.229601,40.6
2026/7/11 16:07,0.293926,1,0,30.237814,0.229601,40.8
2026/7/11 16:07,0.294131,1,0,30.273987,0.229601,41
2026/7/11 16:07,0.294246,1,0,30.355368,0.229601,41.2
2026/7/11 16:07,0.294374,1,0,30.242336,0.229601,41.4
2026/7/11 16:07,0.294471,1,0,30.255899,0.229601,41.6
2026/7/11 16:07,0.294566,1,0,30.373451,0.229673,41.8
2026/7/11 16:07,0.294764,1,0,30.237814,0.229962,42
2026/7/11 16:07,0.294926,1,1,30.273987,0.229601,42.2
2026/7/11 16:07,0.295081,1,1,30.382494,0.23206,42.4
2026/7/11 16:07,0.295175,1,0,30.237814,0.231554,42.6
2026/7/11 16:07,0.295387,1,1,30.310154,0.23206,42.8
2026/7/11 16:07,0.295481,2,0,30.355368,0.23206,43
2026/7/11 16:07,0.295599,1,0,30.242336,0.23206,43.2
2026/7/11 16:07,0.29566,1,0,30.310154,0.23206,43.4
2026/7/11 16:07,0.295818,1,0,30.373451,0.23206,43.6
2026/7/11 16:07,0.295875,1,0,30.237814,0.23206,43.8
2026/7/11 16:07,0.296023,1,0,30.310154,0.23206,44
2026/7/11 16:07,0.296091,1,0,30.314674,0.232133,44.2
2026/7/11 16:07,0.296333,1,1,30.242336,0.23423,44.4
2026/7/11 16:07,0.296464,1,0,30.296591,0.234447,44.6
2026/7/11 16:07,0.296565,1,0,30.373451,0.23452,44.8
2026/7/11 16:07,0.296629,1,0,30.246857,0.23452,45
2026/7/11 16:07,0.296791,1,0,30.387014,0.23452,45.2
2026/7/11 16:07,0.296868,1,0,30.314674,0.23452,45.4
2026/7/11 16:07,0.297091,1,0,30.246857,0.23452,45.6
2026/7/11 16:07,0.297249,1,0,30.387014,0.23452,45.8
2026/7/11 16:07,0.297259,1,0,30.314674,0.23452,46
2026/7/11 16:07,0.29741,1,0,30.246857,0.23452,46.2
2026/7/11 16:07,0.297528,1,0,30.310154,0.234881,46.4
2026/7/11 16:07,0.297724,1,0,30.237814,0.234664,46.6
2026/7/11 16:07,0.297804,1,1,30.246857,0.236979,46.8
2026/7/11 16:07,0.297959,1,0,30.382494,0.236907,47
2026/7/11 16:08,0.298067,1,0,30.314674,0.236834,47.2
2026/7/11 16:08,0.298171,1,0,30.255899,0.236979,47.4
2026/7/11 16:08,0.298262,1,0,30.382494,0.236979,47.6
2026/7/11 16:08,0.298498,1,0,30.237814,0.236979,47.8
2026/7/11 16:08,0.298552,1,0,30.255899,0.236979,48
2026/7/11 16:08,0.298663,1,0,30.373451,0.236979,48.2
2026/7/11 16:08,0.298757,1,0,30.242336,0.237052,48.4
2026/7/11 16:08,0.298895,1,0,30.273987,0.238209,48.6
2026/7/11 16:08,0.29907,1,0,30.373451,0.237052,48.8
2026/7/11 16:08,0.299124,1,0,30.237814,0.237124,49
2026/7/11 16:08,0.299333,1,0,30.251377,0.239439,49.2
2026/7/11 16:08,0.299343,1,0,30.382494,0.239294,49.4
2026/7/11 16:08,0.299605,1,1,30.242336,0.239439,49.6
2026/7/11 16:08,0.2997,1,1,30.255899,0.239439,49.8
2026/7/11 16:08,0.299946,1,0,30.355368,0.239439,50
2026/7/11 16:08,0.30002,1,1,30.242336,0.239439,50.2
2026/7/11 16:08,0.300121,2,0,30.251377,0.239439,50.4
2026/7/11 16:08,0.300235,1,0,30.233294,0.239439,50.6
2026/7/11 16:08,0.300279,1,0,30.169996,0.240885,50.8
2026/7/11 16:08,0.30037,1,0,30.237814,0.239439,51
2026/7/11 16:08,0.300514,1,0,30.237814,0.240668,51.2
2026/7/11 16:08,0.300673,1,0,30.169996,0.240958,51.4
2026/7/11 16:08,0.300753,1,0,30.237814,0.241898,51.6
2026/7/11 16:08,0.300878,1,0,30.233294,0.241898,51.8
2026/7/11 16:08,0.301053,1,0,30.179039,0.241898,52
2026/7/11 16:08,0.301221,1,1,30.160955,0.241898,52.2
2026/7/11 16:08,0.301346,1,1,30.233294,0.241898,52.4
2026/7/11 16:08,0.301494,1,0,30.120266,0.241898,52.6
2026/7/11 16:08,0.301531,1,0,30.237814,0.241898,52.8
2026/7/11 16:08,0.301524,1,0,30.237814,0.241898,53
2026/7/11 16:08,0.30175,0,0,30.169996,0.24197,53.2
2026/7/11 16:08,0.301942,1,1,30.237814,0.242043,53.4
2026/7/11 16:08,0.302036,2,1,30.21973,0.244068,53.6
2026/7/11 16:08,0.302127,2,0,30.120266,0.244358,53.8
2026/7/11 16:08,0.302339,1,0,30.237814,0.244358,54
2026/7/11 16:08,0.302457,1,0,30.21973,0.244358,54.2
2026/7/11 16:08,0.302534,1,0,30.120266,0.244358,54.4
2026/7/11 16:08,0.302676,1,0,30.237814,0.244358,54.6
2026/7/11 16:08,0.302821,1,0,30.233294,0.244358,54.8
2026/7/11 16:08,0.302942,1,0,30.237814,0.244358,55
2026/7/11 16:08,0.303006,1,0,30.237814,0.244358,55.2
2026/7/11 16:08,0.303039,1,0,30.201647,0.244358,55.4
2026/7/11 16:08,0.303117,0,0,30.120266,0.244358,55.6
2026/7/11 16:08,0.303255,1,0,30.237814,0.24443,55.8
2026/7/11 16:08,0.303464,1,1,30.21069,0.244936,56
2026/7/11 16:08,0.303524,1,0,30.237814,0.246817,56.2
2026/7/11 16:08,0.303696,1,0,30.237814,0.246672,56.4
2026/7/11 16:08,0.303824,1,0,30.228773,0.246889,56.6
2026/7/11 16:08,0.303975,1,0,30.160955,0.246889,56.8
2026/7/11 16:08,0.304016,1,0,30.233294,0.246889,57
2026/7/11 16:08,0.304177,1,0,30.179039,0.246889,57.2
2026/7/11 16:08,0.304261,1,0,30.237814,0.246889,57.4
2026/7/11 16:08,0.304474,1,0,30.237814,0.246889,57.6
2026/7/11 16:08,0.304541,1,0,30.102179,0.246889,57.8
2026/7/11 16:08,0.304709,1,0,30.237814,0.246889,58
2026/7/11 16:08,0.304729,1,0,30.237814,0.246889,58.2
2026/7/11 16:08,0.304861,1,0,30.224251,0.247179,58.4
2026/7/11 16:08,0.304844,1,0,30.237814,0.246962,58.6
2026/7/11 16:08,0.304952,0,0,30.237814,0.249204,58.8
2026/7/11 16:08,0.305154,1,0,30.169996,0.249204,59
2026/7/11 16:08,0.305335,1,0,30.160955,0.248409,59.2
2026/7/11 16:08,0.305359,1,0,30.233294,0.249349,59.4
2026/7/11 16:08,0.305406,1,0,30.102179,0.249204,59.6
2026/7/11 16:08,0.305585,1,0,30.160955,0.249349,59.8
2026/7/11 16:08,0.305733,1,0,30.233294,0.249349,60
2026/7/11 16:08,0.30576,1,0,30.120266,0.249349,60.2
2026/7/11 16:08,0.305989,1,0,30.237814,0.249349,60.4
2026/7/11 16:08,0.306103,1,0,30.21973,0.249349,60.6
2026/7/11 16:08,0.306153,1,0,30.179039,0.250579,60.8
2026/7/11 16:08,0.306254,1,0,30.237814,0.249421,61
2026/7/11 16:08,0.30643,1,0,30.237814,0.250579,61.2
2026/7/11 16:08,0.306487,1,0,30.237814,0.249494,61.4
2026/7/11 16:08,0.306621,1,0,30.237814,0.251808,61.6
2026/7/11 16:08,0.306709,1,0,30.206167,0.251664,61.8
2026/7/11 16:08,0.306935,1,0,30.102179,0.251808,62
2026/7/11 16:08,0.307036,1,0,30.237814,0.251808,62.2
2026/7/11 16:08,0.307089,1,0,30.237814,0.251808,62.4
2026/7/11 16:08,0.307137,1,0,30.120266,0.251808,62.6
2026/7/11 16:08,0.307295,1,0,30.237814,0.251808,62.8
2026/7/11 16:08,0.307483,1,0,30.201647,0.251808,63
2026/7/11 16:08,0.307517,1,0,30.120266,0.251808,63.2
2026/7/11 16:08,0.307621,1,0,30.237814,0.252025,63.4
2026/7/11 16:08,0.307817,1,0,30.237814,0.253255,63.6
2026/7/11 16:08,0.307985,1,0,30.120266,0.254268,63.8
2026/7/11 16:08,0.308113,1,0,30.237814,0.252387,64
2026/7/11 16:08,0.308143,1,0,30.233294,0.252387,64.2
2026/7/11 16:08,0.308288,1,0,30.160955,0.254268,64.4
2026/7/11 16:08,0.308483,1,0,30.237814,0.254268,64.6
2026/7/11 16:08,0.308567,1,0,30.21973,0.254268,64.8
2026/7/11 16:08,0.308618,1,0,30.237814,0.254268,65
2026/7/11 16:08,0.308789,1,0,30.237814,0.254268,65.2
2026/7/11 16:08,0.30887,1,0,30.097658,0.254268,65.4
2026/7/11 16:08,0.308938,1,0,30.160955,0.254268,65.6
2026/7/11 16:08,0.309072,1,0,30.237814,0.25434,65.8
2026/7/11 16:08,0.309369,1,1,30.21973,0.254557,66
2026/7/11 16:08,0.309473,2,1,30.102179,0.256583,66.2
2026/7/11 16:08,0.309638,1,0,30.237814,0.254557,66.4
2026/7/11 16:08,0.309655,1,0,30.206167,0.256727,66.6
2026/7/11 16:08,0.309762,1,0,30.160955,0.256727,66.8
2026/7/11 16:08,0.310052,1,1,30.237814,0.256727,67
2026/7/11 16:08,0.310163,1,1,30.233294,0.256727,67.2
2026/7/11 16:08,0.310284,2,0,30.120266,0.256727,67.4
2026/7/11 16:08,0.310321,1,0,30.237814,0.256727,67.6
2026/7/11 16:08,0.310392,1,0,30.237814,0.256727,67.8
2026/7/11 16:08,0.310537,1,0,30.120266,0.256727,68
2026/7/11 16:08,0.310729,1,0,30.237814,0.256727,68.2
2026/7/11 16:08,0.310752,1,0,30.21973,0.257306,68.4
2026/7/11 16:08,0.310897,1,0,30.102179,0.2568,68.6
2026/7/11 16:08,0.311072,1,0,30.237814,0.257306,68.8
2026/7/11 16:08,0.311234,1,0,30.224251,0.259042,69
2026/7/11 16:08,0.311247,1,0,30.237814,0.259187,69.2
2026/7/11 16:08,0.31119,1,0,30.237814,0.259187,69.4
2026/7/11 16:08,0.311362,0,0,30.106699,0.259187,69.6
2026/7/11 16:08,0.311654,1,0,30.160955,0.259187,69.8
2026/7/11 16:08,0.311681,1,1,30.233294,0.259187,70
2026/7/11 16:08,0.311893,1,0,30.224251,0.259187,70.2
2026/7/11 16:08,0.311927,1,0,30.160955,0.259187,70.4
2026/7/11 16:08,0.312092,1,0,30.237814,0.259259,70.6
2026/7/11 16:08,0.312186,1,0,30.21069,0.25991,70.8
2026/7/11 16:08,0.312318,1,0,30.160955,0.261429,71
2026/7/11 16:08,0.312409,1,0,30.237814,0.259766,71.2
2026/7/11 16:08,0.312489,1,0,30.224251,0.260561,71.4
2026/7/11 16:08,0.312557,1,0,30.237814,0.261646,71.6
2026/7/11 16:08,0.312627,0,0,30.233294,0.261646,71.8
2026/7/11 16:08,0.312725,0,0,30.21069,0.261646,72
2026/7/11 16:08,0.312907,0,0,30.237814,0.261646,72.2
2026/7/11 16:08,0.313079,1,1,30.237814,0.261646,72.4
2026/7/11 16:08,0.3132,2,1,30.102179,0.261646,72.6
2026/7/11 16:08,0.31325,2,0,30.237814,0.261646,72.8
2026/7/11 16:08,0.313425,1,0,30.228773,0.261646,73
2026/7/11 16:08,0.313486,1,0,30.228773,0.262297,73.2
2026/7/11 16:08,0.313621,1,0,30.160955,0.262297,73.4
2026/7/11 16:08,0.313789,1,0,30.237814,0.26237,73.6
2026/7/11 16:08,0.313829,1,0,30.102179,0.262225,73.8
2026/7/11 16:08,0.313913,1,0,30.237814,0.263166,74
2026/7/11 16:08,0.314072,1,0,30.233294,0.264106,74.2
2026/7/11 16:08,0.314227,1,1,30.120266,0.264106,74.4
2026/7/11 16:08,0.31426,1,0,30.237814,0.264106,74.6
2026/7/11 16:08,0.314577,1,0,30.160955,0.264106,74.8
2026/7/11 16:08,0.314624,1,1,30.084095,0.264106,75
2026/7/11 16:08,0.314748,1,0,30.088615,0.264106,75.2
2026/7/11 16:08,0.314873,1,0,30.084095,0.264106,75.4
2026/7/11 16:08,0.314964,1,0,30.025318,0.264106,75.6
2026/7/11 16:08,0.315041,1,0,30.093136,0.265625,75.8
2026/7/11 16:08,0.315287,1,1,30.084095,0.266493,76
2026/7/11 16:08,0.315297,1,1,30.084095,0.266348,76.2
2026/7/11 16:08,0.315465,1,0,30.084095,0.266638,76.4
2026/7/11 16:08,0.315523,1,0,30.160955,0.266638,76.6
2026/7/11 16:08,0.315607,1,0,30.084095,0.266421,76.8
2026/7/11 16:08,0.315829,1,0,30.084095,0.266638,77
2026/7/11 16:08,0.31595,1,0,30.124786,0.266638,77.2
2026/7/11 16:08,0.316095,1,0,30.084095,0.266638,77.4
2026/7/11 16:08,0.316125,1,0,30.084095,0.266638,77.6
2026/7/11 16:08,0.316327,1,0,30.084095,0.266638,77.8
2026/7/11 16:08,0.316422,1,0,30.084095,0.266638,78
2026/7/11 16:08,0.316516,1,0,30.084095,0.266638,78.2
2026/7/11 16:08,0.316721,1,0,30.084095,0.266638,78.4
2026/7/11 16:08,0.316765,1,0,30.084095,0.267867,78.6
2026/7/11 16:08,0.31693,1,0,30.084095,0.268157,78.8
2026/7/11 16:08,0.317011,1,0,30.084095,0.269097,79
2026/7/11 16:08,0.317152,1,0,30.084095,0.269097,79.2
2026/7/11 16:08,0.317297,1,0,30.084095,0.269097,79.4
2026/7/11 16:08,0.317378,1,0,30.084095,0.269097,79.6
2026/7/11 16:08,0.317418,1,0,30.084095,0.269097,79.8
2026/7/11 16:08,0.317607,1,0,30.102179,0.269097,80
2026/7/11 16:08,0.317704,1,0,30.084095,0.269097,80.2
2026/7/11 16:08,0.317849,1,0,30.084095,0.269097,80.4
2026/7/11 16:08,0.317866,1,0,30.084095,0.269097,80.6
2026/7/11 16:08,0.318058,1,0,30.084095,0.269097,80.8
2026/7/11 16:08,0.318266,1,0,30.084095,0.269459,81
2026/7/11 16:08,0.318354,1,1,30.084095,0.27134,81.2
2026/7/11 16:08,0.318435,2,0,30.084095,0.269821,81.4
2026/7/11 16:08,0.318516,1,0,30.084095,0.270616,81.6
2026/7/11 16:08,0.31862,1,0,30.102179,0.270472,81.8
2026/7/11 16:08,0.318808,1,0,30.084095,0.271557,82
2026/7/11 16:08,0.318896,1,1,30.084095,0.271557,82.2
2026/7/11 16:08,0.318946,1,0,30.088615,0.271557,82.4
2026/7/11 16:08,0.319105,1,0,30.160955,0.271557,82.6
2026/7/11 16:08,0.31927,1,0,30.084095,0.271557,82.8
2026/7/11 16:08,0.319344,1,0,30.084095,0.271557,83
2026/7/11 16:08,0.319465,1,0,30.084095,0.271557,83.2
2026/7/11 16:08,0.31962,1,0,30.084095,0.271629,83.4
2026/7/11 16:08,0.319778,1,1,30.084095,0.273076,83.6
2026/7/11 16:08,0.319909,1,0,30.084095,0.273944,83.8
2026/7/11 16:08,0.31996,1,0,30.084095,0.273582,84
2026/7/11 16:08,0.320128,1,0,30.084095,0.272786,84.2
2026/7/11 16:08,0.320199,1,0,30.084095,0.274016,84.4
2026/7/11 16:08,0.32033,1,0,30.084095,0.274016,84.6
2026/7/11 16:08,0.320418,1,0,30.084095,0.274016,84.8
2026/7/11 16:08,0.320461,1,0,30.084095,0.274016,85
2026/7/11 16:08,0.320727,1,1,30.084095,0.274016,85.2
2026/7/11 16:08,0.320839,1,0,30.084095,0.274016,85.4
2026/7/11 16:08,0.320909,1,0,30.084095,0.274089,85.6
2026/7/11 16:08,0.321078,1,1,30.084095,0.276259,85.8
2026/7/11 16:08,0.321232,1,0,30.084095,0.274306,86
2026/7/11 16:08,0.321407,1,0,30.084095,0.274016,86.2
2026/7/11 16:08,0.321441,1,0,30.084095,0.274595,86.4
2026/7/11 16:08,0.321519,1,0,30.120266,0.275969,86.6
2026/7/11 16:08,0.321616,1,0,30.084095,0.276476,86.8
2026/7/11 16:08,0.321744,1,0,29.971064,0.274595,87
2026/7/11 16:08,0.321791,1,0,30.084095,0.276259,87.2
2026/7/11 16:08,0.321919,1,0,30.084095,0.276476,87.4
2026/7/11 16:08,0.322027,0,0,29.971064,0.276476,87.6
2026/7/11 16:08,0.322057,1,0,30.084095,0.276476,87.8
2026/7/11 16:08,0.322155,1,0,30.084095,0.276476,88
2026/7/11 16:08,0.322353,1,0,30.084095,0.276476,88.2
2026/7/11 16:08,0.322505,1,0,30.084095,0.276476,88.4
2026/7/11 16:08,0.322566,1,0,30.084095,0.276476,88.6
2026/7/11 16:08,0.322643,1,0,30.084095,0.277054,88.8
2026/7/11 16:08,0.322774,1,0,30.084095,0.278646,89
2026/7/11 16:08,0.323091,1,0,30.084095,0.278935,89.2
2026/7/11 16:08,0.323185,2,1,30.084095,0.278935,89.4
2026/7/11 16:08,0.323175,2,0,30.084095,0.278935,89.6
2026/7/11 16:08,0.323242,1,0,30.084095,0.278935,89.8
2026/7/11 16:08,0.323522,1,0,30.088615,0.278935,90
2026/7/11 16:08,0.323639,1,1,30.084095,0.278935,90.2
2026/7/11 16:08,0.32371,2,0,30.084095,0.278935,90.4
2026/7/11 16:08,0.323889,2,0,30.084095,0.278935,90.6
2026/7/11 16:08,0.323949,1,0,30.084095,0.278935,90.8
2026/7/11 16:08,0.324101,1,0,30.084095,0.27908,91
2026/7/11 16:08,0.324134,1,0,30.084095,0.279297,91.2
2026/7/11 16:08,0.324282,1,0,30.084095,0.281178,91.4
2026/7/11 16:08,0.324511,1,0,30.084095,0.281395,91.6
2026/7/11 16:08,0.324616,1,0,30.084095,0.281395,91.8
2026/7/11 16:08,0.324727,1,0,30.084095,0.281395,92
2026/7/11 16:08,0.324794,1,0,30.084095,0.281395,92.2
2026/7/11 16:08,0.324956,1,0,30.084095,0.281395,92.4
2026/7/11 16:08,0.325016,1,0,30.084095,0.281395,92.6
2026/7/11 16:08,0.325202,1,0,30.084095,0.281395,92.8
2026/7/11 16:08,0.325306,1,0,30.084095,0.281395,93
2026/7/11 16:08,0.325505,1,1,30.084095,0.281395,93.2
2026/7/11 16:08,0.325565,1,0,30.084095,0.281395,93.4
2026/7/11 16:08,0.32575,1,0,30.084095,0.281395,93.6
2026/7/11 16:08,0.325784,1,0,30.084095,0.282914,93.8
2026/7/11 16:08,0.325875,1,0,30.084095,0.283565,94
2026/7/11 16:08,0.326026,1,0,30.084095,0.283709,94.2
2026/7/11 16:08,0.326168,1,0,30.084095,0.282624,94.4
2026/7/11 16:08,0.326242,1,0,30.084095,0.283854,94.6
2026/7/11 16:08,0.326363,1,0,30.084095,0.283854,94.8
2026/7/11 16:08,0.326531,1,0,30.084095,0.283854,95
2026/7/11 16:08,0.326629,1,0,30.084095,0.283854,95.2
2026/7/11 16:08,0.326717,1,0,30.093136,0.283854,95.4
2026/7/11 16:08,0.326838,1,0,30.084095,0.285084,95.6
2026/7/11 16:08,0.326966,1,0,30.084095,0.283854,95.8
2026/7/11 16:08,0.327154,1,0,30.093136,0.283854,96
2026/7/11 16:08,0.327205,1,0,30.084095,0.283927,96.2
2026/7/11 16:08,0.327363,1,0,30.084095,0.285229,96.4
2026/7/11 16:08,0.327467,1,0,30.084095,0.286386,96.6
2026/7/11 16:08,0.327575,1,0,30.084095,0.286386,96.8
2026/7/11 16:08,0.327602,1,0,30.084095,0.286386,97
2026/7/11 16:08,0.327764,1,0,30.084095,0.286386,97.2
2026/7/11 16:08,0.327942,1,0,30.084095,0.286386,97.4
2026/7/11 16:08,0.328083,1,0,30.084095,0.286386,97.6
2026/7/11 16:08,0.328174,1,0,30.084095,0.286386,97.8
2026/7/11 16:08,0.328302,1,0,30.084095,0.286458,98
2026/7/11 16:08,0.328447,1,0,30.084095,0.286386,98.2
2026/7/11 16:08,0.328555,1,0,30.084095,0.288339,98.4
2026/7/11 16:08,0.328609,1,0,30.084095,0.287616,98.6
2026/7/11 16:08,0.328689,1,0,30.084095,0.288267,98.8
2026/7/11 16:08,0.328854,1,0,30.093136,0.286386,99
2026/7/11 16:08,0.328955,1,0,30.084095,0.287833,99.2
2026/7/11 16:08,0.329087,1,0,30.084095,0.288773,99.4
2026/7/11 16:08,0.329198,1,0,30.084095,0.288845,99.6
2026/7/11 16:08,0.329346,1,0,30.084095,0.288845,99.8
2026/7/11 16:08,0.329447,1,0,30.084095,0.288845,100
2026/7/11 16:08,0.329652,1,0,30.084095,0.288845,100.2
2026/7/11 16:08,0.329662,1,0,30.084095,0.288845,100.4
2026/7/11 16:08,0.329851,1,0,30.084095,0.288845,100.6
2026/7/11 16:08,0.329915,1,0,30.124786,0.288845,100.8
2026/7/11 16:08,0.3301,1,0,30.084095,0.288845,101
2026/7/11 16:08,0.330124,1,0,30.084095,0.288918,101.2
2026/7/11 16:08,0.330181,1,0,30.084095,0.291016,101.4
2026/7/11 16:08,0.330494,1,1,30.084095,0.291305,101.6
2026/7/11 16:08,0.330598,1,0,30.084095,0.291088,101.8
2026/7/11 16:08,0.330692,1,0,30.084095,0.291305,102
2026/7/11 16:08,0.330827,1,0,30.084095,0.291305,102.2
2026/7/11 16:08,0.330925,1,0,30.084095,0.291305,102.4
2026/7/11 16:08,0.331019,1,0,30.084095,0.291305,102.6
2026/7/11 16:08,0.331103,1,0,30.084095,0.291305,102.8
2026/7/11 16:08,0.331305,1,0,30.088615,0.291305,103
2026/7/11 16:08,0.331436,1,0,30.084095,0.291305,103.2
2026/7/11 16:08,0.331534,1,0,30.084095,0.291305,103.4
2026/7/11 16:08,0.331595,1,0,30.084095,0.291594,103.6
2026/7/11 16:08,0.331756,1,0,30.084095,0.292535,103.8
2026/7/11 16:08,0.331787,1,0,30.084095,0.293186,104
2026/7/11 16:08,0.331999,1,0,30.084095,0.29362,104.2
2026/7/11 16:08,0.332002,1,0,30.084095,0.29362,104.4
2026/7/11 16:08,0.332241,1,0,30.084095,0.293764,104.6
2026/7/11 16:08,0.332315,1,0,30.084095,0.293764,104.8
2026/7/11 16:08,0.332457,1,0,30.084095,0.293764,105
2026/7/11 16:08,0.332521,1,0,30.084095,0.293764,105.2
2026/7/11 16:08,0.332743,1,1,30.084095,0.293764,105.4
2026/7/11 16:08,0.332894,1,0,30.084095,0.293764,105.6
2026/7/11 16:08,0.332941,1,0,30.084095,0.293764,105.8
2026/7/11 16:08,0.332999,1,0,30.084095,0.293837,106
2026/7/11 16:08,0.33315,1,0,30.084095,0.293764,106.2
2026/7/11 16:08,0.333369,1,0,30.084095,0.294054,106.4
2026/7/11 16:08,0.333386,1,0,30.084095,0.294994,106.6
2026/7/11 16:08,0.333467,1,0,30.084095,0.296152,106.8
2026/7/11 16:08,0.333584,1,0,30.084095,0.296224,107
2026/7/11 16:09,0.333864,1,0,30.084095,0.296224,107.2
2026/7/11 16:09,0.333931,1,1,30.084095,0.296224,107.4
2026/7/11 16:09,0.333938,1,0,30.084095,0.296224,107.6
2026/7/11 16:09,0.33417,1,1,30.084095,0.296224,107.8
2026/7/11 16:09,0.334248,1,1,30.084095,0.296224,108
2026/7/11 16:09,0.334396,1,0,30.084095,0.296369,108.2
2026/7/11 16:09,0.334554,1,0,30.084095,0.296224,108.4
2026/7/11 16:09,0.334638,1,0,30.084095,0.298539,108.6
2026/7/11 16:09,0.334736,1,0,30.084095,0.297598,108.8
2026/7/11 16:09,0.334837,1,0,30.084095,0.296513,109
2026/7/11 16:09,0.335005,1,0,30.084095,0.298466,109.2
2026/7/11 16:09,0.335029,1,0,30.084095,0.298683,109.4
2026/7/11 16:09,0.33515,1,0,30.084095,0.298249,109.6
2026/7/11 16:09,0.335308,1,0,30.084095,0.297454,109.8
2026/7/11 16:09,0.335433,1,0,30.084095,0.298683,110
2026/7/11 16:09,0.335497,1,0,30.084095,0.298683,110.2
2026/7/11 16:09,0.335645,1,0,30.084095,0.298683,110.4
2026/7/11 16:09,0.335752,1,0,30.084095,0.298683,110.6
2026/7/11 16:09,0.335951,1,0,30.111221,0.298683,110.8
2026/7/11 16:09,0.336029,1,0,30.084095,0.298683,111
2026/7/11 16:09,0.33613,1,0,30.084095,0.301071,111.2
2026/7/11 16:09,0.336207,1,0,30.084095,0.300564,111.4
2026/7/11 16:09,0.336419,1,0,30.084095,0.300998,111.6
2026/7/11 16:09,0.336449,1,0,30.084095,0.300564,111.8
2026/7/11 16:09,0.336601,1,0,30.084095,0.299913,112
2026/7/11 16:09,0.336655,1,0,30.084095,0.301143,112.2
2026/7/11 16:09,0.33688,1,1,30.084095,0.301143,112.4
2026/7/11 16:09,0.336971,1,0,30.093136,0.301143,112.6
2026/7/11 16:09,0.337109,1,0,30.084095,0.301143,112.8
2026/7/11 16:09,0.337153,1,0,30.007235,0.301143,113
2026/7/11 16:09,0.337362,0,0,30.084095,0.301143,113.2
2026/7/11 16:09,0.337453,1,0,30.084095,0.301143,113.4
2026/7/11 16:09,0.337513,1,0,30.084095,0.301143,113.6
2026/7/11 16:09,0.337665,1,0,30.084095,0.301577,113.8
2026/7/11 16:09,0.337752,1,0,30.070532,0.301215,114
2026/7/11 16:09,0.337917,1,0,30.084095,0.301722,114.2
2026/7/11 16:09,0.337961,1,0,30.084095,0.303602,114.4
2026/7/11 16:09,0.338166,1,0,30.084095,0.303458,114.6
2026/7/11 16:09,0.338257,1,0,30.084095,0.303602,114.8
2026/7/11 16:09,0.338351,1,0,30.084095,0.303602,115
2026/7/11 16:09,0.338466,1,0,30.084095,0.303602,115.2
2026/7/11 16:09,0.33859,1,0,30.084095,0.303602,115.4
2026/7/11 16:09,0.338766,1,0,30.084095,0.303602,115.6
2026/7/11 16:09,0.338809,1,0,30.084095,0.303602,115.8
2026/7/11 16:09,0.33889,1,0,30.084095,0.303602,116
2026/7/11 16:09,0.339048,1,0,30.084095,0.303602,116.2
2026/7/11 16:09,0.339213,1,0,30.084095,0.305556,116.4
2026/7/11 16:09,0.339355,1,0,30.084095,0.30476,116.6
2026/7/11 16:09,0.339415,1,0,30.084095,0.306134,116.8
2026/7/11 16:09,0.339523,1,0,30.084095,0.30476,117
2026/7/11 16:09,0.339671,1,0,30.084095,0.306134,117.2
2026/7/11 16:09,0.339745,1,0,30.084095,0.306134,117.4
2026/7/11 16:09,0.339779,1,0,30.084095,0.306134,117.6
2026/7/11 16:09,0.339937,1,0,30.084095,0.306134,117.8
2026/7/11 16:09,0.340055,1,0,30.160955,0.306134,118
2026/7/11 16:09,0.340213,1,0,30.084095,0.306134,118.2
2026/7/11 16:09,0.340338,1,0,30.093136,0.306134,118.4
2026/7/11 16:09,0.340483,1,0,30.084095,0.306134,118.6
2026/7/11 16:09,0.34057,1,0,30.084095,0.306134,118.8
2026/7/11 16:09,0.340775,1,0,30.084095,0.306858,119
2026/7/11 16:09,0.340735,1,0,30.084095,0.307075,119.2
2026/7/11 16:09,0.340944,1,0,30.084095,0.307436,119.4
2026/7/11 16:09,0.340984,1,0,29.948458,0.306713,119.6
2026/7/11 16:09,0.341179,1,0,30.06601,0.306858,119.8
2026/7/11 16:09,0.341277,1,0,29.934895,0.308594,120
2026/7/11 16:09,0.341486,1,0,30.007235,0.308594,120.2
2026/7/11 16:09,0.341543,1,0,30.06601,0.308594,120.4
2026/7/11 16:09,0.341624,1,0,29.930374,0.308594,120.6
2026/7/11 16:09,0.341671,1,0,30.084095,0.308594,120.8
2026/7/11 16:09,0.341913,1,0,30.084095,0.308594,121
2026/7/11 16:09,0.342078,1,1,30.084095,0.308594,121.2
2026/7/11 16:09,0.342125,1,0,29.966541,0.308666,121.4
2026/7/11 16:09,0.34225,1,0,30.06601,0.308811,121.6
2026/7/11 16:09,0.34228,1,0,29.934895,0.310041,121.8
2026/7/11 16:09,0.342449,1,0,30.002712,0.309245,122
2026/7/11 16:09,0.3426,1,0,30.047924,0.311053,122.2
2026/7/11 16:09,0.34264,1,0,29.934895,0.310981,122.4
2026/7/11 16:09,0.342805,1,0,30.002712,0.309389,122.6
2026/7/11 16:09,0.342883,1,0,30.007235,0.310836,122.8
2026/7/11 16:09,0.343082,1,0,29.930374,0.311053,123
2026/7/11 16:09,0.343082,1,0,30.002712,0.311053,123.2
2026/7/11 16:09,0.3433,1,0,30.047924,0.311053,123.4
2026/7/11 16:09,0.343422,1,0,29.939417,0.311053,123.6
2026/7/11 16:09,0.343539,1,0,30.002712,0.311053,123.8
2026/7/11 16:09,0.343556,1,0,30.047924,0.311126,124
2026/7/11 16:09,0.343741,1,0,29.934895,0.313006,124.2
2026/7/11 16:09,0.343829,1,0,30.079573,0.311126,124.4
2026/7/11 16:09,0.343947,1,0,30.007235,0.311704,124.6
2026/7/11 16:09,0.344098,1,0,29.939417,0.311343,124.8
2026/7/11 16:09,0.344166,1,0,30.002712,0.313513,125
2026/7/11 16:09,0.34432,1,0,30.007235,0.313513,125.2
2026/7/11 16:09,0.344391,1,0,29.939417,0.313513,125.4
2026/7/11 16:09,0.344516,1,0,30.079573,0.313513,125.6
2026/7/11 16:09,0.344633,1,0,29.930374,0.313513,125.8
2026/7/11 16:09,0.344758,1,0,29.939417,0.313513,126
2026/7/11 16:09,0.344782,1,0,30.079573,0.313513,126.2
2026/7/11 16:09,0.344876,1,0,30.007235,0.313513,126.4
2026/7/11 16:09,0.345034,1,0,29.939417,0.313513,126.6
2026/7/11 16:09,0.345216,1,0,30.06601,0.313513,126.8
2026/7/11 16:09,0.345324,1,0,30.007235,0.313802,127
2026/7/11 16:09,0.345448,1,0,29.948458,0.313585,127.2
2026/7/11 16:09,0.345499,1,0,30.079573,0.315466,127.4
2026/7/11 16:09,0.345731,1,0,29.930374,0.315683,127.6
2026/7/11 16:09,0.345798,1,0,29.948458,0.314091,127.8
2026/7/11 16:09,0.345906,1,0,30.002712,0.315828,128
2026/7/11 16:09,0.345957,1,0,30.007235,0.315972,128.2
2026/7/11 16:09,0.346074,1,0,29.939417,0.315972,128.4
2026/7/11 16:09,0.346185,1,0,30.002712,0.315972,128.6
2026/7/11 16:09,0.346347,1,0,29.930374,0.315972,128.8
2026/7/11 16:09,0.346394,1,0,29.939417,0.315972,129
2026/7/11 16:09,0.346552,1,0,30.075052,0.315972,129.2
2026/7/11 16:09,0.346717,1,0,29.930374,0.315972,129.4
2026/7/11 16:09,0.346788,1,0,29.966541,0.316623,129.6
2026/7/11 16:09,0.346896,1,0,30.075052,0.317347,129.8
2026/7/11 16:09,0.347105,1,0,29.934895,0.316913,130
2026/7/11 16:09,0.347115,1,0,29.948458,0.318215,130.2
2026/7/11 16:09,0.347229,1,0,30.084095,0.316985,130.4
2026/7/11 16:09,0.347266,1,0,30.084095,0.318142,130.6
2026/7/11 16:09,0.347492,1,0,30.084095,0.318432,130.8
2026/7/11 16:09,0.347653,1,0,30.084095,0.318432,131
2026/7/11 16:09,0.347754,1,0,30.084095,0.318432,131.2
2026/7/11 16:09,0.347805,1,0,30.084095,0.318432,131.4
2026/7/11 16:09,0.347966,1,0,30.084095,0.318432,131.6
2026/7/11 16:09,0.348051,1,0,30.084095,0.318432,131.8
2026/7/11 16:09,0.348195,1,0,30.084095,0.318432,132
2026/7/11 16:09,0.348242,1,0,30.084095,0.318432,132.2
2026/7/11 16:09,0.34837,1,0,30.084095,0.319083,132.4
2026/7/11 16:09,0.348515,1,0,30.084095,0.318432,132.6
2026/7/11 16:09,0.348539,1,0,30.06601,0.319806,132.8
2026/7/11 16:09,0.348687,1,0,29.930374,0.320747,133
2026/7/11 16:09,0.348798,1,0,30.007235,0.320891,133.2
2026/7/11 16:09,0.348912,1,0,30.06601,0.320891,133.4
2026/7/11 16:09,0.34902,1,0,29.934895,0.31901,133.6
2026/7/11 16:09,0.349162,1,0,29.966541,0.320891,133.8
2026/7/11 16:09,0.349215,1,0,30.06601,0.320891,134
2026/7/11 16:09,0.349384,1,0,29.934895,0.320891,134.2
2026/7/11 16:09,0.349421,1,0,29.948458,0.320891,134.4
2026/7/11 16:09,0.349559,1,0,30.06601,0.320891,134.6
2026/7/11 16:09,0.349656,1,0,29.934895,0.320891,134.8
2026/7/11 16:09,0.349761,1,0,29.966541,0.320964,135
2026/7/11 16:09,0.349956,1,0,30.007235,0.320891,135.2
2026/7/11 16:09,0.350057,1,1,29.934895,0.321832,135.4
2026/7/11 16:09,0.350071,1,0,29.948458,0.323134,135.6
2026/7/11 16:09,0.350188,1,0,30.06601,0.322049,135.8
2026/7/11 16:09,0.35031,1,0,29.934895,0.322266,136
2026/7/11 16:09,0.350448,1,0,30.002712,0.322917,136.2
2026/7/11 16:09,0.350532,1,0,30.047924,0.323423,136.4
2026/7/11 16:09,0.350683,1,0,29.934895,0.323423,136.6
2026/7/11 16:09,0.350717,1,0,30.002712,0.323423,136.8
2026/7/11 16:09,0.350939,1,0,30.047924,0.323423,137
2026/7/11 16:09,0.351003,1,0,29.930374,0.323423,137.2
2026/7/11 16:09,0.351134,1,0,29.962021,0.323423,137.4
2026/7/11 16:09,0.351198,1,0,30.06601,0.323423,137.6
2026/7/11 16:09,0.351296,1,0,29.930374,0.323423,137.8
2026/7/11 16:09,0.351377,1,0,30.002712,0.324725,138
2026/7/11 16:09,0.351532,1,0,30.047924,0.325304,138.2
2026/7/11 16:09,0.351649,1,0,29.934895,0.325304,138.4
2026/7/11 16:09,0.35174,1,0,30.002712,0.32581,138.6
2026/7/11 16:09,0.351828,1,0,30.007235,0.325666,138.8
2026/7/11 16:09,0.351976,1,0,29.934895,0.325448,139
2026/7/11 16:09,0.352067,1,0,30.002712,0.325883,139.2
2026/7/11 16:09,0.352181,1,0,30.047924,0.325883,139.4
2026/7/11 16:09,0.352218,1,0,29.934895,0.325883,139.6
2026/7/11 16:09,0.35235,1,0,30.002712,0.325883,139.8
2026/7/11 16:09,0.352478,1,0,30.007235,0.325883,140
2026/7/11 16:09,0.352616,1,0,29.939417,0.325883,140.2
2026/7/11 16:09,0.352784,1,0,30.007235,0.325883,140.4
2026/7/11 16:09,0.352845,1,0,29.930374,0.325883,140.6
2026/7/11 16:09,0.352932,1,0,29.934895,0.325883,140.8
2026/7/11 16:09,0.353026,1,0,30.007235,0.325883,141
2026/7/11 16:09,0.353124,1,0,30.047924,0.326027,141.2
2026/7/11 16:09,0.353191,1,0,29.930374,0.327257,141.4
2026/7/11 16:09,0.353323,1,0,29.966541,0.327112,141.6
2026/7/11 16:09,0.353447,1,0,30.047924,0.327257,141.8
2026/7/11 16:09,0.353582,1,0,29.934895,0.327908,142
2026/7/11 16:09,0.353683,1,0,30.002712,0.328342,142.2
2026/7/11 16:09,0.353828,1,0,30.007235,0.328342,142.4
2026/7/11 16:09,0.353881,1,0,29.934895,0.328342,142.6
2026/7/11 16:09,0.353952,1,0,30.06601,0.328342,142.8
2026/7/11 16:09,0.354013,0,0,29.930374,0.328342,143
2026/7/11 16:09,0.354218,1,0,29.930374,0.328342,143.2
2026/7/11 16:09,0.354262,1,0,29.948458,0.328342,143.4
2026/7/11 16:09,0.3544,1,0,30.007235,0.328342,143.6
2026/7/11 16:09,0.354437,1,0,29.948458,0.328342,143.8
2026/7/11 16:09,0.354609,1,0,30.079573,0.328631,144
2026/7/11 16:09,0.354777,1,0,29.930374,0.328921,144.2
2026/7/11 16:09,0.354827,1,0,29.934895,0.329716,144.4
2026/7/11 16:09,0.354952,1,0,30.075052,0.330802,144.6
2026/7/11 16:09,0.354982,1,0,29.930374,0.330802,144.8
2026/7/11 16:09,0.355174,1,0,29.939417,0.330802,145
2026/7/11 16:09,0.355269,1,0,30.002712,0.330802,145.2
2026/7/11 16:09,0.355353,1,0,30.007235,0.330802,145.4
2026/7/11 16:09,0.355393,1,0,29.939417,0.330802,145.6
2026/7/11 16:09,0.355561,1,0,30.079573,0.330802,145.8
2026/7/11 16:09,0.355635,1,0,29.930374,0.330802,146
2026/7/11 16:09,0.355824,1,0,29.948458,0.330802,146.2
2026/7/11 16:09,0.355854,1,0,30.06601,0.330802,146.4
2026/7/11 16:09,0.355949,1,0,29.930374,0.330802,146.6
2026/7/11 16:09,0.356087,1,0,29.939417,0.330802,146.8
2026/7/11 16:09,0.356191,1,0,30.079573,0.330802,147
2026/7/11 16:09,0.356275,1,0,30.047924,0.333261,147.2
2026/7/11 16:09,0.356393,1,0,29.948458,0.331091,147.4
2026/7/11 16:09,0.356484,1,0,30.079573,0.331091,147.6
2026/7/11 16:09,0.356598,1,0,30.007235,0.333189,147.8
2026/7/11 16:09,0.356676,1,0,29.939417,0.332827,148
2026/7/11 16:09,0.356834,1,0,30.075052,0.333261,148.2
2026/7/11 16:09,0.356874,1,0,29.930374,0.332031,148.4
2026/7/11 16:09,0.356985,1,0,29.939417,0.333261,148.6
2026/7/11 16:09,0.357043,1,0,30.075052,0.333261,148.8
2026/7/11 16:09,0.357194,1,0,29.930374,0.333261,149
2026/7/11 16:09,0.357255,1,0,29.948458,0.333261,149.2
2026/7/11 16:09,0.357376,1,0,30.075052,0.333261,149.4
2026/7/11 16:09,0.357474,1,0,30.007235,0.333261,149.6
2026/7/11 16:09,0.357578,1,0,29.939417,0.333261,149.8
2026/7/11 16:09,0.357753,1,0,30.079573,0.333695,150
2026/7/11 16:09,0.35782,1,0,30.007235,0.33355,150.2
2026/7/11 16:09,0.357911,1,0,29.948458,0.335576,150.4
2026/7/11 16:09,0.357982,1,0,30.075052,0.334491,150.6
2026/7/11 16:09,0.358096,1,0,29.930374,0.335214,150.8
2026/7/11 16:09,0.358113,1,0,29.966541,0.334491,151
2026/7/11 16:09,0.358194,1,0,30.06601,0.33572,151.2
2026/7/11 16:09,0.358302,0,0,29.930374,0.33572,151.4
2026/7/11 16:09,0.358413,0,0,29.948458,0.33572,151.6
2026/7/11 16:09,0.358568,1,0,30.047924,0.33572,151.8
2026/7/11 16:09,0.358645,1,0,29.930374,0.33572,152
2026/7/11 16:09,0.358659,1,0,29.962021,0.33572,152.2
2026/7/11 16:09,0.35876,1,0,30.06601,0.33572,152.4
2026/7/11 16:09,0.358921,1,0,29.934895,0.33572,152.6
2026/7/11 16:09,0.358985,1,0,30.007235,0.33572,152.8
2026/7/11 16:09,0.359039,1,0,30.084095,0.33572,153
2026/7/11 16:09,0.359187,1,0,30.084095,0.335793,153.2
2026/7/11 16:09,0.359255,1,0,30.084095,0.33695,153.4
2026/7/11 16:09,0.359409,1,0,30.084095,0.338108,153.6
2026/7/11 16:09,0.359473,1,0,30.084095,0.338108,153.8
2026/7/11 16:09,0.359621,1,0,30.084095,0.33724,154
2026/7/11 16:09,0.359712,1,0,30.084095,0.33818,154.2
2026/7/11 16:09,0.359813,1,0,30.084095,0.33818,154.4
2026/7/11 16:09,0.359921,1,0,30.084095,0.33818,154.6
2026/7/11 16:09,0.359975,1,0,30.160955,0.33818,154.8
2026/7/11 16:09,0.360032,0,0,30.084095,0.33818,155
2026/7/11 16:09,0.36013,0,0,30.084095,0.33818,155.2
2026/7/11 16:09,0.360221,0,0,30.084095,0.33818,155.4
2026/7/11 16:09,0.360328,1,0,30.084095,0.33818,155.6
2026/7/11 16:09,0.360423,1,0,30.084095,0.338252,155.8
2026/7/11 16:09,0.36049,1,0,30.084095,0.33818,156
2026/7/11 16:09,0.360621,1,0,30.084095,0.33818,156.2
2026/7/11 16:09,0.360679,1,0,30.084095,0.33818,156.4
2026/7/11 16:09,0.360776,1,0,30.084095,0.338542,156.6
2026/7/11 16:09,0.360901,1,0,30.084095,0.34035,156.8
2026/7/11 16:09,0.361015,1,0,30.084095,0.34035,157
2026/7/11 16:09,0.361073,1,0,30.084095,0.33941,157.2
2026/7/11 16:09,0.361221,1,0,30.084095,0.340639,157.4
2026/7/11 16:09,0.361275,1,0,30.084095,0.340639,157.6
2026/7/11 16:09,0.361409,1,0,30.084095,0.340639,157.8
2026/7/11 16:09,0.3615,1,0,30.084095,0.340639,158
2026/7/11 16:09,0.361695,1,0,30.102179,0.340639,158.2
2026/7/11 16:09,0.361695,1,0,30.084095,0.340639,158.4
2026/7/11 16:09,0.36179,1,0,30.084095,0.340639,158.6
2026/7/11 16:09,0.36185,1,0,30.084095,0.340639,158.8
2026/7/11 16:09,0.361985,1,0,30.084095,0.340639,159
2026/7/11 16:09,0.362109,1,0,30.084095,0.340639,159.2
2026/7/11 16:09,0.36219,1,0,30.084095,0.341869,159.4
2026/7/11 16:09,0.362244,1,0,30.084095,0.341146,159.6
2026/7/11 16:09,0.362342,0,0,30.084095,0.340784,159.8
2026/7/11 16:09,0.362436,1,0,30.084095,0.341942,160
2026/7/11 16:09,0.3625,1,0,30.084095,0.342231,160.2
2026/7/11 16:09,0.362581,1,0,30.084095,0.340784,160.4
2026/7/11 16:09,0.362672,1,0,30.084095,0.343171,160.6
2026/7/11 16:09,0.362779,0,0,30.084095,0.343027,160.8
2026/7/11 16:09,0.36288,1,0,30.084095,0.343171,161
2026/7/11 16:09,0.363005,1,0,30.084095,0.343171,161.2
2026/7/11 16:09,0.363109,1,0,30.084095,0.343171,161.4
2026/7/11 16:09,0.363116,1,0,30.084095,0.343171,161.6
2026/7/11 16:09,0.363291,0,0,30.084095,0.343171,161.8
2026/7/11 16:09,0.363365,1,0,30.084095,0.343171,162
2026/7/11 16:09,0.363409,1,0,30.084095,0.343171,162.2
2026/7/11 16:09,0.36348,1,0,30.084095,0.343171,162.4
2026/7/11 16:09,0.363631,1,0,30.084095,0.343171,162.6
2026/7/11 16:09,0.363712,1,0,30.084095,0.343171,162.8
2026/7/11 16:09,0.363746,1,0,30.084095,0.343244,163
2026/7/11 16:09,0.363927,1,0,30.084095,0.345631,163.2
2026/7/11 16:09,0.363941,1,0,30.084095,0.345631,163.4
2026/7/11 16:09,0.364089,1,0,30.084095,0.345558,163.6
2026/7/11 16:09,0.364133,1,0,30.084095,0.345631,163.8
2026/7/11 16:09,0.364284,1,0,30.084095,0.345197,164
2026/7/11 16:09,0.364352,1,0,30.084095,0.345631,164.2
2026/7/11 16:09,0.364395,1,0,30.084095,0.345631,164.4
2026/7/11 16:09,0.364486,0,0,30.084095,0.345631,164.6
2026/7/11 16:09,0.364584,1,0,30.084095,0.345631,164.8
2026/7/11 16:09,0.364692,1,0,30.084095,0.345631,165
2026/7/11 16:09,0.364749,1,0,30.084095,0.345631,165.2
2026/7/11 16:09,0.36484,1,0,30.084095,0.345631,165.4
2026/7/11 16:09,0.36491,0,0,30.084095,0.345631,165.6
2026/7/11 16:09,0.365075,0,0,30.084095,0.345631,165.8
2026/7/11 16:09,0.365112,0,0,30.084095,0.345631,166
2026/7/11 16:09,0.36525,1,0,30.084095,0.345775,166.2
2026/7/11 16:09,0.365277,1,0,30.084095,0.345631,166.4
2026/7/11 16:09,0.365375,1,0,30.084095,0.346716,166.6
2026/7/11 16:09,0.365436,1,0,30.084095,0.345992,166.8
2026/7/11 16:09,0.365489,0,0,30.084095,0.346861,167
2026/7/11 16:10,0.365503,0,0,30.084095,0.345992,167.2
2026/7/11 16:10,0.365523,0,0,30.084095,0.346427,167.4
2026/7/11 16:10,0.365526,0,0,30.084095,0.34809,167.6
2026/7/11 16:10,0.365526,0,0,30.084095,0.34809,167.8
2026/7/11 16:10,0.365516,0,0,30.084095,0.34809,168
2026/7/11 16:10,0.365513,0,0,30.088615,0.34809,168.2
2026/7/11 16:10,0.365513,0,0,30.084095,0.34809,168.4
2026/7/11 16:10,0.365506,0,0,30.084095,0.34809,168.6
2026/7/11 16:10,0.365496,0,0,30.084095,0.34809,168.8
2026/7/11 16:10,0.365496,0,0,30.084095,0.34809,169
2026/7/11 16:10,0.365493,0,0,30.084095,0.34809,169.2
2026/7/11 16:10,0.365489,0,0,30.084095,0.34809,169.4
2026/7/11 16:10,0.365493,0,0,30.084095,0.349899,169.6
2026/7/11 16:10,0.365483,0,0,30.084095,0.34809,169.8
2026/7/11 16:10,0.365479,0,0,30.084095,0.34838,170
2026/7/11 16:10,0.365479,0,0,30.124786,0.346209,170.2
2026/7/11 16:10,0.365476,0,0,30.084095,0.33818,170.4
2026/7/11 16:10,0.365469,0,0,30.084095,0.336806,170.6
2026/7/11 16:10,0.365463,0,0,30.084095,0.33572,170.8
2026/7/11 16:10,0.365456,0,0,30.084095,0.33572,171
2026/7/11 16:10,0.365452,0,0,30.084095,0.333767,171.2
2026/7/11 16:10,0.365449,0,0,30.084095,0.333261,171.4
2026/7/11 16:10,0.365452,0,0,30.084095,0.332321,171.6
2026/7/11 16:10,0.365446,0,0,30.084095,0.332682,171.8
2026/7/11 16:10,0.365439,0,0,30.084095,0.330802,172
2026/7/11 16:10,0.365446,0,0,30.084095,0.330802,172.2
2026/7/11 16:10,0.365436,0,0,30.084095,0.330729,172.4
2026/7/11 16:10,0.365432,0,0,30.084095,0.328921,172.6
2026/7/11 16:10,0.365432,0,0,30.084095,0.328342,172.8
2026/7/11 16:10,0.365432,0,0,30.084095,0.328342,173
2026/7/11 16:10,0.365425,0,0,30.084095,0.328342,173.2
2026/7/11 16:10,0.365419,0,0,30.084095,0.328342,173.4
2026/7/11 16:10,0.365419,0,0,30.084095,0.327257,173.6
2026/7/11 16:10,0.365412,0,0,30.102179,0.328342,173.8
2026/7/11 16:10,0.365412,0,0,30.084095,0.326606,174
2026/7/11 16:10,0.365402,0,0,30.084095,0.325883,174.2
2026/7/11 16:10,0.365402,0,0,30.084095,0.325883,174.4
2026/7/11 16:10,0.365395,0,0,30.084095,0.325883,174.6
2026/7/11 16:10,0.365399,0,0,30.084095,0.325883,174.8
2026/7/11 16:10,0.365402,0,0,30.084095,0.325883,175
2026/7/11 16:10,0.365392,0,0,30.084095,0.325883,175.2
2026/7/11 16:10,0.365385,0,0,30.084095,0.325883,175.4
2026/7/11 16:10,0.365385,0,0,30.084095,0.325883,175.6
2026/7/11 16:10,0.365385,0,0,30.084095,0.325883,175.8
2026/7/11 16:10,0.365382,0,0,30.084095,0.325883,176
2026/7/11 16:10,0.365375,0,0,30.084095,0.324942,176.2
2026/7/11 16:10,0.365372,0,0,30.084095,0.325883,176.4
2026/7/11 16:10,0.365362,0,0,30.084095,0.324653,176.6
2026/7/11 16:10,0.365362,0,0,30.084095,0.325883,176.8
2026/7/11 16:10,0.365358,0,0,30.084095,0.325448,177
2026/7/11 16:10,0.365358,0,0,30.084095,0.325883,177.2
2026/7/11 16:10,0.365355,0,0,30.084095,0.325883,177.4
2026/7/11 16:10,0.365351,0,0,30.084095,0.324002,177.6
2026/7/11 16:10,0.365351,0,0,30.084095,0.325448,177.8
2026/7/11 16:10,0.365345,0,0,30.084095,0.324074,178
2026/7/11 16:10,0.365341,0,0,30.084095,0.325883,178.2
2026/7/11 16:10,0.365335,0,0,30.084095,0.325883,178.4
2026/7/11 16:10,0.365335,0,0,30.084095,0.325666,178.6
2026/7/11 16:10,0.365328,0,0,30.084095,0.325883,178.8
2026/7/11 16:10,0.365328,0,0,30.084095,0.325666,179
2026/7/11 16:10,0.365331,0,0,30.084095,0.325883,179.2
2026/7/11 16:10,0.365324,0,0,30.084095,0.323568,179.4
2026/7/11 16:10,0.365314,0,0,30.084095,0.323712,179.6
2026/7/11 16:10,0.365314,0,0,30.093136,0.324653,179.8
2026/7/11 16:10,0.365311,0,0,30.075052,0.323712,180
2026/7/11 16:10,0.365308,0,0,30.084095,0.323929,180.2
2026/7/11 16:10,0.365308,0,0,30.084095,0.323712,180.4
2026/7/11 16:10,0.365304,0,0,30.084095,0.323495,180.6
2026/7/11 16:10,0.365304,0,0,30.084095,0.323423,180.8
2026/7/11 16:10,0.365294,0,0,30.084095,0.323423,181
2026/7/11 16:10,0.365291,0,0,30.084095,0.323423,181.2
2026/7/11 16:10,0.365294,0,0,30.084095,0.323495,181.4
2026/7/11 16:10,0.365291,0,0,30.084095,0.32364,181.6
2026/7/11 16:10,0.365284,0,0,30.056969,0.323495,181.8
2026/7/11 16:10,0.365281,0,0,30.084095,0.323423,182
2026/7/11 16:10,0.365281,0,0,30.111221,0.323423,182.2
2026/7/11 16:10,0.365277,0,0,30.084095,0.324074,182.4
2026/7/11 16:10,0.365267,0,0,30.084095,0.323423,182.6
2026/7/11 16:10,0.365267,0,0,30.084095,0.323423,182.8
2026/7/11 16:10,0.365267,0,0,30.084095,0.323423,183
2026/7/11 16:10,0.365257,0,0,30.084095,0.323423,183.2
2026/7/11 16:10,0.365257,0,0,30.084095,0.323423,183.4
2026/7/11 16:10,0.365247,0,0,30.084095,0.323423,183.6
2026/7/11 16:10,0.365247,0,0,30.084095,0.323423,183.8
2026/7/11 16:10,0.36525,0,0,30.084095,0.323423,184
2026/7/11 16:10,0.365244,0,0,30.084095,0.323423,184.2
2026/7/11 16:10,0.365247,0,0,29.971064,0.323423,184.4
2026/7/11 16:10,0.365244,0,0,30.120266,0.323423,184.6
2026/7/11 16:10,0.365234,0,0,30.084095,0.323423,184.8
2026/7/11 16:10,0.365234,0,0,30.084095,0.323423,185
2026/7/11 16:10,0.36523,0,0,30.084095,0.323423,185.2
2026/7/11 16:10,0.365227,0,0,30.084095,0.323423,185.4
2026/7/11 16:10,0.365227,0,0,30.084095,0.323423,185.6
2026/7/11 16:10,0.365213,0,0,30.124786,0.323423,185.8
2026/7/11 16:10,0.365213,0,0,30.084095,0.323423,186
2026/7/11 16:10,0.365213,0,0,30.084095,0.323423,186.2
2026/7/11 16:10,0.365217,0,0,30.084095,0.323423,186.4
2026/7/11 16:10,0.36521,0,0,30.084095,0.323423,186.6
2026/7/11 16:10,0.365203,0,0,30.088615,0.323423,186.8
2026/7/11 16:10,0.365197,0,0,30.084095,0.323423,187
2026/7/11 16:10,0.365197,0,0,30.084095,0.323423,187.2
2026/7/11 16:10,0.36519,0,0,30.088615,0.323423,187.4
2026/7/11 16:10,0.365183,0,0,30.084095,0.323423,187.6
2026/7/11 16:10,0.365183,0,0,30.084095,0.323423,187.8
2026/7/11 16:10,0.365183,0,0,30.084095,0.323423,188
2026/7/11 16:10,0.365176,0,0,30.084095,0.323423,188.2
2026/7/11 16:10,0.36517,0,0,30.084095,0.323423,188.4
2026/7/11 16:10,0.365166,0,0,30.084095,0.323423,188.6
2026/7/11 16:10,0.365173,0,0,30.084095,0.323423,188.8
2026/7/11 16:10,0.36517,0,0,30.084095,0.323423,189
2026/7/11 16:10,0.36516,0,0,30.084095,0.322917,189.2
2026/7/11 16:10,0.365163,0,0,30.084095,0.323278,189.4
2026/7/11 16:10,0.365153,0,0,30.084095,0.323423,189.6
2026/7/11 16:10,0.365156,0,0,30.084095,0.323423,189.8
2026/7/11 16:10,0.365153,0,0,30.160955,0.323423,190
2026/7/11 16:10,0.365143,0,0,30.084095,0.323423,190.2
2026/7/11 16:10,0.365139,0,0,30.088615,0.321542,190.4
2026/7/11 16:10,0.365143,0,0,30.084095,0.323423,190.6
2026/7/11 16:10,0.365139,0,0,30.084095,0.323423,190.8
2026/7/11 16:10,0.365139,0,0,30.084095,0.321542,191
2026/7/11 16:10,0.365136,0,0,30.160955,0.323423,191.2
2026/7/11 16:10,0.365133,0,0,30.160955,0.322844,191.4
2026/7/11 16:10,0.365126,0,0,30.160955,0.323423,191.6
2026/7/11 16:10,0.365122,0,0,30.237814,0.321542,191.8
2026/7/11 16:10,0.365119,0,0,30.165476,0.323351,192
2026/7/11 16:10,0.365116,0,0,30.120266,0.321904,192.2
2026/7/11 16:10,0.365112,0,0,30.237814,0.323423,192.4
2026/7/11 16:10,0.365109,0,0,30.088615,0.322121,192.6
2026/7/11 16:10,0.365106,0,0,30.088615,0.323423,192.8
2026/7/11 16:10,0.365106,0,0,30.084095,0.322917,193
2026/7/11 16:10,0.365106,0,0,30.084095,0.322121,193.2
2026/7/11 16:10,0.365102,0,0,30.084095,0.322917,193.4
2026/7/11 16:10,0.365102,0,0,30.124786,0.320891,193.6
2026/7/11 16:10,0.365096,0,0,30.084095,0.322049,193.8
2026/7/11 16:10,0.365096,0,0,30.084095,0.322917,194
2026/7/11 16:10,0.365089,0,0,30.160955,0.32241,194.2
2026/7/11 16:10,0.365082,0,0,30.084095,0.320964,194.4
2026/7/11 16:10,0.365079,0,0,30.084095,0.32147,194.6
2026/7/11 16:10,0.365075,0,0,30.160955,0.321036,194.8
2026/7/11 16:10,0.365072,0,0,30.084095,0.323351,195
2026/7/11 16:10,0.365069,0,0,30.084095,0.322844,195.2
2026/7/11 16:10,0.365072,0,0,30.084095,0.322772,195.4
2026/7/11 16:10,0.365065,0,0,30.084095,0.323134,195.6
2026/7/11 16:10,0.365062,0,0,30.084095,0.322193,195.8
2026/7/11 16:10,0.365062,0,0,30.084095,0.322193,196
2026/7/11 16:10,0.365059,0,0,30.084095,0.320891,196.2
2026/7/11 16:10,0.365052,0,0,30.084095,0.320891,196.4
2026/7/11 16:10,0.365052,0,0,30.084095,0.321108,196.6
2026/7/11 16:10,0.365048,0,0,30.084095,0.320891,196.8
2026/7/11 16:10,0.365048,0,0,30.124786,0.320964,197
2026/7/11 16:10,0.365038,0,0,30.084095,0.320964,197.2
2026/7/11 16:10,0.365042,0,0,30.084095,0.320891,197.4
2026/7/11 16:10,0.365035,0,0,30.084095,0.321253,197.6
2026/7/11 16:10,0.365032,0,0,30.084095,0.322193,197.8
2026/7/11 16:10,0.365032,0,0,30.084095,0.320891,198
2026/7/11 16:10,0.365032,0,0,30.084095,0.320891,198.2
2026/7/11 16:10,0.365028,0,0,30.084095,0.320891,198.4
2026/7/11 16:10,0.365021,0,0,30.093136,0.320891,198.6
2026/7/11 16:10,0.365015,0,0,30.084095,0.320891,198.8
2026/7/11 16:10,0.365015,0,0,30.084095,0.320891,199
2026/7/11 16:10,0.365011,0,0,30.084095,0.320891,199.2
2026/7/11 16:10,0.365008,0,0,30.160955,0.320891,199.4
2026/7/11 16:10,0.365008,0,0,30.084095,0.320891,199.6
2026/7/11 16:10,0.365005,0,0,30.084095,0.320891,199.8
2026/7/11 16:10,0.364995,0,0,30.084095,0.320891,200
2026/7/11 16:10,0.364995,0,0,30.084095,0.324653,200.2
2026/7/11 16:10,0.364995,0,0,30.084095,0.333261,200.4
2026/7/11 16:10,0.364991,0,0,30.084095,0.33572,200.6
2026/7/11 16:10,0.364991,0,0,30.084095,0.33572,200.8
2026/7/11 16:10,0.364981,0,0,30.084095,0.33572,201
2026/7/11 16:10,0.364984,0,0,30.084095,0.338035,201.2
2026/7/11 16:10,0.364981,0,0,30.084095,0.33818,201.4
2026/7/11 16:10,0.364978,0,0,30.084095,0.33818,201.6
2026/7/11 16:10,0.364974,0,0,30.075052,0.33941,201.8
2026/7/11 16:10,0.364974,0,0,30.084095,0.338469,202
2026/7/11 16:10,0.364968,0,0,30.084095,0.340422,202.2
2026/7/11 16:10,0.364964,0,0,30.084095,0.340639,202.4
2026/7/11 16:10,0.364964,0,0,30.084095,0.340639,202.6
2026/7/11 16:10,0.364964,0,0,30.197126,0.341146,202.8
2026/7/11 16:10,0.364961,0,0,30.084095,0.341942,203
2026/7/11 16:10,0.364954,0,0,30.084095,0.342086,203.2
2026/7/11 16:10,0.364954,0,0,30.084095,0.342954,203.4
2026/7/11 16:10,0.364944,0,0,30.084095,0.343171,203.6
2026/7/11 16:10,0.364944,0,0,30.084095,0.343171,203.8
2026/7/11 16:10,0.364937,0,0,30.084095,0.343171,204
2026/7/11 16:10,0.364937,0,0,30.102179,0.343171,204.2
2026/7/11 16:10,0.364937,0,0,30.237814,0.343244,204.4
2026/7/11 16:10,0.364931,0,0,30.237814,0.345197,204.6
2026/7/11 16:10,0.364924,0,0,30.120266,0.343316,204.8
2026/7/11 16:10,0.36492,0,0,30.237814,0.345631,205
2026/7/11 16:10,0.364924,0,0,30.237814,0.345631,205.2
2026/7/11 16:10,0.36492,0,0,30.120266,0.345631,205.4
2026/7/11 16:10,0.364917,0,0,30.237814,0.345631,205.6
2026/7/11 16:10,0.364914,0,0,30.206167,0.346209,205.8
2026/7/11 16:10,0.364907,0,0,30.237814,0.345631,206
2026/7/11 16:10,0.364904,0,0,30.237814,0.345631,206.2
2026/7/11 16:10,0.3649,0,0,30.224251,0.347584,206.4
2026/7/11 16:10,0.364897,0,0,30.237814,0.347946,206.6
2026/7/11 16:10,0.3649,0,0,30.237814,0.347656,206.8
2026/7/11 16:10,0.364897,0,0,30.120266,0.34809,207
2026/7/11 16:10,0.36489,0,0,30.160955,0.347656,207.2
2026/7/11 16:10,0.364887,0,0,30.237814,0.34809,207.4
2026/7/11 16:10,0.364887,0,0,30.088615,0.34809,207.6
2026/7/11 16:10,0.364883,0,0,30.237814,0.34809,207.8
2026/7/11 16:10,0.36488,0,0,30.233294,0.34809,208
2026/7/11 16:10,0.36488,0,0,30.120266,0.34809,208.2
2026/7/11 16:10,0.36487,0,0,30.237814,0.34809,208.4
2026/7/11 16:10,0.364867,0,0,30.237814,0.339844,208.6
2026/7/11 16:10,0.364867,0,0,30.179039,0.340422,208.8
2026/7/11 16:10,0.364867,0,0,30.237814,0.33818,209
2026/7/11 16:10,0.364867,0,0,30.201647,0.33818,209.2
2026/7/11 16:10,0.364857,0,0,30.120266,0.336299,209.4
2026/7/11 16:10,0.364853,0,0,30.237814,0.335865,209.6
2026/7/11 16:10,0.364853,0,0,30.21069,0.33572,209.8
2026/7/11 16:10,0.36485,0,0,30.102179,0.33572,210
2026/7/11 16:10,0.36485,0,0,30.237814,0.33572,210.2
2026/7/11 16:10,0.364843,0,0,30.237814,0.333261,210.4
2026/7/11 16:10,0.364846,0,0,30.237814,0.333261,210.6
2026/7/11 16:10,0.364836,0,0,30.237814,0.333261,210.8
2026/7/11 16:10,0.364836,0,0,30.169996,0.333261,211
2026/7/11 16:10,0.364836,0,0,30.237814,0.333261,211.2
2026/7/11 16:10,0.36483,0,0,30.228773,0.333261,211.4
2026/7/11 16:10,0.364826,0,0,30.237814,0.331525,211.6
2026/7/11 16:10,0.364819,0,0,30.160955,0.330946,211.8
2026/7/11 16:10,0.364823,0,0,30.228773,0.330802,212
2026/7/11 16:10,0.364819,0,0,30.169996,0.330802,212.2
2026/7/11 16:10,0.364813,0,0,30.237814,0.330802,212.4
2026/7/11 16:10,0.364819,0,0,30.233294,0.330802,212.6
2026/7/11 16:10,0.364809,0,0,30.179039,0.331453,212.8
2026/7/11 16:10,0.364803,0,0,30.237814,0.330802,213
2026/7/11 16:10,0.364796,0,0,30.224251,0.330802,213.2
2026/7/11 16:10,0.364799,0,0,30.102179,0.330802,213.4
2026/7/11 16:10,0.364793,0,0,30.237814,0.330802,213.6
2026/7/11 16:10,0.364796,0,0,30.206167,0.330802,213.8
2026/7/11 16:10,0.364793,0,0,30.120266,0.330802,214
2026/7/11 16:10,0.364789,0,0,30.237814,0.330802,214.2
2026/7/11 16:10,0.364782,0,0,30.165476,0.330802,214.4
2026/7/11 16:10,0.364782,0,0,30.237814,0.330802,214.6
2026/7/11 16:10,0.364779,0,0,30.233294,0.330802,214.8
2026/7/11 16:10,0.364779,0,0,30.21973,0.330802,215
2026/7/11 16:10,0.364772,0,0,30.160955,0.330802,215.2
2026/7/11 16:10,0.364772,0,0,30.237814,0.330802,215.4
2026/7/11 16:10,0.364762,0,0,30.237814,0.330802,215.6
2026/7/11 16:10,0.364762,0,0,30.237814,0.330802,215.8
2026/7/11 16:10,0.364766,0,0,30.237814,0.330802,216
2026/7/11 16:10,0.364759,0,0,30.169996,0.330802,216.2
2026/7/11 16:10,0.364759,0,0,30.237814,0.330802,216.4
2026/7/11 16:10,0.364756,0,0,30.228773,0.330802,216.6
2026/7/11 16:10,0.364756,0,0,30.179039,0.330802,216.8
2026/7/11 16:10,0.364749,0,0,30.237814,0.330802,217
2026/7/11 16:10,0.364745,0,0,30.21973,0.330802,217.2
2026/7/11 16:10,0.364742,0,0,30.179039,0.330802,217.4
2026/7/11 16:10,0.364742,0,0,30.237814,0.330802,217.6
2026/7/11 16:10,0.364735,0,0,30.228773,0.330802,217.8
2026/7/11 16:10,0.364739,0,0,30.237814,0.330802,218
2026/7/11 16:10,0.364732,0,0,30.237814,0.330802,218.2
2026/7/11 16:10,0.364729,0,0,30.224251,0.330802,218.4
2026/7/11 16:10,0.364729,0,0,30.120266,0.330802,218.6
2026/7/11 16:10,0.364725,0,0,30.237814,0.330802,218.8
2026/7/11 16:10,0.364718,0,0,30.237814,0.330802,219
2026/7/11 16:10,0.364718,0,0,30.179039,0.329572,219.2
2026/7/11 16:10,0.364715,0,0,30.233294,0.330802,219.4
2026/7/11 16:10,0.364708,0,0,30.206167,0.330802,219.6
2026/7/11 16:10,0.364708,0,0,30.237814,0.330802,219.8
2026/7/11 16:10,0.364702,0,0,30.233294,0.330802,220
2026/7/11 16:10,0.364712,0,0,30.21069,0.330802,220.2
2026/7/11 16:10,0.364702,0,0,30.237814,0.330802,220.4
2026/7/11 16:10,0.364698,0,0,30.237814,0.330729,220.6
2026/7/11 16:10,0.364702,0,0,30.179039,0.330657,220.8
2026/7/11 16:10,0.364695,0,0,30.237814,0.328921,221
2026/7/11 16:10,0.364688,0,0,30.237814,0.330802,221.2
2026/7/11 16:10,0.364685,0,0,30.120266,0.330295,221.4
2026/7/11 16:10,0.364681,0,0,30.237814,0.330802,221.6
2026/7/11 16:10,0.364681,0,0,30.237814,0.330729,221.8
2026/7/11 16:10,0.364678,0,0,30.120266,0.328414,222
2026/7/11 16:10,0.364681,0,0,30.237814,0.330802,222.2
2026/7/11 16:10,0.364675,0,0,30.224251,0.328921,222.4
2026/7/11 16:10,0.364668,0,0,30.237814,0.329716,222.6
2026/7/11 16:10,0.364668,0,0,30.237814,0.329138,222.8
2026/7/11 16:10,0.364665,0,0,30.21973,0.328921,223
2026/7/11 16:10,0.364665,0,0,30.237814,0.330802,223.2
2026/7/11 16:10,0.364661,0,0,30.237814,0.330802,223.4
2026/7/11 16:10,0.364655,0,0,30.228773,0.330802,223.6
2026/7/11 16:10,0.364655,0,0,30.120266,0.330729,223.8
2026/7/11 16:10,0.364655,0,0,30.237814,0.328342,224
2026/7/11 16:10,0.364651,0,0,30.106699,0.329282,224.2
2026/7/11 16:10,0.364648,0,0,30.160955,0.329355,224.4
2026/7/11 16:10,0.364641,0,0,30.237814,0.329499,224.6
2026/7/11 16:10,0.364638,0,0,30.093136,0.329499,224.8
2026/7/11 16:10,0.364634,0,0,30.237814,0.328776,225
2026/7/11 16:10,0.364624,0,0,30.237814,0.330223,225.2
2026/7/11 16:10,0.364621,0,0,30.237814,0.329572,225.4
2026/7/11 16:10,0.364624,0,0,30.237814,0.330295,225.6
2026/7/11 16:10,0.364624,0,0,30.228773,0.330802,225.8
2026/7/11 16:10,0.364617,0,0,30.165476,0.329427,226
2026/7/11 16:10,0.364614,0,0,30.237814,0.328921,226.2
2026/7/11 16:10,0.364614,0,0,30.233294,0.330223,226.4
2026/7/11 16:10,0.364604,0,0,30.237814,0.328487,226.6
2026/7/11 16:10,0.364604,0,0,30.237814,0.330223,226.8
2026/7/11 16:10,0.364607,0,0,30.233294,0.328704,227
2026/7/11 16:11,0.364601,0,0,30.21069,0.330657,227.2
2026/7/11 16:11,0.364604,0,0,30.237814,0.328921,227.4
2026/7/11 16:11,0.364594,0,0,30.233294,0.328342,227.6
2026/7/11 16:11,0.364601,0,0,30.237814,0.328342,227.8
2026/7/11 16:11,0.364587,0,0,30.237814,0.330512,228
2026/7/11 16:11,0.364587,0,0,30.237814,0.328631,228.2
2026/7/11 16:11,0.364584,0,0,30.160955,0.328342,228.4
2026/7/11 16:11,0.364584,0,0,30.237814,0.328848,228.6
2026/7/11 16:11,0.364574,0,0,30.233294,0.328993,228.8
2026/7/11 16:11,0.364577,0,0,30.179039,0.328342,229
2026/7/11 16:11,0.364574,0,0,30.237814,0.328342,229.2
2026/7/11 16:11,0.36457,0,0,30.233294,0.328342,229.4
2026/7/11 16:11,0.36457,0,0,30.179039,0.328342,229.6
2026/7/11 16:11,0.36457,0,0,30.237814,0.329065,229.8
2026/7/11 16:11,0.36456,0,0,30.233294,0.328414,230
2026/7/11 16:11,0.36456,0,0,30.179039,0.328993,230.2
2026/7/11 16:11,0.364554,0,0,30.120266,0.330223,230.4
2026/7/11 16:11,0.364554,0,0,30.233294,0.328414,230.6
2026/7/11 16:11,0.36455,0,0,30.237814,0.329572,230.8
2026/7/11 16:11,0.364547,0,0,30.237814,0.328342,231
2026/7/11 16:11,0.364554,0,0,30.237814,0.328342,231.2
2026/7/11 16:11,0.364543,0,0,30.120266,0.328342,231.4
2026/7/11 16:11,0.36454,0,0,30.237814,0.328342,231.6
2026/7/11 16:11,0.364537,0,0,30.233294,0.328342,231.8
2026/7/11 16:11,0.36453,0,0,30.21069,0.328342,232
2026/7/11 16:11,0.364533,0,0,30.237814,0.328342,232.2
2026/7/11 16:11,0.364533,0,0,30.237814,0.328342,232.4
2026/7/11 16:11,0.364527,0,0,30.093136,0.328342,232.6
2026/7/11 16:11,0.36452,0,0,30.237814,0.328342,232.8
2026/7/11 16:11,0.364523,0,0,30.237814,0.328342,233
2026/7/11 16:11,0.364517,0,0,30.237814,0.328342,233.2
2026/7/11 16:11,0.364517,0,0,30.160955,0.328342,233.4
2026/7/11 16:11,0.364513,0,0,30.228773,0.328342,233.6
2026/7/11 16:11,0.364503,0,0,30.093136,0.328342,233.8
2026/7/11 16:11,0.364506,0,0,30.237814,0.328342,234
2026/7/11 16:11,0.3645,0,0,30.233294,0.328342,234.2
2026/7/11 16:11,0.3645,0,0,30.237814,0.328342,234.4
2026/7/11 16:11,0.364496,0,0,30.237814,0.328342,234.6
2026/7/11 16:11,0.364496,0,0,30.237814,0.328342,234.8
2026/7/11 16:11,0.364493,0,0,30.093136,0.328342,235
2026/7/11 16:11,0.364496,0,0,30.237814,0.328342,235.2
2026/7/11 16:11,0.364496,0,0,30.237814,0.328342,235.4
2026/7/11 16:11,0.364483,0,0,30.224251,0.328342,235.6
2026/7/11 16:11,0.36449,0,0,30.237814,0.328342,235.8
2026/7/11 16:11,0.364479,0,0,30.237814,0.328342,236
2026/7/11 16:11,0.364476,0,0,30.237814,0.328342,236.2
2026/7/11 16:11,0.364473,0,0,30.237814,0.328342,236.4
2026/7/11 16:11,0.364469,0,0,30.233294,0.328342,236.6
2026/7/11 16:11,0.364466,0,0,30.165476,0.328342,236.8
2026/7/11 16:11,0.364466,0,0,30.237814,0.328342,237
2026/7/11 16:11,0.364459,0,0,30.233294,0.328342,237.2
2026/7/11 16:11,0.364459,0,0,30.179039,0.328342,237.4
2026/7/11 16:11,0.364453,0,0,30.237814,0.328342,237.6
2026/7/11 16:11,0.364446,0,0,30.237814,0.328342,237.8
2026/7/11 16:11,0.364456,0,0,30.120266,0.328342,238
2026/7/11 16:11,0.364446,0,0,30.237814,0.328342,238.2
2026/7/11 16:11,0.364446,0,0,30.237814,0.328342,238.4
2026/7/11 16:11,0.333005,266,0,30.169996,0.32704,238.6
2026/7/11 16:11,0.333517,1337,0,30.160955,0.328342,238.8
2026/7/11 16:11,0.333214,2293,0,30.237814,0.328342,239
2026/7/11 16:11,0.333201,1147,0,30.093136,0.328342,239.2
2026/7/11 16:11,0.333167,467,0,30.237814,0.328342,239.4
2026/7/11 16:11,0.33313,156,0,30.237814,0.328342,239.6
2026/7/11 16:11,0.3331,81,0,30.120266,0.328342,239.8
2026/7/11 16:11,0.333089,31,0,30.160955,0.328342,240
2026/7/11 16:11,0.333069,24,0,30.21973,0.328342,240.2
2026/7/11 16:11,0.333052,21,0,30.088615,0.328342,240.4
2026/7/11 16:11,0.333036,20,0,30.237814,0.328342,240.6
2026/7/11 16:11,0.333026,16,0,30.206167,0.328342,240.8
2026/7/11 16:11,0.333009,14,0,30.160955,0.328342,241
2026/7/11 16:11,0.332992,12,0,30.237814,0.328342,241.2
2026/7/11 16:11,0.332972,10,0,30.237814,0.328342,241.4
2026/7/11 16:11,0.332962,9,0,30.160955,0.328342,241.6
2026/7/11 16:11,0.332941,7,0,30.237814,0.328342,241.8
2026/7/11 16:11,0.332941,6,0,30.233294,0.328342,242
2026/7/11 16:11,0.332911,5,0,30.237814,0.328342,242.2
2026/7/11 16:11,0.332911,5,0,30.237814,0.328342,242.4
2026/7/11 16:11,0.332884,4,0,30.21069,0.328342,242.6
2026/7/11 16:11,0.332881,4,0,30.179039,0.328342,242.8
2026/7/11 16:11,0.332854,3,0,30.237814,0.328342,243
2026/7/11 16:11,0.33285,3,0,30.21973,0.328342,243.2
2026/7/11 16:11,0.332824,2,0,30.179039,0.328342,243.4
2026/7/11 16:11,0.332813,2,0,30.237814,0.328342,243.6
2026/7/11 16:11,0.332803,2,0,30.228773,0.328342,243.8
2026/7/11 16:11,0.332787,2,0,30.160955,0.328342,244
2026/7/11 16:11,0.332773,2,0,30.237814,0.328342,244.2
2026/7/11 16:11,0.332756,1,0,30.224251,0.328342,244.4
2026/7/11 16:11,0.332746,1,0,30.160955,0.328342,244.6
2026/7/11 16:11,0.332736,1,0,30.237814,0.328342,244.8
2026/7/11 16:11,0.332719,1,0,30.224251,0.328342,245
2026/7/11 16:11,0.332712,1,0,30.179039,0.32827,245.2
2026/7/11 16:11,0.332692,1,0,30.237814,0.328342,245.4
2026/7/11 16:11,0.332682,1,0,30.21069,0.328342,245.6
2026/7/11 16:11,0.332675,1,0,30.160955,0.328342,245.8
2026/7/11 16:11,0.332659,1,0,30.233294,0.328342,246
2026/7/11 16:11,0.332638,1,0,30.237814,0.327763,246.2
2026/7/11 16:11,0.332632,1,0,30.237814,0.326461,246.4
2026/7/11 16:11,0.332622,1,0,30.237814,0.328342,246.6
2026/7/11 16:11,0.332601,1,0,30.169996,0.328125,246.8
2026/7/11 16:11,0.332585,1,0,30.237814,0.328342,247
2026/7/11 16:11,0.332581,0,0,30.237814,0.327329,247.2
2026/7/11 16:11,0.332558,0,0,30.237814,0.328342,247.4
2026/7/11 16:11,0.332547,0,0,30.237814,0.328342,247.6
2026/7/11 16:11,0.332534,0,0,30.233294,0.328342,247.8
2026/7/11 16:11,0.332524,0,0,30.224251,0.328197,248
2026/7/11 16:11,0.332507,1,0,30.160955,0.328342,248.2
2026/7/11 16:11,0.3325,0,0,30.228773,0.328342,248.4
2026/7/11 16:11,0.332484,0,0,30.165476,0.328342,248.6
2026/7/11 16:11,0.332473,0,0,30.160955,0.32827,248.8
2026/7/11 16:11,0.332457,0,0,30.233294,0.328342,249
2026/7/11 16:11,0.33244,0,0,30.169996,0.328342,249.2
2026/7/11 16:11,0.33243,0,0,30.237814,0.328342,249.4
2026/7/11 16:11,0.332423,0,0,30.233294,0.327402,249.6
2026/7/11 16:11,0.332406,0,0,30.237814,0.326534,249.8
2026/7/11 16:11,0.332396,0,0,30.160955,0.328342,250
2026/7/11 16:11,0.332383,0,0,30.228773,0.328342,250.2
2026/7/11 16:11,0.332369,0,0,30.165476,0.328342,250.4
2026/7/11 16:11,0.332359,0,0,30.237814,0.328342,250.6
2026/7/11 16:11,0.332342,0,0,30.233294,0.327908,250.8
2026/7/11 16:11,0.332332,0,0,30.237814,0.326895,251
2026/7/11 16:11,0.332319,0,0,30.237814,0.327329,251.2
2026/7/11 16:11,0.332308,0,0,30.233294,0.328342,251.4
2026/7/11 16:11,0.332295,0,0,30.165476,0.328342,251.6
2026/7/11 16:11,0.332282,0,0,30.237814,0.328197,251.8
2026/7/11 16:11,0.332275,0,0,30.237814,0.328197,252
2026/7/11 16:11,0.332258,0,0,30.237814,0.328342,252.2
2026/7/11 16:11,0.332244,0,0,30.237814,0.328342,252.4
2026/7/11 16:11,0.332238,0,0,30.237814,0.327402,252.6
2026/7/11 16:11,0.332218,0,0,30.102179,0.327836,252.8
2026/7/11 16:11,0.332211,0,0,30.237814,0.326461,253
2026/7/11 16:11,0.332201,0,0,30.237814,0.326461,253.2
2026/7/11 16:11,0.332191,0,0,30.160955,0.327112,253.4
2026/7/11 16:11,0.332177,0,0,30.237814,0.328342,253.6
2026/7/11 16:11,0.332167,0,0,30.233294,0.328053,253.8
2026/7/11 16:11,0.332154,0,0,30.237814,0.328342,254
2026/7/11 16:11,0.33214,0,0,30.237814,0.326172,254.2
2026/7/11 16:11,0.33213,0,0,30.237814,0.326172,254.4
2026/7/11 16:11,0.33212,0,0,30.120266,0.328125,254.6
2026/7/11 16:11,0.332113,0,0,30.237814,0.328342,254.8
2026/7/11 16:11,0.3321,0,0,30.21973,0.327402,255
2026/7/11 16:11,0.332083,0,0,30.102179,0.325955,255.2
2026/7/11 16:11,0.332069,0,0,30.237814,0.326461,255.4
2026/7/11 16:11,0.332069,0,0,30.21973,0.328125,255.6
2026/7/11 16:11,0.332049,0,0,30.237814,0.32827,255.8
2026/7/11 16:11,0.332039,0,0,30.237814,0.32827,256
2026/7/11 16:11,0.332032,0,0,30.21973,0.326027,256.2
2026/7/11 16:11,0.332009,0,0,30.179039,0.32704,256.4
2026/7/11 16:11,0.332005,0,0,30.237814,0.327185,256.6
2026/7/11 16:11,0.331989,0,0,30.228773,0.327329,256.8
2026/7/11 16:11,0.331985,0,0,30.102179,0.328342,257
2026/7/11 16:11,0.331968,0,0,30.237814,0.325883,257.2
2026/7/11 16:11,0.331962,0,0,30.088615,0.325955,257.4
2026/7/11 16:11,0.331945,0,0,30.160955,0.327112,257.6
2026/7/11 16:11,0.331941,0,0,30.237814,0.327402,257.8
2026/7/11 16:11,0.331925,0,0,30.206167,0.32827,258
2026/7/11 16:11,0.331911,0,0,30.120266,0.3261,258.2
2026/7/11 16:11,0.331904,0,0,30.237814,0.32704,258.4
2026/7/11 16:11,0.331891,0,0,30.228773,0.32827,258.6
2026/7/11 16:11,0.331884,0,0,30.237814,0.327402,258.8
2026/7/11 16:11,0.331867,0,0,30.233294,0.325883,259
2026/7/11 16:11,0.331864,0,0,30.237814,0.326027,259.2
2026/7/11 16:11,0.331851,0,0,30.120266,0.326172,259.4
2026/7/11 16:11,0.331837,0,0,30.237814,0.328342,259.6
2026/7/11 16:11,0.331827,0,0,30.160955,0.327329,259.8
2026/7/11 16:11,0.331817,0,0,30.237814,0.32827,260
2026/7/11 16:11,0.33181,0,0,30.233294,0.328342,260.2
2026/7/11 16:11,0.331797,0,0,30.165476,0.326534,260.4
2026/7/11 16:11,0.331783,0,0,30.237814,0.3261,260.6
2026/7/11 16:11,0.33177,0,0,30.233294,0.326027,260.8
2026/7/11 16:11,0.331756,0,0,30.237814,0.325883,261
2026/7/11 16:11,0.331756,0,0,30.237814,0.327112,261.2
2026/7/11 16:11,0.331739,0,0,30.21069,0.327763,261.4
2026/7/11 16:11,0.331733,0,0,30.165476,0.328053,261.6
2026/7/11 16:11,0.331719,0,0,30.237814,0.326534,261.8
2026/7/11 16:11,0.331706,0,0,30.237814,0.327112,262
2026/7/11 16:11,0.331696,0,0,30.179039,0.327836,262.2
2026/7/11 16:11,0.331689,0,0,30.237814,0.326317,262.4
2026/7/11 16:11,0.331679,0,0,30.237814,0.3261,262.6
2026/7/11 16:11,0.331665,0,0,30.21069,0.327763,262.8
2026/7/11 16:11,0.331665,0,0,30.237814,0.326244,263
2026/7/11 16:11,0.331649,0,0,30.237814,0.32704,263.2
2026/7/11 16:11,0.331632,0,0,30.093136,0.326461,263.4
2026/7/11 16:11,0.331628,0,0,30.237814,0.326172,263.6
2026/7/11 16:11,0.331625,0,0,30.228773,0.327185,263.8
2026/7/11 16:11,0.331608,0,0,30.133829,0.326027,264
2026/7/11 16:11,0.331595,0,0,30.237814,0.3261,264.2
2026/7/11 16:11,0.331585,0,0,30.237814,0.326317,264.4
2026/7/11 16:11,0.331578,0,0,30.120266,0.325883,264.6
2026/7/11 16:11,0.331564,0,0,30.160955,0.327112,264.8
2026/7/11 16:11,0.331558,0,0,30.228773,0.325955,265
2026/7/11 16:11,0.331548,0,0,30.169996,0.326027,265.2
2026/7/11 16:11,0.331534,0,0,30.237814,0.326534,265.4
2026/7/11 16:11,0.331524,0,0,30.228773,0.325883,265.6
2026/7/11 16:11,0.331517,0,0,30.179039,0.325883,265.8
2026/7/11 16:11,0.331511,0,0,30.237814,0.325883,266
2026/7/11 16:11,0.331497,0,0,30.206167,0.326389,266.2
2026/7/11 16:11,0.331494,0,0,30.21069,0.326534,266.4
2026/7/11 16:11,0.331474,0,0,30.237814,0.327112,266.6
2026/7/11 16:11,0.33147,0,0,30.228773,0.326534,266.8
2026/7/11 16:11,0.331457,0,0,30.120266,0.326027,267
2026/7/11 16:11,0.331443,0,0,30.237814,0.325883,267.2
2026/7/11 16:11,0.331433,0,0,30.224251,0.325883,267.4
2026/7/11 16:11,0.33143,0,0,30.120266,0.325883,267.6
2026/7/11 16:11,0.33142,0,0,30.237814,0.325883,267.8
2026/7/11 16:11,0.331406,0,0,30.237814,0.325955,268
2026/7/11 16:11,0.331403,0,0,30.120266,0.325883,268.2
2026/7/11 16:11,0.331393,0,0,30.237814,0.325883,268.4
2026/7/11 16:11,0.331379,0,0,30.237814,0.325883,268.6
2026/7/11 16:11,0.331369,0,0,30.120266,0.325883,268.8
2026/7/11 16:11,0.331362,0,0,30.237814,0.326172,269
2026/7/11 16:11,0.331356,0,0,30.233294,0.325883,269.2
2026/7/11 16:11,0.331349,0,0,30.102179,0.325883,269.4
2026/7/11 16:11,0.331325,0,0,30.237814,0.325955,269.6
2026/7/11 16:11,0.331319,0,0,30.228773,0.325883,269.8
2026/7/11 16:11,0.331312,0,0,30.160955,0.325883,270
2026/7/11 16:11,0.331302,0,0,30.237814,0.325883,270.2
2026/7/11 16:11,0.331288,0,0,30.224251,0.325883,270.4
2026/7/11 16:11,0.331285,0,0,30.237814,0.325883,270.6
2026/7/11 16:11,0.331272,0,0,30.373451,0.325883,270.8
2026/7/11 16:11,0.331265,0,0,30.237814,0.325883,271
2026/7/11 16:11,0.331258,0,0,30.246857,0.325883,271.2
2026/7/11 16:11,0.331241,0,0,30.382494,0.326027,271.4
2026/7/11 16:11,0.331238,0,0,30.237814,0.326244,271.6
2026/7/11 16:11,0.331224,0,0,30.246857,0.326172,271.8
2026/7/11 16:11,0.331224,0,0,30.382494,0.325883,272
2026/7/11 16:11,0.331211,0,0,30.314674,0.325883,272.2
2026/7/11 16:11,0.331201,0,0,30.246857,0.325883,272.4
2026/7/11 16:11,0.331197,0,0,30.310154,0.325883,272.6
2026/7/11 16:11,0.331187,0,0,30.314674,0.325883,272.8
2026/7/11 16:11,0.331174,0,0,30.255899,0.325883,273
2026/7/11 16:11,0.33116,0,0,30.387014,0.325883,273.2
2026/7/11 16:11,0.331154,0,0,30.237814,0.326534,273.4
2026/7/11 16:11,0.331144,0,0,30.246857,0.325883,273.6
2026/7/11 16:11,0.33114,0,0,30.387014,0.325883,273.8
2026/7/11 16:11,0.331123,0,0,30.237814,0.325883,274
2026/7/11 16:11,0.331123,0,0,30.273987,0.325883,274.2
2026/7/11 16:11,0.33111,0,0,30.382494,0.325883,274.4
2026/7/11 16:11,0.3311,0,0,30.237814,0.325883,274.6
2026/7/11 16:11,0.331093,0,0,30.255899,0.325883,274.8
2026/7/11 16:11,0.331086,0,0,30.382494,0.325883,275
2026/7/11 16:11,0.331066,0,0,30.237814,0.325883,275.2
2026/7/11 16:11,0.331049,0,0,30.246857,0.325883,275.4
2026/7/11 16:11,0.331049,0,0,30.373451,0.325883,275.6
2026/7/11 16:11,0.331046,0,0,30.237814,0.325883,275.8
2026/7/11 16:11,0.331033,0,0,30.273987,0.325883,276
2026/7/11 16:11,0.331019,0,0,30.373451,0.325883,276.2
2026/7/11 16:11,0.331012,0,0,30.237814,0.327112,276.4
2026/7/11 16:11,0.331006,0,0,30.246857,0.325883,276.6
2026/7/11 16:11,0.330995,0,0,30.382494,0.325883,276.8
2026/7/11 16:11,0.330982,0,0,30.237814,0.325883,277
2026/7/11 16:11,0.330972,0,0,30.273987,0.325883,277.2
2026/7/11 16:11,0.330972,0,0,30.373451,0.325883,277.4
2026/7/11 16:11,0.330965,0,0,30.237814,0.325883,277.6
2026/7/11 16:11,0.330952,0,0,30.273987,0.325883,277.8
2026/7/11 16:11,0.330942,0,0,30.373451,0.325883,278
2026/7/11 16:11,0.330938,0,0,30.237814,0.325883,278.2
2026/7/11 16:11,0.330925,0,0,30.246857,0.325883,278.4
2026/7/11 16:11,0.330918,0,0,30.373451,0.325883,278.6
2026/7/11 16:11,0.330908,0,0,30.242336,0.325883,278.8
2026/7/11 16:11,0.330898,0,0,30.273987,0.325883,279
2026/7/11 16:11,0.330891,0,0,30.382494,0.325883,279.2
2026/7/11 16:11,0.330878,0,0,30.237814,0.325883,279.4
2026/7/11 16:11,0.330871,0,0,30.273987,0.325883,279.6
2026/7/11 16:11,0.330864,0,0,30.373451,0.325883,279.8
2026/7/11 16:11,0.330861,0,0,30.314674,0.325883,280
2026/7/11 16:11,0.330847,0,0,30.255899,0.325883,280.2
2026/7/11 16:11,0.330837,0,0,30.382494,0.325883,280.4
2026/7/11 16:11,0.330827,0,0,30.237814,0.325883,280.6
2026/7/11 16:11,0.330827,0,0,30.255899,0.325883,280.8
2026/7/11 16:11,0.33081,0,0,30.373451,0.325883,281
2026/7/11 16:11,0.330804,1,0,30.242336,0.325883,281.2
2026/7/11 16:11,0.330797,2,0,30.255899,0.325883,281.4
2026/7/11 16:11,0.330787,5,0,30.387014,0.325883,281.6
2026/7/11 16:11,0.33078,8,0,30.237814,0.325883,281.8
2026/7/11 16:11,0.330777,12,0,30.255899,0.325883,282
2026/7/11 16:11,0.33077,18,0,30.382494,0.325883,282.2
2026/7/11 16:11,0.330767,21,0,30.237814,0.325883,282.4
2026/7/11 16:11,0.330753,28,0,30.255899,0.325883,282.6
2026/7/11 16:11,0.330756,35,0,30.373451,0.325883,282.8
2026/7/11 16:11,0.330753,78,0,30.242336,0.325883,283
2026/7/11 16:11,0.330753,103,0,30.255899,0.325883,283.2
2026/7/11 16:11,0.330753,157,0,30.382494,0.325883,283.4
2026/7/11 16:11,0.33075,217,0,30.242336,0.325883,283.6
2026/7/11 16:11,0.33075,294,0,30.246857,0.325883,283.8
2026/7/11 16:11,0.33075,341,0,30.382494,0.325883,284
2026/7/11 16:11,0.33076,365,0,30.242336,0.325883,284.2
2026/7/11 16:11,0.330756,416,0,30.242336,0.325883,284.4
2026/7/11 16:11,0.33076,468,0,30.382494,0.325883,284.6
2026/7/11 16:11,0.330767,529,0,30.237814,0.325883,284.8
2026/7/11 16:11,0.330773,582,0,30.255899,0.325883,285
2026/7/11 16:11,0.330777,610,0,30.382494,0.325883,285.2
2026/7/11 16:11,0.330787,665,0,30.242336,0.325883,285.4
2026/7/11 16:11,0.33079,722,0,30.273987,0.325883,285.6
2026/7/11 16:11,0.330797,786,0,30.382494,0.325883,285.8
2026/7/11 16:11,0.33081,814,0,30.237814,0.325883,286
2026/7/11 16:11,0.330824,867,0,30.246857,0.325883,286.2
2026/7/11 16:11,0.330831,922,0,30.305634,0.325883,286.4
2026/7/11 16:11,0.330837,982,0,30.314674,0.325883,286.6
2026/7/11 16:11,0.330847,1033,0,30.273987,0.325883,286.8
2026/7/11 16:11,0.330857,1057,0,30.373451,0.325883,287
2026/7/11 16:12,0.330864,1106,0,30.314674,0.325883,287.2
2026/7/11 16:12,0.330871,1161,0,30.273987,0.325883,287.4
2026/7/11 16:12,0.330881,1205,0,30.373451,0.325883,287.6
2026/7/11 16:12,0.330891,1249,0,30.242336,0.325883,287.8
2026/7/11 16:12,0.330905,1271,0,30.273987,0.325883,288
2026/7/11 16:12,0.330905,1312,0,30.373451,0.325883,288.2
2026/7/11 16:12,0.330918,1357,0,30.242336,0.325883,288.4
2026/7/11 16:12,0.330925,1394,0,30.273987,0.325883,288.6
2026/7/11 16:12,0.330938,1412,0,30.373451,0.325883,288.8
2026/7/11 16:12,0.330948,1447,0,30.237814,0.325883,289
2026/7/11 16:12,0.330958,1485,0,30.273987,0.325883,289.2
2026/7/11 16:12,0.330969,1516,0,30.237814,0.325883,289.4
2026/7/11 16:12,0.330972,1546,0,30.179039,0.325883,289.6
2026/7/11 16:12,0.330982,1561,0,30.237814,0.325883,289.8
2026/7/11 16:12,0.330995,1588,0,30.237814,0.325883,290
2026/7/11 16:12,0.330995,1613,0,30.165476,0.325883,290.2
2026/7/11 16:12,0.331012,1641,0,30.160955,0.325883,290.4
2026/7/11 16:12,0.331022,1653,0,30.237814,0.325883,290.6
2026/7/11 16:12,0.331036,1675,0,30.165476,0.325883,290.8
2026/7/11 16:12,0.331046,1696,0,30.237814,0.325883,291
2026/7/11 16:12,0.331049,1718,0,30.228773,0.325883,291.2
2026/7/11 16:12,0.331053,1735,0,30.237814,0.325883,291.4
2026/7/11 16:12,0.33107,1743,0,30.237814,0.325883,291.6
2026/7/11 16:12,0.33108,1760,0,30.233294,0.325883,291.8
2026/7/11 16:12,0.331083,1779,0,30.237814,0.325883,292
2026/7/11 16:12,0.33109,1793,0,30.237814,0.325883,292.2
2026/7/11 16:12,0.331096,1801,0,30.237814,0.325883,292.4
2026/7/11 16:12,0.331113,1815,0,30.102179,0.325883,292.6
2026/7/11 16:12,0.331117,1827,0,30.237814,0.325883,292.8
2026/7/11 16:12,0.331117,1841,0,30.350845,0.325883,293
2026/7/11 16:12,0.33113,1852,0,30.237814,0.325883,293.2
2026/7/11 16:12,0.33114,1857,0,30.273987,0.325883,293.4
2026/7/11 16:12,0.331154,1868,0,30.373451,0.325883,293.6
2026/7/11 16:12,0.33116,1879,0,30.246857,0.325883,293.8
2026/7/11 16:12,0.33116,1890,0,30.273987,0.325883,294
2026/7/11 16:12,0.331174,1895,0,30.237814,0.325883,294.2
2026/7/11 16:12,0.331181,1903,0,30.179039,0.325883,294.4
2026/7/11 16:12,0.331191,1911,0,30.233294,0.325883,294.6
2026/7/11 16:12,0.331194,1920,0,30.237814,0.325883,294.8
2026/7/11 16:12,0.331204,1927,0,30.102179,0.325883,295
2026/7/11 16:12,0.331211,1930,0,30.237814,0.325883,295.2
2026/7/11 16:12,0.331221,1937,0,30.228773,0.325883,295.4
2026/7/11 16:12,0.331228,1943,0,30.160955,0.325883,295.6
2026/7/11 16:12,0.331238,1949,0,30.237814,0.325883,295.8
2026/7/11 16:12,0.331238,1954,0,30.237814,0.325883,296
2026/7/11 16:12,0.331251,1956,0,30.102179,0.325883,296.2
2026/7/11 16:12,0.331255,1960,0,30.237814,0.325883,296.4
2026/7/11 16:12,0.331268,1964,0,30.228773,0.325883,296.6
2026/7/11 16:12,0.331272,1968,0,30.120266,0.325883,296.8
2026/7/11 16:12,0.331278,1973,0,30.237814,0.325883,297
2026/7/11 16:12,0.331282,1974,0,30.21973,0.325883,297.2
2026/7/11 16:12,0.331295,1978,0,30.237814,0.325883,297.4
2026/7/11 16:12,0.331298,1979,0,30.237814,0.325883,297.6
2026/7/11 16:12,0.331309,1982,0,30.165476,0.325883,297.8
2026/7/11 16:12,0.331309,1984,0,30.120266,0.325883,298
2026/7/11 16:12,0.331319,1985,0,30.237814,0.325883,298.2
2026/7/11 16:12,0.331322,1987,0,30.21069,0.325883,298.4
2026/7/11 16:12,0.331332,1989,0,30.120266,0.325883,298.6
2026/7/11 16:12,0.331335,1990,0,30.237814,0.325883,298.8
2026/7/11 16:12,0.331346,1990,0,30.233294,0.325883,299
2026/7/11 16:12,0.331352,1991,0,30.273987,0.325883,299.2
2026/7/11 16:12,0.331356,1990,0,30.310154,0.325883,299.4
2026/7/11 16:12,0.331362,1991,0,30.314674,0.325883,299.6
2026/7/11 16:12,0.331373,1991,0,30.255899,0.325883,299.8
2026/7/11 16:12,0.331376,1991,0,30.382494,0.325883,300
2026/7/11 16:12,0.331383,1990,0,30.242336,0.325883,300.2
2026/7/11 16:12,0.331383,1990,0,30.246857,0.325883,300.4
2026/7/11 16:12,0.331393,1990,0,30.382494,0.325883,300.6
2026/7/11 16:12,0.331399,1990,0,30.314674,0.325883,300.8
2026/7/11 16:12,0.331406,1988,0,30.242336,0.325883,301
2026/7/11 16:12,0.33142,1987,0,30.310154,0.325883,301.2
2026/7/11 16:12,0.33142,1986,0,30.314674,0.325883,301.4
2026/7/11 16:12,0.331423,1985,0,30.242336,0.325883,301.6
2026/7/11 16:12,0.33143,1985,0,30.387014,0.325883,301.8
2026/7/11 16:12,0.331443,1982,0,30.314674,0.325883,302
2026/7/11 16:12,0.331436,1980,0,30.242336,0.325883,302.2
2026/7/11 16:12,0.331447,1978,0,30.387014,0.325883,302.4
2026/7/11 16:12,0.331453,1977,0,30.373451,0.325883,302.6
2026/7/11 16:12,0.331457,1975,0,30.242336,0.325883,302.8
2026/7/11 16:12,0.33146,1973,0,30.310154,0.327763,303
2026/7/11 16:12,0.331467,1970,0,30.355368,0.325883,303.2
2026/7/11 16:12,0.331474,1967,0,30.242336,0.325883,303.4
2026/7/11 16:12,0.33148,1965,0,30.305634,0.325883,303.6
2026/7/11 16:12,0.331487,1962,0,30.278507,0.325883,303.8
2026/7/11 16:12,0.331487,1957,0,30.255899,0.325883,304
2026/7/11 16:12,0.331494,1953,0,30.355368,0.325883,304.2
2026/7/11 16:12,0.331504,1951,0,30.314674,0.325883,304.4
2026/7/11 16:12,0.331504,1946,0,30.246857,0.326027,304.6
2026/7/11 16:12,0.331511,1942,0,30.382494,0.325883,304.8
2026/7/11 16:12,0.331517,1937,0,30.237814,0.325883,305
2026/7/11 16:12,0.331517,1930,0,30.255899,0.325883,305.2
2026/7/11 16:12,0.331524,1927,0,30.387014,0.325883,305.4
2026/7/11 16:12,0.331531,1923,0,30.237814,0.325883,305.6
2026/7/11 16:12,0.331531,1916,0,30.273987,0.325883,305.8
2026/7/11 16:12,0.331537,1909,0,30.382494,0.325883,306
2026/7/11 16:12,0.331534,1902,0,30.314674,0.325883,306.2
2026/7/11 16:12,0.331544,1898,0,30.255899,0.325883,306.4
2026/7/11 16:12,0.331548,1891,0,30.382494,0.325955,306.6
2026/7/11 16:12,0.331551,1883,0,30.314674,0.326534,306.8
2026/7/11 16:12,0.331551,1876,0,30.255899,0.325883,307
2026/7/11 16:12,0.331554,1871,0,30.382494,0.325883,307.2
2026/7/11 16:12,0.331554,1863,0,30.242336,0.325883,307.4
2026/7/11 16:12,0.331564,1854,0,30.246857,0.325883,307.6
2026/7/11 16:12,0.331564,1844,0,30.382494,0.326027,307.8
2026/7/11 16:12,0.331561,1834,0,30.314674,0.325883,308
2026/7/11 16:12,0.331568,1829,0,30.255899,0.327112,308.2
2026/7/11 16:12,0.331568,1819,0,30.355368,0.325883,308.4
2026/7/11 16:12,0.331568,1808,0,30.242336,0.325883,308.6
2026/7/11 16:12,0.331571,1796,0,30.273987,0.325883,308.8
2026/7/11 16:12,0.331568,1786,0,30.314674,0.325883,309
2026/7/11 16:12,0.331575,1780,0,30.242336,0.325883,309.2
2026/7/11 16:12,0.331578,1768,0,30.273987,0.325883,309.4
2026/7/11 16:12,0.331581,1754,0,30.373451,0.325883,309.6
2026/7/11 16:12,0.331585,1742,0,30.237814,0.327112,309.8
2026/7/11 16:12,0.331581,1736,0,30.273987,0.325883,310
2026/7/11 16:12,0.331581,1722,0,30.387014,0.325883,310.2
2026/7/11 16:12,0.331581,1707,0,30.237814,0.326823,310.4
2026/7/11 16:12,0.331581,1694,0,30.255899,0.325883,310.6
2026/7/11 16:12,0.331585,1679,0,30.373451,0.328197,310.8
2026/7/11 16:12,0.331585,1672,0,30.237814,0.325883,311
2026/7/11 16:12,0.331581,1656,0,30.255899,0.325883,311.2
2026/7/11 16:12,0.331581,1639,0,30.373451,0.327763,311.4
2026/7/11 16:12,0.331585,1623,0,30.242336,0.325883,311.6
2026/7/11 16:12,0.331581,1606,0,30.273987,0.325883,311.8
2026/7/11 16:12,0.331578,1599,0,30.382494,0.3261,312
2026/7/11 16:12,0.331578,1581,0,30.237814,0.327112,312.2
2026/7/11 16:12,0.331581,1565,0,30.255899,0.327112,312.4
2026/7/11 16:12,0.331578,1545,0,30.373451,0.326534,312.6
2026/7/11 16:12,0.331578,1527,0,30.242336,0.325955,312.8
2026/7/11 16:12,0.331571,1519,0,30.273987,0.325883,313
2026/7/11 16:12,0.331571,1501,0,30.355368,0.325883,313.2
2026/7/11 16:12,0.331571,1481,0,30.242336,0.325955,313.4
2026/7/11 16:12,0.331564,1462,0,30.269464,0.325883,313.6
2026/7/11 16:12,0.331568,1453,0,30.355368,0.327112,313.8
2026/7/11 16:12,0.331564,1434,0,30.242336,0.325883,314
2026/7/11 16:12,0.331564,1416,0,30.273987,0.325883,314.2
2026/7/11 16:12,0.331561,1395,0,30.355368,0.325883,314.4
2026/7/11 16:12,0.331561,1376,0,30.242336,0.325883,314.6
2026/7/11 16:12,0.331554,1367,0,30.273987,0.327112,314.8
2026/7/11 16:12,0.331551,1348,0,30.373451,0.327763,315
2026/7/11 16:12,0.331551,1328,0,30.242336,0.326317,315.2
2026/7/11 16:12,0.331548,1307,0,30.255899,0.326027,315.4
2026/7/11 16:12,0.331544,1288,0,30.314674,0.326389,315.6
2026/7/11 16:12,0.331544,1279,0,30.237814,0.325883,315.8
2026/7/11 16:12,0.331531,1262,0,30.310154,0.325883,316
2026/7/11 16:12,0.331527,1241,0,30.373451,0.325883,316.2
2026/7/11 16:12,0.331527,1223,0,30.242336,0.325883,316.4
2026/7/11 16:12,0.331521,1205,0,30.273987,0.325883,316.6
2026/7/11 16:12,0.331517,1197,0,30.314674,0.325955,316.8
2026/7/11 16:12,0.331517,1179,0,30.242336,0.326172,317
2026/7/11 16:12,0.331511,1160,0,30.310154,0.325883,317.2
2026/7/11 16:12,0.331507,1143,0,30.373451,0.325883,317.4
2026/7/11 16:12,0.331504,1135,0,30.237814,0.326172,317.6
2026/7/11 16:12,0.3315,1118,0,30.314674,0.325883,317.8
2026/7/11 16:12,0.331497,1102,0,30.314674,0.326172,318
2026/7/11 16:12,0.331497,1086,0,30.242336,0.325883,318.2
2026/7/11 16:12,0.33149,1068,0,30.310154,0.325955,318.4
2026/7/11 16:12,0.331487,1060,0,30.355368,0.325883,318.6
2026/7/11 16:12,0.331477,1046,0,30.246857,0.325883,318.8
2026/7/11 16:12,0.331477,1031,0,30.310154,0.325883,319
2026/7/11 16:12,0.331474,1016,0,30.314674,0.326968,319.2
2026/7/11 16:12,0.33147,1002,0,30.242336,0.325883,319.4
2026/7/11 16:12,0.331467,995,0,30.310154,0.325883,319.6
2026/7/11 16:12,0.33146,982,0,30.314674,0.325883,319.8
2026/7/11 16:12,0.33146,970,0,30.242336,0.325883,320
2026/7/11 16:12,0.331453,956,0,30.382494,0.325883,320.2
2026/7/11 16:12,0.331453,950,0,30.314674,0.326534,320.4
2026/7/11 16:12,0.33145,938,0,30.246857,0.325955,320.6
2026/7/11 16:12,0.33144,927,0,30.373451,0.325883,320.8
2026/7/11 16:12,0.33144,916,0,30.355368,0.325883,321
2026/7/11 16:12,0.33144,904,0,30.255899,0.327112,321.2
2026/7/11 16:12,0.331436,898,0,30.387014,0.325883,321.4
2026/7/11 16:12,0.331426,889,0,30.237814,0.325883,321.6
2026/7/11 16:12,0.33142,880,0,30.273987,0.325883,321.8
2026/7/11 16:12,0.331423,870,0,30.373451,0.325883,322
2026/7/11 16:12,0.331416,861,0,30.242336,0.326823,322.2
2026/7/11 16:12,0.33141,858,0,30.273987,0.325883,322.4
2026/7/11 16:12,0.331406,850,0,30.373451,0.325883,322.6
2026/7/11 16:12,0.33141,842,0,30.237814,0.325883,322.8
2026/7/11 16:12,0.331406,834,0,30.310154,0.327112,323
2026/7/11 16:12,0.331403,828,0,30.373451,0.325883,323.2
2026/7/11 16:12,0.331396,825,0,30.242336,0.325883,323.4
2026/7/11 16:12,0.331403,818,0,30.310154,0.328053,323.6
2026/7/11 16:12,0.331389,812,0,30.355368,0.325883,323.8
2026/7/11 16:12,0.331386,807,0,30.246857,0.325883,324
2026/7/11 16:12,0.331379,802,0,30.310154,0.325883,324.2
2026/7/11 16:12,0.331379,800,0,30.355368,0.325883,324.4
2026/7/11 16:12,0.331379,796,0,30.237814,0.326823,324.6
2026/7/11 16:12,0.331379,792,0,30.373451,0.325883,324.8
2026/7/11 16:12,0.331369,789,0,30.237814,0.325883,325
2026/7/11 16:12,0.331366,787,0,30.255899,0.325883,325.2
2026/7/11 16:12,0.331362,784,0,30.387014,0.325883,325.4
2026/7/11 16:12,0.331359,781,0,30.237814,0.325883,325.6
2026/7/11 16:12,0.331352,779,0,30.255899,0.325883,325.8
2026/7/11 16:12,0.331356,777,0,30.382494,0.325883,326
2026/7/11 16:12,0.331346,776,0,30.314674,0.325883,326.2
2026/7/11 16:12,0.331346,776,0,30.273987,0.325883,326.4
2026/7/11 16:12,0.331346,775,0,30.382494,0.325883,326.6
2026/7/11 16:12,0.331346,774,0,30.237814,0.325883,326.8
2026/7/11 16:12,0.331342,774,0,30.255899,0.325883,327
2026/7/11 16:12,0.331335,773,0,30.314674,0.325883,327.2
2026/7/11 16:12,0.331335,773,0,30.242336,0.325955,327.4
2026/7/11 16:12,0.331325,774,0,30.387014,0.325883,327.6
2026/7/11 16:12,0.331329,774,0,30.314674,0.325883,327.8
2026/7/11 16:12,0.331325,774,0,30.237814,0.325883,328
2026/7/11 16:12,0.331325,775,0,30.310154,0.325883,328.2
2026/7/11 16:12,0.331319,776,0,30.314674,0.325883,328.4
2026/7/11 16:12,0.331315,776,0,30.242336,0.325883,328.6
2026/7/11 16:12,0.331315,778,0,30.382494,0.325883,328.8
2026/7/11 16:12,0.331312,779,0,30.314674,0.325883,329
2026/7/11 16:12,0.331309,780,0,30.255899,0.325883,329.2
2026/7/11 16:12,0.331309,782,0,30.382494,0.325883,329.4
2026/7/11 16:12,0.331309,783,0,30.237814,0.325955,329.6
2026/7/11 16:12,0.331302,785,0,30.242336,0.325883,329.8
2026/7/11 16:12,0.331298,786,0,30.387014,0.327112,330
2026/7/11 16:12,0.331305,789,0,30.242336,0.325883,330.2
2026/7/11 16:12,0.331302,792,0,30.273987,0.325883,330.4
2026/7/11 16:12,0.331298,795,0,30.382494,0.325883,330.6
2026/7/11 16:12,0.331295,797,0,30.242336,0.325883,330.8
2026/7/11 16:12,0.331298,799,0,30.255899,0.325883,331
2026/7/11 16:12,0.331288,803,0,30.373451,0.327112,331.2
2026/7/11 16:12,0.331288,806,0,30.237814,0.325883,331.4
2026/7/11 16:12,0.331288,810,0,30.269464,0.325883,331.6
2026/7/11 16:12,0.331285,812,0,30.355368,0.325883,331.8
2026/7/11 16:12,0.331285,817,0,30.246857,0.325883,332
2026/7/11 16:12,0.331278,820,0,30.310154,0.325883,332.2
2026/7/11 16:12,0.331285,826,0,30.314674,0.325883,332.4
2026/7/11 16:12,0.331282,831,0,30.242336,0.325883,332.6
2026/7/11 16:12,0.331282,833,0,30.310154,0.325883,332.8
2026/7/11 16:12,0.331278,839,0,30.314674,0.325883,333
2026/7/11 16:12,0.331285,844,0,30.246857,0.325883,333.2
2026/7/11 16:12,0.331278,850,0,30.387014,0.325883,333.4
2026/7/11 16:12,0.331275,855,0,30.355368,0.325883,333.6
2026/7/11 16:12,0.331275,858,0,30.242336,0.325883,333.8
2026/7/11 16:12,0.331278,863,0,30.387014,0.325883,334
2026/7/11 16:12,0.331272,869,0,30.237814,0.325883,334.2
2026/7/11 16:12,0.331278,875,0,30.242336,0.325883,334.4
2026/7/11 16:12,0.331278,881,0,30.373451,0.325883,334.6
2026/7/11 16:12,0.331278,884,0,30.314674,0.325883,334.8
2026/7/11 16:12,0.331272,890,0,30.246857,0.325883,335
2026/7/11 16:12,0.331272,897,0,30.387014,0.325883,335.2
2026/7/11 16:12,0.331272,903,0,30.237814,0.325883,335.4
2026/7/11 16:12,0.331272,910,0,30.255899,0.325883,335.6
2026/7/11 16:12,0.331268,913,0,30.382494,0.325883,335.8
2026/7/11 16:12,0.331272,919,0,30.237814,0.325883,336
2026/7/11 16:12,0.331272,926,0,30.314674,0.325883,336.2
2026/7/11 16:12,0.331272,933,0,30.373451,0.325883,336.4
2026/7/11 16:12,0.331272,939,0,30.242336,0.325883,336.6
2026/7/11 16:12,0.331272,943,0,30.273987,0.325883,336.8
2026/7/11 16:12,0.331272,948,0,30.373451,0.325883,337
2026/7/11 16:12,0.331272,956,0,30.237814,0.325883,337.2
2026/7/11 16:12,0.331275,963,0,30.314674,0.325883,337.4
2026/7/11 16:12,0.331268,970,0,30.314674,0.325883,337.6
2026/7/11 16:12,0.331275,973,0,30.242336,0.325883,337.8
2026/7/11 16:12,0.331278,980,0,30.273987,0.325883,338
2026/7/11 16:12,0.331275,986,0,30.382494,0.325883,338.2
2026/7/11 16:12,0.331278,994,0,30.237814,0.325883,338.4
2026/7/11 16:12,0.331278,1000,0,30.273987,0.325883,338.6
2026/7/11 16:12,0.331282,1003,0,30.382494,0.325883,338.8
2026/7/11 16:12,0.331275,1010,0,30.242336,0.325883,339
2026/7/11 16:12,0.331282,1016,0,30.387014,0.325883,339.2
2026/7/11 16:12,0.331278,1023,0,30.382494,0.325883,339.4
2026/7/11 16:12,0.331282,1030,0,30.242336,0.326172,339.6
2026/7/11 16:12,0.331282,1033,0,30.273987,0.325883,339.8
2026/7/11 16:12,0.331285,1039,0,30.355368,0.325883,340
2026/7/11 16:12,0.331282,1045,0,30.242336,0.325883,340.2
2026/7/11 16:12,0.331282,1051,0,30.273987,0.325883,340.4
2026/7/11 16:12,0.331285,1054,0,30.373451,0.325883,340.6
2026/7/11 16:12,0.331282,1060,0,30.237814,0.325883,340.8
2026/7/11 16:12,0.331285,1065,0,30.310154,0.325883,341
2026/7/11 16:12,0.331288,1072,0,30.373451,0.326534,341.2
2026/7/11 16:12,0.331288,1077,0,30.242336,0.325883,341.4
2026/7/11 16:12,0.331288,1080,0,30.246857,0.325883,341.6
2026/7/11 16:12,0.331292,1086,0,30.373451,0.325883,341.8
2026/7/11 16:12,0.331288,1091,0,30.237814,0.327112,342
2026/7/11 16:12,0.331295,1096,0,30.314674,0.325883,342.2
2026/7/11 16:12,0.331295,1102,0,30.355368,0.325883,342.4
2026/7/11 16:12,0.331295,1104,0,30.242336,0.325883,342.6
2026/7/11 16:12,0.331295,1108,0,30.255899,0.325883,342.8
2026/7/11 16:12,0.331298,1113,0,30.355368,0.325883,343
2026/7/11 16:12,0.331298,1119,0,30.242336,0.325883,343.2
2026/7/11 16:12,0.331298,1123,0,30.273987,0.325883,343.4
2026/7/11 16:12,0.331305,1125,0,30.355368,0.325883,343.6
2026/7/11 16:12,0.331305,1130,0,30.242336,0.326172,343.8
2026/7/11 16:12,0.331302,1134,0,30.255899,0.325883,344
2026/7/11 16:12,0.331302,1138,0,30.373451,0.325883,344.2
2026/7/11 16:12,0.331309,1143,0,30.237814,0.325883,344.4
2026/7/11 16:12,0.331309,1144,0,30.255899,0.325883,344.6
2026/7/11 16:12,0.331312,1148,0,30.382494,0.325883,344.8
2026/7/11 16:12,0.331312,1151,0,30.242336,0.325883,345
2026/7/11 16:12,0.331309,1155,0,30.255899,0.325883,345.2
2026/7/11 16:12,0.331312,1158,0,30.382494,0.325883,345.4
2026/7/11 16:12,0.331312,1160,0,30.237814,0.325955,345.6
2026/7/11 16:12,0.331315,1163,0,30.255899,0.325883,345.8
2026/7/11 16:12,0.331315,1166,0,30.373451,0.325883,346
2026/7/11 16:12,0.331315,1170,0,30.237814,0.325883,346.2
2026/7/11 16:12,0.331322,1172,0,30.273987,0.325883,346.4
2026/7/11 16:12,0.331319,1173,0,30.373451,0.325883,346.6
2026/7/11 16:12,0.331325,1176,0,30.237814,0.325883,346.8
2026/7/11 16:12,0.331332,1179,0,30.273987,0.325883,347
2026/7/11 16:13,0.331325,1180,0,30.373451,0.325883,347.2
2026/7/11 16:13,0.331329,1183,0,30.242336,0.325883,347.4
2026/7/11 16:13,0.331332,1183,0,30.305634,0.325883,347.6
2026/7/11 16:13,0.331329,1185,0,30.237814,0.325883,347.8
2026/7/11 16:13,0.331332,1187,0,30.237814,0.325883,348
2026/7/11 16:13,0.331335,1188,0,30.387014,0.325883,348.2
2026/7/11 16:13,0.331332,1190,0,30.373451,0.325883,348.4
2026/7/11 16:13,0.331335,1190,0,30.237814,0.325883,348.6
2026/7/11 16:13,0.331339,1191,0,30.314674,0.325883,348.8
2026/7/11 16:13,0.331342,1193,0,30.355368,0.325883,349
2026/7/11 16:13,0.331339,1194,0,30.237814,0.325883,349.2
2026/7/11 16:13,0.331335,1194,0,30.387014,0.325883,349.4
2026/7/11 16:13,0.331346,1195,0,30.355368,0.325883,349.6
2026/7/11 16:13,0.331346,1196,0,30.242336,0.325883,349.8
2026/7/11 16:13,0.331342,1196,0,30.314674,0.325955,350
2026/7/11 16:13,0.331342,1197,0,30.314674,0.325883,350.2
2026/7/11 16:13,0.331346,1198,0,30.237814,0.325883,350.4
2026/7/11 16:13,0.331346,1198,0,30.310154,0.325883,350.6
2026/7/11 16:13,0.331349,1198,0,30.314674,0.325883,350.8
2026/7/11 16:13,0.331349,1198,0,30.237814,0.325883,351
2026/7/11 16:13,0.331346,1198,0,30.310154,0.325883,351.2
2026/7/11 16:13,0.331349,1198,0,30.355368,0.325883,351.4
2026/7/11 16:13,0.331356,1198,0,30.242336,0.325883,351.6
2026/7/11 16:13,0.331352,1198,0,30.305634,0.325883,351.8
2026/7/11 16:13,0.331352,1198,0,30.314674,0.325883,352
2026/7/11 16:13,0.331352,1197,0,30.246857,0.325883,352.2
2026/7/11 16:13,0.331359,1196,0,30.310154,0.325883,352.4
2026/7/11 16:13,0.331356,1197,0,30.237814,0.325883,352.6
2026/7/11 16:13,0.331356,1196,0,30.242336,0.325883,352.8
2026/7/11 16:13,0.331356,1196,0,30.382494,0.325883,353
2026/7/11 16:13,0.331356,1194,0,30.237814,0.325883,353.2
2026/7/11 16:13,0.331362,1194,0,30.246857,0.325883,353.4
2026/7/11 16:13,0.331362,1194,0,30.373451,0.325883,353.6
2026/7/11 16:13,0.331366,1194,0,30.242336,0.325883,353.8
2026/7/11 16:13,0.331366,1194,0,30.246857,0.325883,354
2026/7/11 16:13,0.331366,1193,0,30.387014,0.325883,354.2
2026/7/11 16:13,0.331366,1191,0,30.237814,0.325883,354.4
2026/7/11 16:13,0.331369,1191,0,30.255899,0.325883,354.6
2026/7/11 16:13,0.331362,1190,0,30.355368,0.325883,354.8
2026/7/11 16:13,0.331366,1190,0,30.242336,0.325883,355
2026/7/11 16:13,0.331373,1188,0,30.273987,0.325883,355.2
2026/7/11 16:13,0.331366,1188,0,30.373451,0.325883,355.4
2026/7/11 16:13,0.331373,1187,0,30.237814,0.325883,355.6
2026/7/11 16:13,0.331369,1186,0,30.246857,0.325883,355.8
2026/7/11 16:13,0.331369,1185,0,30.373451,0.326027,356
2026/7/11 16:13,0.331373,1183,0,30.237814,0.325955,356.2
2026/7/11 16:13,0.331373,1182,0,30.273987,0.325883,356.4
2026/7/11 16:13,0.331369,1180,0,30.355368,0.325883,356.6
2026/7/11 16:13,0.331369,1179,0,30.242336,0.325883,356.8
2026/7/11 16:13,0.331373,1179,0,30.310154,0.325883,357
2026/7/11 16:13,0.331379,1177,0,30.373451,0.325883,357.2
2026/7/11 16:13,0.331376,1176,0,30.242336,0.325883,357.4
2026/7/11 16:13,0.331376,1174,0,30.310154,0.325883,357.6
2026/7/11 16:13,0.331379,1173,0,30.373451,0.325883,357.8
2026/7/11 16:13,0.331376,1171,0,30.242336,0.325883,358
2026/7/11 16:13,0.331379,1170,0,30.310154,0.325883,358.2
2026/7/11 16:13,0.331379,1168,0,30.373451,0.326027,358.4
2026/7/11 16:13,0.331379,1166,0,30.242336,0.325883,358.6
2026/7/11 16:13,0.331379,1165,0,30.273987,0.325883,358.8
2026/7/11 16:13,0.331379,1163,0,30.355368,0.326172,359
2026/7/11 16:13,0.331383,1161,0,30.242336,0.325883,359.2
2026/7/11 16:13,0.331379,1160,0,30.255899,0.325883,359.4
2026/7/11 16:13,0.331383,1157,0,30.373451,0.325883,359.6
2026/7/11 16:13,0.331376,1154,0,30.242336,0.325955,359.8
2026/7/11 16:13,0.331379,1154,0,30.314674,0.325883,360
2026/7/11 16:13,0.331383,1152,0,30.314674,0.325883,360.2
2026/7/11 16:13,0.331383,1149,0,30.237814,0.325883,360.4
2026/7/11 16:13,0.331379,1146,0,30.310154,0.325883,360.6
2026/7/11 16:13,0.331383,1144,0,30.355368,0.325883,360.8
2026/7/11 16:13,0.331379,1143,0,30.242336,0.325883,361
2026/7/11 16:13,0.331383,1140,0,30.273987,0.325883,361.2
2026/7/11 16:13,0.331379,1138,0,30.373451,0.325883,361.4
2026/7/11 16:13,0.331389,1135,0,30.242336,0.325883,361.6
2026/7/11 16:13,0.331383,1132,0,30.387014,0.325883,361.8
2026/7/11 16:13,0.331379,1131,0,30.314674,0.325883,362
2026/7/11 16:13,0.331383,1128,0,30.242336,0.325883,362.2
2026/7/11 16:13,0.331383,1126,0,30.273987,0.327112,362.4
2026/7/11 16:13,0.331379,1123,0,30.355368,0.325883,362.6
2026/7/11 16:13,0.331383,1121,0,30.246857,0.325955,362.8
2026/7/11 16:13,0.331383,1119,0,30.310154,0.325883,363
2026/7/11 16:13,0.331383,1116,0,30.355368,0.325883,363.2
2026/7/11 16:13,0.331379,1113,0,30.246857,0.325883,363.4
2026/7/11 16:13,0.331379,1110,0,30.387014,0.326027,363.6
2026/7/11 16:13,0.331379,1108,0,30.355368,0.325883,363.8
2026/7/11 16:13,0.331379,1107,0,30.242336,0.327112,364
2026/7/11 16:13,0.331376,1104,0,30.382494,0.325883,364.2
2026/7/11 16:13,0.331379,1102,0,30.314674,0.325883,364.4
2026/7/11 16:13,0.331383,1098,0,30.255899,0.325883,364.6
2026/7/11 16:13,0.331379,1096,0,30.387014,0.325883,364.8
2026/7/11 16:13,0.331379,1094,0,30.314674,0.325883,365
2026/7/11 16:13,0.331379,1091,0,30.242336,0.325883,365.2
2026/7/11 16:13,0.331376,1089,0,30.310154,0.325883,365.4
2026/7/11 16:13,0.331379,1087,0,30.237814,0.326534,365.6
2026/7/11 16:13,0.331376,1085,0,30.246857,0.325955,365.8
2026/7/11 16:13,0.331376,1083,0,30.310154,0.326606,366
2026/7/11 16:13,0.331373,1080,0,30.314674,0.325883,366.2
2026/7/11 16:13,0.331376,1078,0,30.246857,0.325883,366.4
2026/7/11 16:13,0.331376,1075,0,30.387014,0.325883,366.6
2026/7/11 16:13,0.331376,1072,0,30.314674,0.325883,366.8
2026/7/11 16:13,0.331376,1071,0,30.255899,0.327257,367
2026/7/11 16:13,0.331373,1069,0,30.382494,0.325883,367.2
2026/7/11 16:13,0.331376,1066,0,30.237814,0.325883,367.4
2026/7/11 16:13,0.331376,1064,0,30.246857,0.325883,367.6
2026/7/11 16:13,0.331373,1062,0,30.355368,0.325883,367.8
2026/7/11 16:13,0.331373,1061,0,30.237814,0.325883,368
2026/7/11 16:13,0.331373,1058,0,30.255899,0.325883,368.2
2026/7/11 16:13,0.331369,1057,0,30.382494,0.325883,368.4
2026/7/11 16:13,0.331373,1054,0,30.237814,0.325883,368.6
2026/7/11 16:13,0.331366,1052,0,30.255899,0.325883,368.8
2026/7/11 16:13,0.331366,1049,0,30.382494,0.3261,369
2026/7/11 16:13,0.331366,1049,0,30.242336,0.325883,369.2
2026/7/11 16:13,0.331366,1047,0,30.255899,0.325883,369.4
2026/7/11 16:13,0.331369,1045,0,30.373451,0.325883,369.6
2026/7/11 16:13,0.331369,1042,0,30.237814,0.325883,369.8
2026/7/11 16:13,0.331366,1041,0,30.255899,0.325883,370
2026/7/11 16:13,0.331369,1040,0,30.314674,0.325883,370.2
2026/7/11 16:13,0.331366,1038,0,30.242336,0.325883,370.4
2026/7/11 16:13,0.331362,1037,0,30.255899,0.325955,370.6
2026/7/11 16:13,0.331366,1035,0,30.355368,0.325883,370.8
2026/7/11 16:13,0.331366,1033,0,30.237814,0.325883,371
2026/7/11 16:13,0.331362,1033,0,30.273987,0.325883,371.2
2026/7/11 16:13,0.331362,1031,0,30.355368,0.325883,371.4
2026/7/11 16:13,0.331362,1030,0,30.237814,0.328197,371.6
2026/7/11 16:13,0.331359,1028,0,30.255899,0.325883,371.8
2026/7/11 16:13,0.331362,1027,0,30.355368,0.325883,372
2026/7/11 16:13,0.331362,1026,0,30.237814,0.325955,372.2
2026/7/11 16:13,0.331366,1025,0,30.310154,0.325883,372.4
2026/7/11 16:13,0.331356,1023,0,30.355368,0.325883,372.6
2026/7/11 16:13,0.331356,1022,0,30.242336,0.325883,372.8
2026/7/11 16:13,0.331359,1021,0,30.310154,0.325883,373
2026/7/11 16:13,0.331359,1020,0,30.237814,0.325883,373.2
2026/7/11 16:13,0.331359,1019,0,30.242336,0.328197,373.4
2026/7/11 16:13,0.331356,1019,0,30.305634,0.325883,373.6
2026/7/11 16:13,0.331356,1017,0,30.355368,0.325883,373.8
2026/7/11 16:13,0.331356,1017,0,30.237814,0.325883,374
2026/7/11 16:13,0.331359,1015,0,30.387014,0.325883,374.2
2026/7/11 16:13,0.331362,1014,0,30.355368,0.325883,374.4
2026/7/11 16:13,0.331356,1013,0,30.246857,0.325883,374.6
2026/7/11 16:13,0.331359,1013,0,30.269464,0.327763,374.8
2026/7/11 16:13,0.331356,1012,0,30.314674,0.325883,375
2026/7/11 16:13,0.331356,1011,0,30.242336,0.325883,375.2
2026/7/11 16:13,0.331356,1010,0,30.310154,0.326534,375.4
2026/7/11 16:13,0.331349,1010,0,30.237814,0.325883,375.6
2026/7/11 16:13,0.331359,1008,0,30.255899,0.325883,375.8
2026/7/11 16:13,0.331352,1007,0,30.373451,0.325883,376
2026/7/11 16:13,0.331356,1006,0,30.237814,0.325883,376.2
2026/7/11 16:13,0.331352,1006,0,30.255899,0.325883,376.4
2026/7/11 16:13,0.331356,1006,0,30.387014,0.325883,376.6
2026/7/11 16:13,0.331352,1005,0,30.237814,0.325883,376.8
2026/7/11 16:13,0.331349,1004,0,30.255899,0.325955,377
2026/7/11 16:13,0.331352,1003,0,30.373451,0.325883,377.2
2026/7/11 16:13,0.331356,1002,0,30.237814,0.325883,377.4
2026/7/11 16:13,0.331349,1002,0,30.255899,0.325883,377.6
2026/7/11 16:13,0.331349,1002,0,30.382494,0.325883,377.8
2026/7/11 16:13,0.331349,1002,0,30.237814,0.325883,378
2026/7/11 16:13,0.331349,1002,0,30.255899,0.325883,378.2
2026/7/11 16:13,0.331346,1002,0,30.373451,0.325883,378.4
2026/7/11 16:13,0.331346,1001,0,30.242336,0.327112,378.6
2026/7/11 16:13,0.331349,1001,0,30.310154,0.325955,378.8
2026/7/11 16:13,0.331346,1001,0,30.355368,0.325883,379
2026/7/11 16:13,0.331346,1000,0,30.237814,0.325883,379.2
2026/7/11 16:13,0.331346,1000,0,30.273987,0.325883,379.4
2026/7/11 16:13,0.331346,1000,0,30.355368,0.325883,379.6
2026/7/11 16:13,0.331346,1000,0,30.237814,0.325883,379.8
2026/7/11 16:13,0.331342,999,0,30.310154,0.325883,380
2026/7/11 16:13,0.331346,999,0,30.382494,0.325883,380.2
2026/7/11 16:13,0.331346,1000,0,30.246857,0.325883,380.4
2026/7/11 16:13,0.331346,1000,0,30.310154,0.325883,380.6
2026/7/11 16:13,0.331346,1000,0,30.355368,0.325883,380.8
2026/7/11 16:13,0.331342,1000,0,30.242336,0.325883,381
2026/7/11 16:13,0.331342,1000,0,30.269464,0.325883,381.2
2026/7/11 16:13,0.331346,1000,0,30.314674,0.325883,381.4
2026/7/11 16:13,0.331346,1000,0,30.242336,0.325883,381.6
2026/7/11 16:13,0.331346,1000,0,30.387014,0.325883,381.8
2026/7/11 16:13,0.331346,1000,0,30.314674,0.325883,382
2026/7/11 16:13,0.331342,1000,0,30.242336,0.325883,382.2
2026/7/11 16:13,0.331342,1000,0,30.305634,0.326027,382.4
2026/7/11 16:13,0.331342,1001,0,30.237814,0.325883,382.6
2026/7/11 16:13,0.331342,1002,0,30.255899,0.325883,382.8
2026/7/11 16:13,0.331335,1002,0,30.264944,0.325883,383
2026/7/11 16:13,0.331339,1002,0,30.237814,0.3261,383.2
2026/7/11 16:13,0.331339,1002,0,30.255899,0.325883,383.4
2026/7/11 16:13,0.331335,1002,0,30.382494,0.325883,383.6
2026/7/11 16:13,0.331342,1003,0,30.237814,0.325883,383.8
2026/7/11 16:13,0.331335,1003,0,30.246857,0.325883,384
2026/7/11 16:13,0.331339,1003,0,30.387014,0.325883,384.2
2026/7/11 16:13,0.331342,1004,0,30.237814,0.325883,384.4
2026/7/11 16:13,0.331335,1005,0,30.246857,0.325883,384.6
2026/7/11 16:13,0.331335,1005,0,30.382494,0.325883,384.8
2026/7/11 16:13,0.331335,1006,0,30.242336,0.325883,385
2026/7/11 16:13,0.331339,1005,0,30.255899,0.326172,385.2
2026/7/11 16:13,0.331339,1006,0,30.355368,0.325883,385.4
2026/7/11 16:13,0.331339,1006,0,30.242336,0.325883,385.6
2026/7/11 16:13,0.331339,1006,0,30.255899,0.325883,385.8
2026/7/11 16:13,0.331335,1007,0,30.355368,0.325883,386
2026/7/11 16:13,0.331339,1008,0,30.242336,0.325883,386.2
2026/7/11 16:13,0.331339,1008,0,30.314674,0.325883,386.4
2026/7/11 16:13,0.331339,1008,0,30.355368,0.325883,386.6
2026/7/11 16:13,0.331342,1008,0,30.242336,0.325883,386.8
2026/7/11 16:13,0.331335,1009,0,30.269464,0.325883,387
2026/7/11 16:13,0.331335,1010,0,30.314674,0.325883,387.2
2026/7/11 16:13,0.331339,1010,0,30.242336,0.325883,387.4
2026/7/11 16:13,0.331335,1010,0,30.273987,0.325883,387.6
2026/7/11 16:13,0.331335,1010,0,30.314674,0.325883,387.8
2026/7/11 16:13,0.331339,1010,0,30.237814,0.325883,388
2026/7/11 16:13,0.331335,1011,0,30.387014,0.325883,388.2
2026/7/11 16:13,0.331335,1011,0,30.355368,0.325883,388.4
2026/7/11 16:13,0.331339,1012,0,30.242336,0.325883,388.6
2026/7/11 16:13,0.331335,1012,0,30.273987,0.325883,388.8
2026/7/11 16:13,0.331342,1013,0,30.355368,0.325883,389
2026/7/11 16:13,0.331339,1013,0,30.242336,0.325883,389.2
2026/7/11 16:13,0.331335,1014,0,30.314674,0.325883,389.4
2026/7/11 16:13,0.331335,1014,0,30.237814,0.325883,389.6
2026/7/11 16:13,0.331342,1014,0,30.242336,0.325883,389.8
2026/7/11 16:13,0.331335,1014,0,30.310154,0.325883,390
2026/7/11 16:13,0.331339,1016,0,30.314674,0.325883,390.2
2026/7/11 16:13,0.331335,1016,0,30.242336,0.325883,390.4
2026/7/11 16:13,0.331339,1016,0,30.382494,0.325883,390.6
2026/7/11 16:13,0.331335,1016,0,30.355368,0.325883,390.8
2026/7/11 16:13,0.331335,1017,0,30.246857,0.325883,391
2026/7/11 16:13,0.331332,1018,0,30.305634,0.325883,391.2
2026/7/11 16:13,0.331335,1019,0,30.237814,0.326389,391.4
2026/7/11 16:13,0.331332,1020,0,30.246857,0.325883,391.6
2026/7/11 16:13,0.331335,1020,0,30.278507,0.325883,391.8
2026/7/11 16:13,0.331335,1021,0,30.237814,0.325883,392
2026/7/11 16:13,0.331332,1021,0,30.255899,0.326027,392.2
2026/7/11 16:13,0.331335,1021,0,30.382494,0.325883,392.4
2026/7/11 16:13,0.331339,1022,0,30.237814,0.325883,392.6
2026/7/11 16:13,0.331342,1022,0,30.246857,0.326172,392.8
2026/7/11 16:13,0.331335,1024,0,30.382494,0.325883,393
2026/7/11 16:13,0.331342,1024,0,30.237814,0.325883,393.2
2026/7/11 16:13,0.331335,1025,0,30.273987,0.325883,393.4
2026/7/11 16:13,0.331332,1025,0,30.269464,0.325883,393.6
2026/7/11 16:13,0.331332,1025,0,30.237814,0.325883,393.8
2026/7/11 16:13,0.331335,1026,0,30.273987,0.325883,394
2026/7/11 16:13,0.331335,1026,0,30.355368,0.325883,394.2
2026/7/11 16:13,0.331346,1027,0,30.242336,0.325883,394.4
2026/7/11 16:13,0.331339,1027,0,30.255899,0.325883,394.6
2026/7/11 16:13,0.331342,1028,0,30.373451,0.325883,394.8
2026/7/11 16:13,0.331346,1028,0,30.242336,0.325955,395
2026/7/11 16:13,0.331342,1029,0,30.273987,0.326534,395.2
2026/7/11 16:13,0.331346,1029,0,30.373451,0.327112,395.4
2026/7/11 16:13,0.331339,1030,0,30.237814,0.325883,395.6
2026/7/11 16:13,0.331342,1030,0,30.310154,0.325955,395.8
2026/7/11 16:13,0.331339,1030,0,30.355368,0.325883,396
2026/7/11 16:13,0.331342,1030,0,30.242336,0.325883,396.2
2026/7/11 16:13,0.331342,1030,0,30.273987,0.325883,396.4
2026/7/11 16:13,0.331346,1031,0,30.373451,0.325883,396.6
2026/7/11 16:13,0.331342,1031,0,30.242336,0.325883,396.8
2026/7/11 16:13,0.331342,1031,0,30.387014,0.325883,397
2026/7/11 16:13,0.331342,1032,0,30.373451,0.325883,397.2
2026/7/11 16:13,0.331346,1032,0,30.246857,0.325883,397.4
2026/7/11 16:13,0.331346,1032,0,30.310154,0.326534,397.6
2026/7/11 16:13,0.331342,1032,0,30.355368,0.325883,397.8
2026/7/11 16:13,0.331339,1033,0,30.246857,0.326172,398
2026/7/11 16:13,0.331342,1033,0,30.310154,0.325955,398.2
2026/7/11 16:13,0.331346,1033,0,30.237814,0.325883,398.4
2026/7/11 16:13,0.331342,1033,0,30.255899,0.325883,398.6
2026/7/11 16:13,0.331339,1034,0,30.382494,0.325883,398.8
2026/7/11 16:13,0.331346,1035,0,30.355368,0.325883,399
2026/7/11 16:13,0.331346,1035,0,30.246857,0.325883,399.2
2026/7/11 16:13,0.331346,1035,0,30.382494,0.325883,399.4
2026/7/11 16:13,0.331346,1035,0,30.237814,0.325883,399.6
2026/7/11 16:13,0.331339,1035,0,30.246857,0.325883,399.8
2026/7/11 16:13,0.331339,1036,0,30.382494,0.325883,400
2026/7/11 16:13,0.331339,1036,0,30.314674,0.325883,400.2
2026/7/11 16:13,0.331346,1036,0,30.246857,0.326823,400.4
2026/7/11 16:13,0.331349,1036,0,30.382494,0.325883,400.6
2026/7/11 16:13,0.331346,1036,0,30.242336,0.325883,400.8
2026/7/11 16:13,0.331346,1036,0,30.255899,0.325883,401
2026/7/11 16:13,0.331342,1037,0,30.382494,0.325883,401.2
2026/7/11 16:13,0.331346,1036,0,30.391535,0.325883,401.4
2026/7/11 16:13,0.331356,1037,0,30.391535,0.325883,401.6
2026/7/11 16:13,0.331346,1037,0,30.391535,0.325883,401.8
2026/7/11 16:13,0.331349,1037,0,30.364408,0.325883,402
2026/7/11 16:13,0.331349,1037,0,30.391535,0.325883,402.2
2026/7/11 16:13,0.331346,1036,0,30.391535,0.325883,402.4
2026/7/11 16:13,0.331346,1037,0,30.391535,0.325883,402.6
2026/7/11 16:13,0.331346,1037,0,30.391535,0.325883,402.8
2026/7/11 16:13,0.331349,1036,0,30.391535,0.326027,403
2026/7/11 16:13,0.331346,1037,0,30.332762,0.325883,403.2
2026/7/11 16:13,0.331346,1037,0,30.391535,0.325883,403.4
2026/7/11 16:13,0.331349,1038,0,30.391535,0.325883,403.6
2026/7/11 16:13,0.331346,1038,0,30.391535,0.326027,403.8
2026/7/11 16:13,0.331349,1036,0,30.391535,0.325883,404
2026/7/11 16:13,0.331349,1036,0,30.391535,0.325883,404.2
2026/7/11 16:13,0.331349,1037,0,30.391535,0.325883,404.4
2026/7/11 16:13,0.331346,1038,0,30.391535,0.325883,404.6
2026/7/11 16:13,0.331346,1038,0,30.391535,0.325883,404.8
2026/7/11 16:13,0.331346,1037,0,30.391535,0.325883,405
2026/7/11 16:13,0.331342,1037,0,30.391535,0.325883,405.2
2026/7/11 16:13,0.331346,1038,0,30.391535,0.325883,405.4
2026/7/11 16:13,0.331346,1038,0,30.391535,0.325883,405.6
2026/7/11 16:13,0.331346,1037,0,30.391535,0.325883,405.8
2026/7/11 16:13,0.331346,1038,0,30.391535,0.325883,406
2026/7/11 16:13,0.331346,1038,0,30.391535,0.325883,406.2
2026/7/11 16:13,0.331346,1038,0,30.391535,0.325883,406.4
2026/7/11 16:13,0.331346,1037,0,30.391535,0.325883,406.6
2026/7/11 16:13,0.331352,1038,0,30.391535,0.325883,406.8
2026/7/11 16:13,0.331346,1038,0,30.391535,0.325883,407
2026/7/11 16:14,0.331346,1038,0,30.391535,0.325883,407.2
2026/7/11 16:14,0.331346,1038,0,30.314674,0.325883,407.4
2026/7/11 16:14,0.331352,1038,0,30.391535,0.325883,407.6
2026/7/11 16:14,0.331352,1038,0,30.391535,0.325883,407.8
2026/7/11 16:14,0.331346,1037,0,30.391535,0.325883,408
2026/7/11 16:14,0.331346,1037,0,30.391535,0.325883,408.2
2026/7/11 16:14,0.331352,1037,0,30.391535,0.325883,408.4
2026/7/11 16:14,0.331346,1037,0,30.391535,0.325883,408.6
2026/7/11 16:14,0.331346,1037,0,30.391535,0.325883,408.8
2026/7/11 16:14,0.331346,1037,0,30.391535,0.325883,409
2026/7/11 16:14,0.331349,1038,0,30.391535,0.325883,409.2
2026/7/11 16:14,0.331339,1038,0,30.391535,0.325883,409.4
2026/7/11 16:14,0.331342,1037,0,30.391535,0.325883,409.6
2026/7/11 16:14,0.331346,1037,0,30.391535,0.325883,409.8
2026/7/11 16:14,0.331349,1036,0,30.391535,0.325883,410
2026/7/11 16:14,0.331356,1037,0,30.391535,0.325955,410.2
2026/7/11 16:14,0.331356,1036,0,30.391535,0.325883,410.4
2026/7/11 16:14,0.331356,1036,0,30.391535,0.327112,410.6
2026/7/11 16:14,0.331356,1036,0,30.391535,0.325883,410.8
2026/7/11 16:14,0.331356,1036,0,30.391535,0.325883,411
2026/7/11 16:14,0.331352,1036,0,30.391535,0.325883,411.2
2026/7/11 16:14,0.331356,1035,0,30.391535,0.325883,411.4
2026/7/11 16:14,0.331356,1035,0,30.391535,0.325883,411.6
2026/7/11 16:14,0.331352,1036,0,30.391535,0.325883,411.8
2026/7/11 16:14,0.331349,1036,0,30.391535,0.325883,412
2026/7/11 16:14,0.331349,1035,0,30.391535,0.325883,412.2
2026/7/11 16:14,0.331352,1035,0,30.391535,0.325883,412.4
2026/7/11 16:14,0.331352,1035,0,30.391535,0.325883,412.6
2026/7/11 16:14,0.331349,1034,0,30.391535,0.325883,412.8
2026/7/11 16:14,0.331359,1034,0,30.391535,0.325883,413
2026/7/11 16:14,0.331356,1034,0,30.391535,0.325883,413.2
2026/7/11 16:14,0.331349,1034,0,30.432228,0.325883,413.4
2026/7/11 16:14,0.331342,1033,0,30.391535,0.325883,413.6
2026/7/11 16:14,0.331349,1033,0,30.396057,0.325883,413.8
2026/7/11 16:14,0.331342,1034,0,30.468395,0.325883,414
2026/7/11 16:14,0.331349,1034,0,30.391535,0.326317,414.2
2026/7/11 16:14,0.331342,1033,0,30.391535,0.325883,414.4
2026/7/11 16:14,0.331346,1033,0,30.391535,0.325883,414.6
2026/7/11 16:14,0.331346,1033,0,30.391535,0.325883,414.8
2026/7/11 16:14,0.331346,1034,0,30.391535,0.325883,415
2026/7/11 16:14,0.331356,1033,0,30.468395,0.325883,415.2
2026/7/11 16:14,0.331352,1033,0,30.391535,0.325883,415.4
2026/7/11 16:14,0.331349,1033,0,30.400579,0.325883,415.6
2026/7/11 16:14,0.331352,1033,0,30.391535,0.325883,415.8
2026/7/11 16:14,0.331352,1033,0,30.391535,0.325955,416
2026/7/11 16:14,0.331349,1033,0,30.400579,0.325883,416.2
2026/7/11 16:14,0.331349,1033,0,30.468395,0.325883,416.4
2026/7/11 16:14,0.331349,1033,0,30.391535,0.327763,416.6
2026/7/11 16:14,0.331349,1033,0,30.409622,0.325883,416.8
2026/7/11 16:14,0.331349,1033,0,30.391535,0.325883,417
2026/7/11 16:14,0.331352,1033,0,30.391535,0.325883,417.2
2026/7/11 16:14,0.331349,1032,0,30.409622,0.325883,417.4
2026/7/11 16:14,0.331349,1031,0,30.391535,0.325883,417.6
2026/7/11 16:14,0.331356,1032,0,30.391535,0.325883,417.8
2026/7/11 16:14,0.331349,1031,0,30.409622,0.325883,418
2026/7/11 16:14,0.331346,1031,0,30.391535,0.325883,418.2
2026/7/11 16:14,0.331349,1031,0,30.391535,0.325883,418.4
2026/7/11 16:14,0.331349,1030,0,30.391535,0.325883,418.6
2026/7/11 16:14,0.331349,1031,0,30.391535,0.325883,418.8
2026/7/11 16:14,0.331346,1031,0,30.391535,0.325883,419
2026/7/11 16:14,0.331346,1031,0,30.391535,0.325883,419.2
2026/7/11 16:14,0.331346,1030,0,30.391535,0.325883,419.4
2026/7/11 16:14,0.331352,1031,0,30.391535,0.325883,419.6
2026/7/11 16:14,0.331349,1030,0,30.391535,0.325883,419.8
2026/7/11 16:14,0.331349,1030,0,30.391535,0.325883,420
2026/7/11 16:14,0.331352,1030,0,30.391535,0.325883,420.2
2026/7/11 16:14,0.331356,1030,0,30.391535,0.325883,420.4
2026/7/11 16:14,0.331349,1030,0,30.391535,0.325883,420.6
2026/7/11 16:14,0.331349,1030,0,30.391535,0.325883,420.8
2026/7/11 16:14,0.331352,1030,0,30.391535,0.325883,421
2026/7/11 16:14,0.331349,1029,0,30.391535,0.325883,421.2
2026/7/11 16:14,0.331349,1029,0,30.396057,0.325883,421.4
2026/7/11 16:14,0.331349,1029,0,30.391535,0.325883,421.6
2026/7/11 16:14,0.331346,1029,0,30.391535,0.325883,421.8
2026/7/11 16:14,0.331352,1028,0,30.391535,0.325883,422
2026/7/11 16:14,0.331349,1028,0,30.391535,0.325883,422.2
2026/7/11 16:14,0.331349,1028,0,30.391535,0.325883,422.4
2026/7/11 16:14,0.331349,1028,0,30.391535,0.325883,422.6
2026/7/11 16:14,0.331356,1028,0,30.391535,0.325883,422.8
2026/7/11 16:14,0.331359,1028,0,30.391535,0.325883,423
2026/7/11 16:14,0.331352,1027,0,30.391535,0.325883,423.2
2026/7/11 16:14,0.331356,1027,0,30.509087,0.325883,423.4
2026/7/11 16:14,0.331352,1027,0,30.391535,0.325883,423.6
2026/7/11 16:14,0.331356,1027,0,30.391535,0.325955,423.8
2026/7/11 16:14,0.331356,1026,0,30.391535,0.325883,424
2026/7/11 16:14,0.331356,1025,0,30.391535,0.325883,424.2
2026/7/11 16:14,0.331359,1025,0,30.391535,0.325883,424.4
2026/7/11 16:14,0.331352,1025,0,30.391535,0.325883,424.6
2026/7/11 16:14,0.331356,1025,0,30.391535,0.325883,424.8
2026/7/11 16:14,0.331356,1025,0,30.391535,0.325883,425
2026/7/11 16:14,0.331356,1024,0,30.391535,0.325883,425.2
2026/7/11 16:14,0.331349,1024,0,30.391535,0.325883,425.4
2026/7/11 16:14,0.331352,1024,0,30.391535,0.325955,425.6
2026/7/11 16:14,0.331349,1024,0,30.391535,0.326244,425.8
2026/7/11 16:14,0.331352,1022,0,30.391535,0.325883,426
2026/7/11 16:14,0.331356,1022,0,30.391535,0.325883,426.2
2026/7/11 16:14,0.331352,1022,0,30.391535,0.325883,426.4
2026/7/11 16:14,0.331352,1022,0,30.396057,0.325883,426.6
2026/7/11 16:14,0.331349,1022,0,30.391535,0.325883,426.8
2026/7/11 16:14,0.331356,1022,0,30.391535,0.325883,427
2026/7/11 16:14,0.331346,1021,0,30.391535,0.325883,427.2
2026/7/11 16:14,0.331349,1021,0,30.391535,0.326172,427.4
2026/7/11 16:14,0.331349,1021,0,30.391535,0.325883,427.6
2026/7/11 16:14,0.331346,1021,0,30.391535,0.327112,427.8
2026/7/11 16:14,0.331356,1021,0,30.391535,0.325883,428
2026/7/11 16:14,0.331356,1021,0,30.391535,0.325883,428.2
2026/7/11 16:14,0.331356,1021,0,30.391535,0.325883,428.4
2026/7/11 16:14,0.331356,1020,0,30.391535,0.325883,428.6
2026/7/11 16:14,0.331356,1019,0,30.391535,0.325883,428.8
2026/7/11 16:14,0.331349,1019,0,30.391535,0.325883,429
2026/7/11 16:14,0.331359,1019,0,30.391535,0.325883,429.2
2026/7/11 16:14,0.331352,1019,0,30.391535,0.325883,429.4
2026/7/11 16:14,0.331352,1017,0,30.391535,0.326172,429.6
2026/7/11 16:14,0.331356,1017,0,30.391535,0.325883,429.8
2026/7/11 16:14,0.331356,1017,0,30.391535,0.325883,430
2026/7/11 16:14,0.331349,1017,0,30.391535,0.325883,430.2
2026/7/11 16:14,0.331356,1016,0,30.391535,0.325883,430.4
2026/7/11 16:14,0.331352,1015,0,30.391535,0.325883,430.6
2026/7/11 16:14,0.331349,1015,0,30.391535,0.325883,430.8
2026/7/11 16:14,0.331356,1016,0,30.391535,0.325883,431
2026/7/11 16:14,0.331356,1015,0,30.391535,0.325883,431.2
2026/7/11 16:14,0.331352,1014,0,30.396057,0.325883,431.4
2026/7/11 16:14,0.331349,1014,0,30.391535,0.325883,431.6
2026/7/11 16:14,0.331352,1014,0,30.391535,0.325883,431.8
2026/7/11 16:14,0.331356,1014,0,30.391535,0.325883,432
2026/7/11 16:14,0.331349,1013,0,30.391535,0.325883,432.2
2026/7/11 16:14,0.331356,1013,0,30.391535,0.325883,432.4
2026/7/11 16:14,0.331349,1013,0,30.391535,0.325883,432.6
2026/7/11 16:14,0.331349,1013,0,30.391535,0.325883,432.8
2026/7/11 16:14,0.331352,1013,0,30.391535,0.325883,433
2026/7/11 16:14,0.331352,1012,0,30.391535,0.326027,433.2
2026/7/11 16:14,0.331352,1011,0,30.391535,0.325883,433.4
2026/7/11 16:14,0.331356,1011,0,30.391535,0.325883,433.6
2026/7/11 16:14,0.331352,1011,0,30.391535,0.325883,433.8
2026/7/11 16:14,0.331349,1011,0,30.391535,0.325883,434
2026/7/11 16:14,0.331349,1011,0,30.391535,0.326172,434.2
2026/7/11 16:14,0.331349,1011,0,30.391535,0.325883,434.4
2026/7/11 16:14,0.331349,1011,0,30.391535,0.325883,434.6
2026/7/11 16:14,0.331349,1010,0,30.391535,0.325883,434.8
2026/7/11 16:14,0.331349,1010,0,30.391535,0.325883,435
2026/7/11 16:14,0.331349,1011,0,30.391535,0.325883,435.2
2026/7/11 16:14,0.331356,1010,0,30.391535,0.325883,435.4
2026/7/11 16:14,0.331349,1010,0,30.432228,0.325883,435.6
2026/7/11 16:14,0.331352,1010,0,30.391535,0.325883,435.8
2026/7/11 16:14,0.331359,1009,0,30.391535,0.325883,436
2026/7/11 16:14,0.331352,1009,0,30.391535,0.325883,436.2
2026/7/11 16:14,0.331356,1009,0,30.391535,0.325883,436.4
2026/7/11 16:14,0.331356,1008,0,30.391535,0.325883,436.6
2026/7/11 16:14,0.331349,1008,0,30.432228,0.326823,436.8
2026/7/11 16:14,0.331352,1008,0,30.391535,0.326172,437
2026/7/11 16:14,0.331352,1008,0,30.391535,0.325883,437.2
2026/7/11 16:14,0.331349,1007,0,30.391535,0.325883,437.4
2026/7/11 16:14,0.331352,1006,0,30.391535,0.325883,437.6
2026/7/11 16:14,0.331349,1006,0,30.391535,0.325883,437.8
2026/7/11 16:14,0.331349,1006,0,30.391535,0.326172,438
2026/7/11 16:14,0.331349,1006,0,30.391535,0.325883,438.2
2026/7/11 16:14,0.331356,1006,0,30.391535,0.325883,438.4
2026/7/11 16:14,0.331349,1006,0,30.391535,0.325883,438.6
2026/7/11 16:14,0.331349,1005,0,30.391535,0.325883,438.8
2026/7/11 16:14,0.331349,1005,0,30.391535,0.325883,439
2026/7/11 16:14,0.331349,1005,0,30.391535,0.325883,439.2
2026/7/11 16:14,0.331349,1005,0,30.391535,0.326027,439.4
2026/7/11 16:14,0.331352,1005,0,30.391535,0.325883,439.6
2026/7/11 16:14,0.331356,1004,0,30.391535,0.325883,439.8
2026/7/11 16:14,0.331356,1005,0,30.391535,0.325883,440
2026/7/11 16:14,0.331356,1004,0,30.391535,0.325955,440.2
2026/7/11 16:14,0.331352,1003,0,30.391535,0.325955,440.4
2026/7/11 16:14,0.331352,1002,0,30.278507,0.325883,440.6
2026/7/11 16:14,0.331356,1003,0,30.409622,0.325955,440.8
2026/7/11 16:14,0.331359,1002,0,30.391535,0.325883,441
2026/7/11 16:14,0.331356,1002,0,30.391535,0.325883,441.2
2026/7/11 16:14,0.331356,1001,0,30.391535,0.325883,441.4
2026/7/11 16:14,0.331349,1001,0,30.391535,0.325883,441.6
2026/7/11 16:14,0.331352,1000,0,30.391535,0.326534,441.8
2026/7/11 16:14,0.331346,1000,0,30.391535,0.325883,442
2026/7/11 16:14,0.331349,1000,0,30.391535,0.325955,442.2
2026/7/11 16:14,0.331356,1000,0,30.391535,0.325883,442.4
2026/7/11 16:14,0.331349,999,0,30.391535,0.325883,442.6
2026/7/11 16:14,0.331356,999,0,30.391535,0.325883,442.8
2026/7/11 16:14,0.331356,999,0,30.391535,0.325883,443
2026/7/11 16:14,0.331352,999,0,30.391535,0.325883,443.2
2026/7/11 16:14,0.331349,999,0,30.391535,0.325883,443.4
2026/7/11 16:14,0.331349,999,0,30.391535,0.325883,443.6
2026/7/11 16:14,0.331356,999,0,30.391535,0.325883,443.8
2026/7/11 16:14,0.331349,999,0,30.391535,0.325883,444
2026/7/11 16:14,0.331349,998,0,30.391535,0.325883,444.2
2026/7/11 16:14,0.331349,998,0,30.391535,0.325883,444.4
2026/7/11 16:14,0.331346,997,0,30.391535,0.325883,444.6
2026/7/11 16:14,0.331349,997,0,30.391535,0.325883,444.8
2026/7/11 16:14,0.331349,997,0,30.391535,0.325883,445
2026/7/11 16:14,0.331346,997,0,30.391535,0.325883,445.2
2026/7/11 16:14,0.331349,997,0,30.405102,0.325883,445.4
2026/7/11 16:14,0.331346,997,0,30.391535,0.325883,445.6
2026/7/11 16:14,0.331346,997,0,30.391535,0.325883,445.8
2026/7/11 16:14,0.331349,996,0,30.391535,0.325883,446
2026/7/11 16:14,0.331349,996,0,30.391535,0.325883,446.2
2026/7/11 16:14,0.331349,996,0,30.391535,0.325883,446.4
2026/7/11 16:14,0.331349,996,0,30.396057,0.325883,446.6
2026/7/11 16:14,0.331356,995,0,30.391535,0.325883,446.8
2026/7/11 16:14,0.331356,995,0,30.391535,0.325883,447
2026/7/11 16:14,0.331346,995,0,30.391535,0.325883,447.2
2026/7/11 16:14,0.331356,995,0,30.391535,0.325883,447.4
2026/7/11 16:14,0.331352,995,0,30.391535,0.325883,447.6
2026/7/11 16:14,0.331352,994,0,30.400579,0.325883,447.8
2026/7/11 16:14,0.331352,994,0,30.391535,0.325883,448
2026/7/11 16:14,0.331346,994,0,30.391535,0.325883,448.2
2026/7/11 16:14,0.331352,994,0,30.400579,0.325883,448.4
2026/7/11 16:14,0.331349,994,0,30.391535,0.325883,448.6
2026/7/11 16:14,0.331349,994,0,30.391535,0.325883,448.8
2026/7/11 16:14,0.331349,994,0,30.409622,0.325883,449
2026/7/11 16:14,0.331346,993,0,30.391535,0.325883,449.2
2026/7/11 16:14,0.331352,993,0,30.391535,0.325883,449.4
2026/7/11 16:14,0.331346,992,0,30.391535,0.325883,449.6
2026/7/11 16:14,0.331349,992,0,30.391535,0.325883,449.8
2026/7/11 16:14,0.331349,992,0,30.391535,0.325883,450
2026/7/11 16:14,0.331346,992,0,30.391535,0.325883,450.2
2026/7/11 16:14,0.331349,992,0,30.391535,0.325955,450.4
2026/7/11 16:14,0.331349,992,0,30.391535,0.325883,450.6
2026/7/11 16:14,0.331349,992,0,30.391535,0.325883,450.8
2026/7/11 16:14,0.331346,992,0,30.391535,0.325883,451
2026/7/11 16:14,0.331346,992,0,30.391535,0.325883,451.2
2026/7/11 16:14,0.331346,992,0,30.391535,0.325883,451.4
2026/7/11 16:14,0.331346,992,0,30.391535,0.325883,451.6
2026/7/11 16:14,0.331349,992,0,30.400579,0.325883,451.8
2026/7/11 16:14,0.331346,992,0,30.391535,0.325883,452
2026/7/11 16:14,0.331356,992,0,30.391535,0.327112,452.2
2026/7/11 16:14,0.331349,992,0,30.396057,0.325883,452.4
2026/7/11 16:14,0.331349,992,0,30.391535,0.326172,452.6
2026/7/11 16:14,0.331346,992,0,30.391535,0.325883,452.8
2026/7/11 16:14,0.331349,992,0,30.391535,0.325883,453
2026/7/11 16:14,0.331346,991,0,30.391535,0.325883,453.2
2026/7/11 16:14,0.331349,991,0,30.391535,0.325883,453.4
2026/7/11 16:14,0.331349,991,0,30.400579,0.326027,453.6
2026/7/11 16:14,0.331342,991,0,30.391535,0.325955,453.8
2026/7/11 16:14,0.331349,990,0,30.391535,0.325883,454
2026/7/11 16:14,0.331346,991,0,30.391535,0.3261,454.2
2026/7/11 16:14,0.331349,991,0,30.391535,0.325883,454.4
2026/7/11 16:14,0.331346,991,0,30.391535,0.325883,454.6
2026/7/11 16:14,0.331346,991,0,30.409622,0.325883,454.8
2026/7/11 16:14,0.331349,991,0,30.391535,0.325883,455
2026/7/11 16:14,0.331346,991,0,30.391535,0.325883,455.2
2026/7/11 16:14,0.331346,991,0,30.409622,0.325883,455.4
2026/7/11 16:14,0.331349,991,0,30.391535,0.325883,455.6
2026/7/11 16:14,0.331346,990,0,30.396057,0.325883,455.8
2026/7/11 16:14,0.331346,991,0,30.391535,0.325883,456
2026/7/11 16:14,0.331346,991,0,30.391535,0.325883,456.2
2026/7/11 16:14,0.331349,991,0,30.396057,0.325883,456.4
2026/7/11 16:14,0.331342,991,0,30.391535,0.325883,456.6
2026/7/11 16:14,0.331346,991,0,30.391535,0.325883,456.8
2026/7/11 16:14,0.331342,991,0,30.391535,0.325883,457
2026/7/11 16:14,0.331346,991,0,30.391535,0.325883,457.2
2026/7/11 16:14,0.331346,991,0,30.391535,0.325883,457.4
2026/7/11 16:14,0.331342,991,0,30.391535,0.325883,457.6
2026/7/11 16:14,0.331342,991,0,30.432228,0.325883,457.8
2026/7/11 16:14,0.331346,991,0,30.391535,0.325883,458
2026/7/11 16:14,0.331339,991,0,30.396057,0.325883,458.2
2026/7/11 16:14,0.331342,991,0,30.391535,0.325883,458.4
2026/7/11 16:14,0.331342,992,0,30.391535,0.326027,458.6
2026/7/11 16:14,0.331346,992,0,30.396057,0.325883,458.8
2026/7/11 16:14,0.331346,992,0,30.391535,0.325883,459
2026/7/11 16:14,0.331342,992,0,30.391535,0.325883,459.2
2026/7/11 16:14,0.331352,992,0,30.391535,0.325883,459.4
2026/7/11 16:14,0.331349,992,0,30.391535,0.325883,459.6
2026/7/11 16:14,0.331346,991,0,30.391535,0.325883,459.8
2026/7/11 16:14,0.331342,992,0,30.391535,0.325883,460
2026/7/11 16:14,0.331346,992,0,30.391535,0.325883,460.2
2026/7/11 16:14,0.331342,992,0,30.391535,0.326172,460.4
2026/7/11 16:14,0.331339,992,0,30.391535,0.325883,460.6
2026/7/11 16:14,0.331339,992,0,30.468395,0.325883,460.8
2026/7/11 16:14,0.331339,993,0,30.391535,0.325883,461
2026/7/11 16:14,0.331342,993,0,30.400579,0.325883,461.2
2026/7/11 16:14,0.331346,993,0,30.391535,0.325955,461.4
2026/7/11 16:14,0.331342,994,0,30.391535,0.325883,461.6
2026/7/11 16:14,0.331335,994,0,30.396057,0.325883,461.8
2026/7/11 16:14,0.331339,995,0,30.391535,0.325883,462
2026/7/11 16:14,0.331335,995,0,30.391535,0.325883,462.2
2026/7/11 16:14,0.331342,995,0,30.391535,0.325883,462.4
2026/7/11 16:14,0.331342,995,0,30.391535,0.325883,462.6
2026/7/11 16:14,0.331339,995,0,30.391535,0.325883,462.8
2026/7/11 16:14,0.331339,995,0,30.391535,0.325883,463
2026/7/11 16:14,0.331339,996,0,30.391535,0.325883,463.2
2026/7/11 16:14,0.331335,997,0,30.391535,0.325883,463.4
2026/7/11 16:14,0.331342,997,0,30.391535,0.325883,463.6
2026/7/11 16:14,0.331342,997,0,30.391535,0.325883,463.8
2026/7/11 16:14,0.331342,998,0,30.391535,0.325883,464
2026/7/11 16:14,0.331342,998,0,30.391535,0.325883,464.2
2026/7/11 16:14,0.331342,999,0,30.391535,0.325883,464.4
2026/7/11 16:14,0.331339,999,0,30.391535,0.325883,464.6
2026/7/11 16:14,0.331346,999,0,30.391535,0.325883,464.8
2026/7/11 16:14,0.331346,1000,0,30.391535,0.325883,465
2026/7/11 16:14,0.331346,1000,0,30.391535,0.325883,465.2
2026/7/11 16:14,0.331346,1000,0,30.391535,0.325883,465.4
2026/7/11 16:14,0.331346,1000,0,30.391535,0.325883,465.6
2026/7/11 16:14,0.331346,1000,0,30.391535,0.325883,465.8
2026/7/11 16:14,0.331346,1001,0,30.391535,0.325883,466
2026/7/11 16:14,0.331342,1000,0,30.391535,0.325883,466.2
2026/7/11 16:14,0.331342,1001,0,30.391535,0.325883,466.4
2026/7/11 16:14,0.331346,1002,0,30.391535,0.325883,466.6
2026/7/11 16:14,0.331346,1002,0,30.382494,0.325883,466.8
2026/7/11 16:14,0.331346,1002,0,30.391535,0.325883,467
2026/7/11 16:15,0.331339,1002,0,30.391535,0.325883,467.2
2026/7/11 16:15,0.331342,1003,0,30.391535,0.325955,467.4
2026/7/11 16:15,0.331342,1003,0,30.391535,0.325883,467.6
2026/7/11 16:15,0.331342,1003,0,30.391535,0.325883,467.8
2026/7/11 16:15,0.331342,1003,0,30.391535,0.325883,468
2026/7/11 16:15,0.331342,1003,0,30.391535,0.325883,468.2
2026/7/11 16:15,0.331339,1003,0,30.391535,0.325883,468.4
2026/7/11 16:15,0.331342,1004,0,30.391535,0.325883,468.6
2026/7/11 16:15,0.331346,1004,0,30.391535,0.325883,468.8
2026/7/11 16:15,0.331342,1005,0,30.391535,0.325883,469
2026/7/11 16:15,0.331342,1005,0,30.391535,0.325883,469.2
2026/7/11 16:15,0.331342,1005,0,30.400579,0.325883,469.4
2026/7/11 16:15,0.331346,1005,0,30.391535,0.325883,469.6
2026/7/11 16:15,0.331349,1005,0,30.391535,0.325883,469.8
2026/7/11 16:15,0.331349,1006,0,30.400579,0.325883,470
2026/7/11 16:15,0.331346,1005,0,30.391535,0.325883,470.2
2026/7/11 16:15,0.331346,1005,0,30.391535,0.325883,470.4
2026/7/11 16:15,0.331349,1006,0,30.400579,0.325883,470.6
2026/7/11 16:15,0.331346,1006,0,30.391535,0.325883,470.8
2026/7/11 16:15,0.331346,1006,0,30.391535,0.325883,471
2026/7/11 16:15,0.331342,1006,0,30.391535,0.327112,471.2
2026/7/11 16:15,0.331346,1007,0,30.391535,0.326823,471.4
2026/7/11 16:15,0.331342,1006,0,30.391535,0.325883,471.6
2026/7/11 16:15,0.331342,1006,0,30.391535,0.325955,471.8
2026/7/11 16:15,0.331346,1006,0,30.391535,0.325883,472
2026/7/11 16:15,0.331342,1007,0,30.391535,0.325883,472.2
2026/7/11 16:15,0.331342,1007,0,30.391535,0.325883,472.4
2026/7/11 16:15,0.331342,1007,0,30.391535,0.325883,472.6
2026/7/11 16:15,0.331346,1007,0,30.396057,0.325883,472.8
2026/7/11 16:15,0.331349,1008,0,30.391535,0.325883,473
2026/7/11 16:15,0.331342,1007,0,30.391535,0.325883,473.2
2026/7/11 16:15,0.331342,1008,0,30.391535,0.325883,473.4
2026/7/11 16:15,0.331346,1008,0,30.391535,0.325883,473.6
2026/7/11 16:15,0.331346,1007,0,30.391535,0.325883,473.8
2026/7/11 16:15,0.331346,1008,0,30.391535,0.325883,474
2026/7/11 16:15,0.331346,1008,0,30.391535,0.326172,474.2
2026/7/11 16:15,0.331346,1008,0,30.391535,0.326534,474.4
2026/7/11 16:15,0.331346,1008,0,30.391535,0.326534,474.6
2026/7/11 16:15,0.331342,1008,0,30.391535,0.325883,474.8
2026/7/11 16:15,0.331342,1008,0,30.391535,0.325883,475
2026/7/11 16:15,0.331352,1008,0,30.396057,0.325883,475.2
2026/7/11 16:15,0.331349,1008,0,30.450312,0.325883,475.4
2026/7/11 16:15,0.331349,1008,0,30.391535,0.325883,475.6
2026/7/11 16:15,0.331349,1008,0,30.396057,0.326027,475.8
2026/7/11 16:15,0.331349,1008,0,30.391535,0.325883,476
2026/7/11 16:15,0.331349,1009,0,30.391535,0.325883,476.2
2026/7/11 16:15,0.331346,1008,0,30.405102,0.325883,476.4
2026/7/11 16:15,0.331352,1008,0,30.391535,0.325883,476.6
2026/7/11 16:15,0.331346,1008,0,30.391535,0.325883,476.8
2026/7/11 16:15,0.331349,1008,0,30.396057,0.325883,477
2026/7/11 16:15,0.331352,1008,0,30.391535,0.325883,477.2
2026/7/11 16:15,0.331349,1008,0,30.391535,0.325883,477.4
2026/7/11 16:15,0.331349,1009,0,30.391535,0.325883,477.6
2026/7/11 16:15,0.331349,1009,0,30.391535,0.326027,477.8
2026/7/11 16:15,0.331346,1008,0,30.391535,0.325883,478
2026/7/11 16:15,0.331349,1008,0,30.391535,0.325883,478.2
2026/7/11 16:15,0.331349,1008,0,30.391535,0.325955,478.4
2026/7/11 16:15,0.331349,1008,0,30.391535,0.325883,478.6
2026/7/11 16:15,0.331349,1008,0,30.391535,0.325883,478.8
2026/7/11 16:15,0.331349,1008,0,30.391535,0.326534,479
2026/7/11 16:15,0.331349,1008,0,30.391535,0.326172,479.2
2026/7/11 16:15,0.331352,1008,0,30.391535,0.325883,479.4
2026/7/11 16:15,0.331346,1008,0,30.391535,0.325883,479.6
2026/7/11 16:15,0.331346,1008,0,30.391535,0.325883,479.8
2026/7/11 16:15,0.331349,1008,0,30.391535,0.325883,480
2026/7/11 16:15,0.331349,1008,0,30.391535,0.325883,480.2
2026/7/11 16:15,0.331352,1008,0,30.391535,0.327112,480.4
2026/7/11 16:15,0.331349,1008,0,30.391535,0.325883,480.6
2026/7/11 16:15,0.331349,1008,0,30.391535,0.325883,480.8
2026/7/11 16:15,0.331349,1007,0,30.391535,0.325883,481
2026/7/11 16:15,0.331356,1007,0,30.391535,0.325883,481.2
2026/7/11 16:15,0.331356,1006,0,30.391535,0.325883,481.4
2026/7/11 16:15,0.331356,1007,0,30.391535,0.325883,481.6
2026/7/11 16:15,0.331346,1006,0,30.396057,0.325883,481.8
2026/7/11 16:15,0.331349,1006,0,30.391535,0.325883,482
2026/7/11 16:15,0.331352,1006,0,30.391535,0.325883,482.2
2026/7/11 16:15,0.331349,1006,0,30.391535,0.325883,482.4
2026/7/11 16:15,0.331352,1006,0,30.391535,0.325883,482.6
2026/7/11 16:15,0.331349,1006,0,30.391535,0.325883,482.8
2026/7/11 16:15,0.331349,1005,0,30.391535,0.325883,483
2026/7/11 16:15,0.331352,1005,0,30.391535,0.325883,483.2
2026/7/11 16:15,0.331349,1005,0,30.396057,0.326534,483.4
2026/7/11 16:15,0.331349,1005,0,30.391535,0.325883,483.6
2026/7/11 16:15,0.331349,1005,0,30.391535,0.325883,483.8
2026/7/11 16:15,0.331349,1005,0,30.396057,0.325883,484
2026/7/11 16:15,0.331352,1005,0,30.509087,0.327763,484.2
2026/7/11 16:15,0.331346,1004,0,30.391535,0.325883,484.4
2026/7/11 16:15,0.331349,1005,0,30.391535,0.325883,484.6
2026/7/11 16:15,0.331349,1003,0,30.391535,0.325883,484.8
2026/7/11 16:15,0.331349,1003,0,30.391535,0.325883,485
2026/7/11 16:15,0.331346,1004,0,30.391535,0.325883,485.2
2026/7/11 16:15,0.331359,1003,0,30.391535,0.325883,485.4
2026/7/11 16:15,0.331349,1003,0,30.391535,0.325883,485.6
2026/7/11 16:15,0.331346,1003,0,30.391535,0.325883,485.8
2026/7/11 16:15,0.331352,1003,0,30.391535,0.325883,486
2026/7/11 16:15,0.331346,1003,0,30.391535,0.325883,486.2
2026/7/11 16:15,0.331352,1003,0,30.391535,0.325883,486.4
2026/7/11 16:15,0.331359,1003,0,30.391535,0.325883,486.6
2026/7/11 16:15,0.331349,1003,0,30.391535,0.325883,486.8
2026/7/11 16:15,0.331359,1003,0,30.391535,0.325883,487
2026/7/11 16:15,0.331356,1002,0,30.468395,0.325883,487.2
2026/7/11 16:15,0.331356,1002,0,30.391535,0.325883,487.4
2026/7/11 16:15,0.331352,1002,0,30.391535,0.325883,487.6
2026/7/11 16:15,0.331356,1002,0,30.391535,0.325883,487.8
2026/7/11 16:15,0.331356,1001,0,30.391535,0.325883,488
2026/7/11 16:15,0.331356,1001,0,30.391535,0.325883,488.2
2026/7/11 16:15,0.331356,1000,0,30.391535,0.325883,488.4
2026/7/11 16:15,0.331352,1000,0,30.391535,0.325883,488.6
2026/7/11 16:15,0.331346,1000,0,30.391535,0.326534,488.8
2026/7/11 16:15,0.331349,1000,0,30.391535,0.325883,489
2026/7/11 16:15,0.331356,1000,0,30.391535,0.325883,489.2
2026/7/11 16:15,0.331349,999,0,30.391535,0.325955,489.4
2026/7/11 16:15,0.331356,999,0,30.391535,0.325883,489.6
2026/7/11 16:15,0.331352,998,0,30.391535,0.325883,489.8
2026/7/11 16:15,0.331352,998,0,30.391535,0.325883,490
2026/7/11 16:15,0.331352,998,0,30.391535,0.325955,490.2
2026/7/11 16:15,0.331349,998,0,30.391535,0.327185,490.4
2026/7/11 16:15,0.331352,997,0,30.391535,0.326823,490.6
2026/7/11 16:15,0.331346,997,0,30.391535,0.325883,490.8
2026/7/11 16:15,0.331349,997,0,30.391535,0.325883,491
2026/7/11 16:15,0.331356,997,0,30.391535,0.325883,491.2
2026/7/11 16:15,0.331349,997,0,30.391535,0.325883,491.4
2026/7/11 16:15,0.331349,997,0,30.391535,0.325883,491.6
2026/7/11 16:15,0.331349,997,0,30.391535,0.325883,491.8
2026/7/11 16:15,0.331356,997,0,30.472919,0.325883,492
2026/7/11 16:15,0.331346,996,0,30.545258,0.325883,492.2
2026/7/11 16:15,0.331356,995,0,30.545258,0.326027,492.4
2026/7/11 16:15,0.331356,995,0,30.472919,0.325883,492.6
2026/7/11 16:15,0.331356,995,0,30.468395,0.325883,492.8
2026/7/11 16:15,0.331356,994,0,30.536213,0.325883,493
2026/7/11 16:15,0.331356,994,0,30.531693,0.326027,493.2
2026/7/11 16:15,0.331349,994,0,30.468395,0.325955,493.4
2026/7/11 16:15,0.331352,994,0,30.540737,0.327112,493.6
2026/7/11 16:15,0.331356,993,0,30.396057,0.327112,493.8
2026/7/11 16:15,0.331349,993,0,30.468395,0.325883,494
2026/7/11 16:15,0.331349,992,0,30.536213,0.325883,494.2
2026/7/11 16:15,0.331356,992,0,30.513609,0.325883,494.4
2026/7/11 16:15,0.331352,992,0,30.545258,0.325883,494.6
2026/7/11 16:15,0.331352,992,0,30.540737,0.325883,494.8
2026/7/11 16:15,0.331349,992,0,30.518129,0.325883,495
2026/7/11 16:15,0.331349,991,0,30.545258,0.325883,495.2
2026/7/11 16:15,0.331356,991,0,30.540737,0.325883,495.4
2026/7/11 16:15,0.331352,991,0,30.486483,0.326172,495.6
2026/7/11 16:15,0.331356,991,0,30.468395,0.325883,495.8
2026/7/11 16:15,0.331346,991,0,30.536213,0.325883,496
2026/7/11 16:15,0.331346,991,0,30.396057,0.326172,496.2
2026/7/11 16:15,0.331356,990,0,30.545258,0.325883,496.4
2026/7/11 16:15,0.331349,990,0,30.540737,0.325883,496.6
2026/7/11 16:15,0.331352,990,0,30.409622,0.325883,496.8
2026/7/11 16:15,0.331349,989,0,30.545258,0.325883,497
2026/7/11 16:15,0.331346,989,0,30.527172,0.325883,497.2
2026/7/11 16:15,0.331352,989,0,30.409622,0.325883,497.4
2026/7/11 16:15,0.331349,989,0,30.545258,0.325883,497.6
2026/7/11 16:15,0.331346,989,0,30.527172,0.325883,497.8
2026/7/11 16:15,0.331349,988,0,30.518129,0.325883,498
2026/7/11 16:15,0.331346,989,0,30.545258,0.325883,498.2
2026/7/11 16:15,0.331346,988,0,30.513609,0.325883,498.4
2026/7/11 16:15,0.331349,988,0,30.409622,0.325883,498.6
2026/7/11 16:15,0.331349,989,0,30.545258,0.326534,498.8
2026/7/11 16:15,0.331349,988,0,30.472919,0.325883,499
2026/7/11 16:15,0.331352,988,0,30.468395,0.325883,499.2
2026/7/11 16:15,0.331349,988,0,30.540737,0.325883,499.4
2026/7/11 16:15,0.331349,988,0,30.396057,0.325883,499.6
2026/7/11 16:15,0.331356,988,0,30.468395,0.327112,499.8
2026/7/11 16:15,0.331349,987,0,30.540737,0.325883,500
2026/7/11 16:15,0.331349,986,0,30.436749,0.325883,500.2
2026/7/11 16:15,0.331349,986,0,30.468395,0.326823,500.4
2026/7/11 16:15,0.331356,986,0,30.536213,0.325883,500.6
2026/7/11 16:15,0.331349,986,0,30.509087,0.325883,500.8
2026/7/11 16:15,0.331349,986,0,30.545258,0.325883,501
2026/7/11 16:15,0.331349,986,0,30.545258,0.325883,501.2
2026/7/11 16:15,0.331352,986,0,30.47744,0.325883,501.4
2026/7/11 16:15,0.331349,985,0,30.545258,0.325883,501.6
2026/7/11 16:15,0.331346,984,0,30.540737,0.325883,501.8
2026/7/11 16:15,0.331349,984,0,30.427706,0.327112,502
2026/7/11 16:15,0.331346,984,0,30.545258,0.325883,502.2
2026/7/11 16:15,0.331346,984,0,30.540737,0.325883,502.4
2026/7/11 16:15,0.331349,984,0,30.518129,0.326027,502.6
2026/7/11 16:15,0.331352,984,0,30.545258,0.325883,502.8
2026/7/11 16:15,0.331349,983,0,30.527172,0.325883,503
2026/7/11 16:15,0.331349,983,0,30.400579,0.325883,503.2
2026/7/11 16:15,0.331346,984,0,30.545258,0.325883,503.4
2026/7/11 16:15,0.331349,983,0,30.540737,0.325883,503.6
2026/7/11 16:15,0.331359,983,0,30.396057,0.325883,503.8
2026/7/11 16:15,0.331349,983,0,30.545258,0.325883,504
2026/7/11 16:15,0.331349,983,0,30.536213,0.325883,504.2
2026/7/11 16:15,0.331349,983,0,30.427706,0.325883,504.4
2026/7/11 16:15,0.331356,982,0,30.540737,0.325883,504.6
2026/7/11 16:15,0.331342,982,0,30.536213,0.325883,504.8
2026/7/11 16:15,0.331342,983,0,30.400579,0.325883,505
2026/7/11 16:15,0.331346,982,0,30.545258,0.325883,505.2
2026/7/11 16:15,0.331342,982,0,30.536213,0.325883,505.4
2026/7/11 16:15,0.331346,982,0,30.409622,0.325883,505.6
2026/7/11 16:15,0.331346,982,0,30.545258,0.325883,505.8
2026/7/11 16:15,0.331342,982,0,30.527172,0.325883,506
2026/7/11 16:15,0.331342,982,0,30.409622,0.325883,506.2
2026/7/11 16:15,0.331346,982,0,30.545258,0.325883,506.4
2026/7/11 16:15,0.331346,982,0,30.527172,0.325883,506.6
2026/7/11 16:15,0.331346,982,0,30.400579,0.325883,506.8
2026/7/11 16:15,0.331346,983,0,30.545258,0.325883,507
2026/7/11 16:15,0.331346,982,0,30.527172,0.326172,507.2
2026/7/11 16:15,0.331346,983,0,30.427706,0.325883,507.4
2026/7/11 16:15,0.331346,982,0,30.545258,0.325883,507.6
2026/7/11 16:15,0.331346,983,0,30.527172,0.325883,507.8
2026/7/11 16:15,0.331342,983,0,30.400579,0.325883,508
2026/7/11 16:15,0.331346,983,0,30.545258,0.326027,508.2
2026/7/11 16:15,0.331346,983,0,30.472919,0.325883,508.4
2026/7/11 16:15,0.331342,983,0,30.468395,0.325883,508.6
2026/7/11 16:15,0.331342,983,0,30.545258,0.325883,508.8
2026/7/11 16:15,0.331342,983,0,30.540737,0.325883,509
2026/7/11 16:15,0.331346,983,0,30.427706,0.325955,509.2
2026/7/11 16:15,0.331342,983,0,30.545258,0.325883,509.4
2026/7/11 16:15,0.331346,983,0,30.527172,0.327763,509.6
2026/7/11 16:15,0.331346,983,0,30.468395,0.325883,509.8
2026/7/11 16:15,0.331346,983,0,30.545258,0.325883,510
2026/7/11 16:15,0.331349,983,0,30.513609,0.325883,510.2
2026/7/11 16:15,0.331349,983,0,30.468395,0.325883,510.4
2026/7/11 16:15,0.331346,983,0,30.540737,0.325883,510.6
2026/7/11 16:15,0.331349,983,0,30.513609,0.325955,510.8
2026/7/11 16:15,0.331349,983,0,30.468395,0.325955,511
2026/7/11 16:15,0.331349,983,0,30.545258,0.325883,511.2
2026/7/11 16:15,0.331349,983,0,30.509087,0.325883,511.4
2026/7/11 16:15,0.331342,983,0,30.486483,0.325883,511.6
2026/7/11 16:15,0.331346,983,0,30.545258,0.325883,511.8
2026/7/11 16:15,0.331342,983,0,30.536213,0.325883,512
2026/7/11 16:15,0.331346,984,0,30.427706,0.325883,512.2
2026/7/11 16:15,0.331346,984,0,30.540737,0.325883,512.4
2026/7/11 16:15,0.331346,984,0,30.468395,0.325955,512.6
2026/7/11 16:15,0.331349,983,0,30.427706,0.325883,512.8
2026/7/11 16:15,0.331342,983,0,30.540737,0.325883,513
2026/7/11 16:15,0.331342,983,0,30.472919,0.325883,513.2
2026/7/11 16:15,0.331349,984,0,30.468395,0.325883,513.4
2026/7/11 16:15,0.331346,984,0,30.536213,0.325883,513.6
2026/7/11 16:15,0.331349,984,0,30.472919,0.325883,513.8
2026/7/11 16:15,0.331346,984,0,30.545258,0.325883,514
2026/7/11 16:15,0.331349,984,0,30.545258,0.325883,514.2
2026/7/11 16:15,0.331349,984,0,30.513609,0.325883,514.4
2026/7/11 16:15,0.331346,984,0,30.468395,0.325883,514.6
2026/7/11 16:15,0.331346,984,0,30.545258,0.325883,514.8
2026/7/11 16:15,0.331346,984,0,30.472919,0.325883,515
2026/7/11 16:15,0.331349,984,0,30.427706,0.325883,515.2
2026/7/11 16:15,0.331349,984,0,30.536213,0.325883,515.4
2026/7/11 16:15,0.331346,984,0,30.409622,0.326534,515.6
2026/7/11 16:15,0.331346,984,0,30.545258,0.325955,515.8
2026/7/11 16:15,0.331339,984,0,30.536213,0.325883,516
2026/7/11 16:15,0.331349,984,0,30.545258,0.325883,516.2
2026/7/11 16:15,0.331349,984,0,30.545258,0.325883,516.4
2026/7/11 16:15,0.331346,984,0,30.540737,0.325883,516.6
2026/7/11 16:15,0.331346,984,0,30.400579,0.325883,516.8
2026/7/11 16:15,0.331346,984,0,30.545258,0.325883,517
2026/7/11 16:15,0.331346,983,0,30.536213,0.325883,517.2
2026/7/11 16:15,0.331349,984,0,30.409622,0.325883,517.4
2026/7/11 16:15,0.331346,984,0,30.545258,0.325883,517.6
2026/7/11 16:15,0.331346,984,0,30.536213,0.325883,517.8
2026/7/11 16:15,0.331346,984,0,30.409622,0.325883,518
2026/7/11 16:15,0.331339,984,0,30.545258,0.325883,518.2
2026/7/11 16:15,0.331346,984,0,30.540737,0.325883,518.4
2026/7/11 16:15,0.331346,984,0,30.400579,0.325883,518.6
2026/7/11 16:15,0.331342,984,0,30.545258,0.325883,518.8
2026/7/11 16:15,0.331346,984,0,30.545258,0.326027,519
2026/7/11 16:15,0.331346,984,0,30.427706,0.326027,519.2
2026/7/11 16:15,0.331349,985,0,30.545258,0.325883,519.4
2026/7/11 16:15,0.331346,984,0,30.509087,0.325883,519.6
2026/7/11 16:15,0.331346,984,0,30.400579,0.325883,519.8
2026/7/11 16:15,0.331346,984,0,30.536213,0.325883,520
2026/7/11 16:15,0.331346,984,0,30.400579,0.325883,520.2
2026/7/11 16:15,0.331346,985,0,30.468395,0.325955,520.4
2026/7/11 16:15,0.331346,984,0,30.545258,0.325883,520.6
2026/7/11 16:15,0.331349,985,0,30.545258,0.326172,520.8
2026/7/11 16:15,0.331349,985,0,30.545258,0.325883,521
2026/7/11 16:15,0.331349,984,0,30.536213,0.325883,521.2
2026/7/11 16:15,0.331346,985,0,30.518129,0.325883,521.4
2026/7/11 16:15,0.331349,985,0,30.545258,0.326172,521.6
2026/7/11 16:15,0.331349,985,0,30.527172,0.327112,521.8
2026/7/11 16:15,0.331342,984,0,30.545258,0.325883,522
2026/7/11 16:15,0.331349,984,0,30.545258,0.326534,522.2
2026/7/11 16:15,0.331352,984,0,30.527172,0.325883,522.4
2026/7/11 16:15,0.331352,984,0,30.409622,0.325883,522.6
2026/7/11 16:15,0.331346,984,0,30.545258,0.325883,522.8
2026/7/11 16:15,0.331346,984,0,30.531693,0.325883,523
2026/7/11 16:15,0.331346,984,0,30.468395,0.325883,523.2
2026/7/11 16:15,0.331349,984,0,30.540737,0.325883,523.4
2026/7/11 16:15,0.331346,984,0,30.527172,0.325883,523.6
2026/7/11 16:15,0.331349,984,0,30.545258,0.325883,523.8
2026/7/11 16:15,0.331349,984,0,30.536213,0.325883,524
2026/7/11 16:15,0.331346,984,0,30.518129,0.325955,524.2
2026/7/11 16:15,0.331346,984,0,30.545258,0.325883,524.4
2026/7/11 16:15,0.331342,984,0,30.536213,0.325883,524.6
2026/7/11 16:15,0.331346,984,0,30.400579,0.325883,524.8
2026/7/11 16:15,0.331346,984,0,30.545258,0.325883,525
2026/7/11 16:15,0.331346,984,0,30.531693,0.325883,525.2
2026/7/11 16:15,0.331346,985,0,30.400579,0.325883,525.4
2026/7/11 16:15,0.331349,984,0,30.545258,0.325883,525.6
2026/7/11 16:15,0.331346,984,0,30.513609,0.325883,525.8
2026/7/11 16:15,0.331342,984,0,30.409622,0.325883,526
2026/7/11 16:15,0.331346,984,0,30.536213,0.327112,526.2
2026/7/11 16:15,0.331342,984,0,30.423185,0.325883,526.4
2026/7/11 16:15,0.331352,984,0,30.468395,0.325883,526.6
2026/7/11 16:15,0.331342,984,0,30.545258,0.325883,526.8
2026/7/11 16:15,0.331349,984,0,30.396057,0.325883,527
2026/7/11 16:16,0.331346,984,0,30.468395,0.325883,527.2
2026/7/11 16:16,0.331349,984,0,30.540737,0.325955,527.4
2026/7/11 16:16,0.331346,984,0,30.400579,0.325883,527.6
2026/7/11 16:16,0.331346,984,0,30.545258,0.325883,527.8
2026/7/11 16:16,0.331346,984,0,30.540737,0.325883,528
2026/7/11 16:16,0.331346,984,0,30.409622,0.325883,528.2
2026/7/11 16:16,0.331349,984,0,30.545258,0.325883,528.4
2026/7/11 16:16,0.331346,985,0,30.527172,0.325883,528.6
2026/7/11 16:16,0.331349,985,0,30.409622,0.325883,528.8
2026/7/11 16:16,0.331346,985,0,30.545258,0.325883,529
2026/7/11 16:16,0.331346,984,0,30.540737,0.326027,529.2
2026/7/11 16:16,0.331346,984,0,30.468395,0.327763,529.4
2026/7/11 16:16,0.331346,984,0,30.540737,0.325883,529.6
2026/7/11 16:16,0.331349,984,0,30.531693,0.325883,529.8
2026/7/11 16:16,0.331346,985,0,30.545258,0.325883,530
2026/7/11 16:16,0.331346,985,0,30.540737,0.325883,530.2
2026/7/11 16:16,0.331349,985,0,30.472919,0.325883,530.4
2026/7/11 16:16,0.331349,985,0,30.545258,0.325883,530.6
2026/7/11 16:16,0.331346,985,0,30.536213,0.325883,530.8
2026/7/11 16:16,0.331346,985,0,30.518129,0.325883,531
2026/7/11 16:16,0.331342,984,0,30.468395,0.325883,531.2
2026/7/11 16:16,0.331346,984,0,30.540737,0.325883,531.4
2026/7/11 16:16,0.331339,985,0,30.396057,0.325883,531.6
2026/7/11 16:16,0.331349,984,0,30.545258,0.325883,531.8
2026/7/11 16:16,0.331346,985,0,30.536213,0.325883,532
2026/7/11 16:16,0.331342,985,0,30.400579,0.325883,532.2
2026/7/11 16:16,0.331342,986,0,30.545258,0.325883,532.4
2026/7/11 16:16,0.331346,986,0,30.527172,0.325883,532.6
2026/7/11 16:16,0.331349,986,0,30.427706,0.325883,532.8
2026/7/11 16:16,0.331349,986,0,30.545258,0.325883,533
2026/7/11 16:16,0.331346,986,0,30.472919,0.325883,533.2
2026/7/11 16:16,0.331346,986,0,30.468395,0.325883,533.4
2026/7/11 16:16,0.331349,985,0,30.545258,0.325883,533.6
2026/7/11 16:16,0.331342,985,0,30.527172,0.325883,533.8
2026/7/11 16:16,0.331346,986,0,30.427706,0.325955,534
2026/7/11 16:16,0.331346,986,0,30.536213,0.325883,534.2
2026/7/11 16:16,0.331346,986,0,30.536213,0.325883,534.4
2026/7/11 16:16,0.331346,986,0,30.468395,0.325883,534.6
2026/7/11 16:16,0.331346,986,0,30.509087,0.325883,534.8
2026/7/11 16:16,0.331346,986,0,30.427706,0.325883,535
2026/7/11 16:16,0.331349,986,0,30.468395,0.325883,535.2
2026/7/11 16:16,0.331342,986,0,30.540737,0.325883,535.4
2026/7/11 16:16,0.331346,987,0,30.409622,0.325883,535.6
2026/7/11 16:16,0.331349,986,0,30.545258,0.325883,535.8
2026/7/11 16:16,0.331346,986,0,30.513609,0.325883,536
2026/7/11 16:16,0.331342,986,0,30.409622,0.325883,536.2
2026/7/11 16:16,0.331342,986,0,30.540737,0.325883,536.4
2026/7/11 16:16,0.331342,986,0,30.536213,0.325883,536.6
2026/7/11 16:16,0.331346,987,0,30.409622,0.325883,536.8
2026/7/11 16:16,0.331346,986,0,30.540737,0.325883,537
2026/7/11 16:16,0.331346,987,0,30.513609,0.325883,537.2
2026/7/11 16:16,0.331342,988,0,30.468395,0.325883,537.4
2026/7/11 16:16,0.331346,987,0,30.545258,0.325883,537.6
2026/7/11 16:16,0.331342,987,0,30.400579,0.325883,537.8
2026/7/11 16:16,0.331346,988,0,30.545258,0.325883,538
2026/7/11 16:16,0.331342,988,0,30.540737,0.326027,538.2
2026/7/11 16:16,0.331349,988,0,30.409622,0.325883,538.4
2026/7/11 16:16,0.331346,988,0,30.545258,0.325883,538.6
2026/7/11 16:16,0.331346,988,0,30.545258,0.325883,538.8
2026/7/11 16:16,0.331342,988,0,30.427706,0.325883,539
2026/7/11 16:16,0.331346,989,0,30.545258,0.325883,539.2
2026/7/11 16:16,0.331346,988,0,30.531693,0.325883,539.4
2026/7/11 16:16,0.331349,988,0,30.427706,0.325883,539.6
2026/7/11 16:16,0.331349,988,0,30.545258,0.325883,539.8
2026/7/11 16:16,0.331346,988,0,30.536213,0.325883,540
2026/7/11 16:16,0.331342,988,0,30.427706,0.325883,540.2
2026/7/11 16:16,0.331346,988,0,30.540737,0.325883,540.4
2026/7/11 16:16,0.331349,989,0,30.527172,0.325883,540.6
2026/7/11 16:16,0.331346,989,0,30.427706,0.325883,540.8
2026/7/11 16:16,0.331346,989,0,30.540737,0.325883,541
2026/7/11 16:16,0.331346,989,0,30.518129,0.325883,541.2
2026/7/11 16:16,0.331346,989,0,30.545258,0.325955,541.4
2026/7/11 16:16,0.331346,989,0,30.540737,0.325883,541.6
2026/7/11 16:16,0.331346,989,0,30.400579,0.325883,541.8
2026/7/11 16:16,0.331346,989,0,30.468395,0.326823,542
2026/7/11 16:16,0.331349,989,0,30.536213,0.325883,542.2
2026/7/11 16:16,0.331342,989,0,30.472919,0.325883,542.4
2026/7/11 16:16,0.331346,989,0,30.468395,0.325883,542.6
2026/7/11 16:16,0.331346,989,0,30.527172,0.325883,542.8
2026/7/11 16:16,0.331346,989,0,30.400579,0.325883,543
2026/7/11 16:16,0.331342,989,0,30.545258,0.325883,543.2
2026/7/11 16:16,0.331346,990,0,30.472919,0.325883,543.4
2026/7/11 16:16,0.331349,990,0,30.468395,0.325883,543.6
2026/7/11 16:16,0.331352,991,0,30.536213,0.325883,543.8
2026/7/11 16:16,0.331349,990,0,30.509087,0.325883,544
2026/7/11 16:16,0.331352,990,0,30.468395,0.326534,544.2
2026/7/11 16:16,0.331346,990,0,30.540737,0.325883,544.4
2026/7/11 16:16,0.331349,990,0,30.47744,0.327112,544.6
2026/7/11 16:16,0.331349,991,0,30.545258,0.325883,544.8
2026/7/11 16:16,0.331346,990,0,30.545258,0.325883,545
2026/7/11 16:16,0.331349,989,0,30.396057,0.325883,545.2
2026/7/11 16:16,0.331346,990,0,30.468395,0.325883,545.4
2026/7/11 16:16,0.331349,990,0,30.536213,0.325883,545.6
2026/7/11 16:16,0.331346,990,0,30.409622,0.327763,545.8
2026/7/11 16:16,0.331346,990,0,30.545258,0.325883,546
2026/7/11 16:16,0.331346,990,0,30.540737,0.325883,546.2
2026/7/11 16:16,0.331346,990,0,30.468395,0.325883,546.4
2026/7/11 16:16,0.331346,990,0,30.540737,0.325883,546.6
2026/7/11 16:16,0.331346,991,0,30.536213,0.325883,546.8
2026/7/11 16:16,0.331349,990,0,30.427706,0.325883,547
2026/7/11 16:16,0.331346,991,0,30.545258,0.325883,547.2
2026/7/11 16:16,0.331346,991,0,30.468395,0.325883,547.4
2026/7/11 16:16,0.331346,991,0,30.468395,0.325883,547.6
2026/7/11 16:16,0.331349,991,0,30.545258,0.325883,547.8
2026/7/11 16:16,0.331342,990,0,30.518129,0.325883,548
2026/7/11 16:16,0.331349,991,0,30.545258,0.325883,548.2
2026/7/11 16:16,0.331349,991,0,30.536213,0.325883,548.4
2026/7/11 16:16,0.331346,991,0,30.427706,0.325883,548.6
2026/7/11 16:16,0.331342,991,0,30.545258,0.325883,548.8
2026/7/11 16:16,0.331346,991,0,30.536213,0.326534,549
2026/7/11 16:16,0.331346,991,0,30.409622,0.325883,549.2
2026/7/11 16:16,0.331342,991,0,30.545258,0.325883,549.4
2026/7/11 16:16,0.331342,991,0,30.536213,0.325883,549.6
2026/7/11 16:16,0.331335,992,0,30.468395,0.325883,549.8
2026/7/11 16:16,0.331342,992,0,30.545258,0.325883,550
2026/7/11 16:16,0.331346,992,0,30.527172,0.325883,550.2
2026/7/11 16:16,0.331346,993,0,30.409622,0.326534,550.4
2026/7/11 16:16,0.331346,992,0,30.545258,0.325883,550.6
2026/7/11 16:16,0.331342,993,0,30.513609,0.325883,550.8
2026/7/11 16:16,0.331342,993,0,30.545258,0.326534,551
2026/7/11 16:16,0.331349,993,0,30.545258,0.325883,551.2
2026/7/11 16:16,0.331346,993,0,30.47744,0.326027,551.4
2026/7/11 16:16,0.331346,994,0,30.545258,0.325883,551.6
2026/7/11 16:16,0.331342,994,0,30.540737,0.325883,551.8
2026/7/11 16:16,0.331342,994,0,30.400579,0.325883,552
2026/7/11 16:16,0.331342,994,0,30.545258,0.325883,552.2
2026/7/11 16:16,0.331342,994,0,30.540737,0.325883,552.4
2026/7/11 16:16,0.331346,994,0,30.47744,0.325883,552.6
2026/7/11 16:16,0.331342,995,0,30.545258,0.325883,552.8
2026/7/11 16:16,0.331346,995,0,30.509087,0.327763,553
2026/7/11 16:16,0.331346,995,0,30.400579,0.325883,553.2
2026/7/11 16:16,0.331342,995,0,30.545258,0.325883,553.4
2026/7/11 16:16,0.331346,995,0,30.536213,0.326534,553.6
2026/7/11 16:16,0.331339,995,0,30.47744,0.325883,553.8
2026/7/11 16:16,0.331346,996,0,30.545258,0.325883,554
2026/7/11 16:16,0.331342,996,0,30.472919,0.325883,554.2
2026/7/11 16:16,0.331342,996,0,30.427706,0.325883,554.4
2026/7/11 16:16,0.331342,997,0,30.540737,0.325883,554.6
2026/7/11 16:16,0.331342,997,0,30.531693,0.325883,554.8
2026/7/11 16:16,0.331342,997,0,30.545258,0.325883,555
2026/7/11 16:16,0.331349,997,0,30.545258,0.325883,555.2
2026/7/11 16:16,0.331349,997,0,30.472919,0.325883,555.4
2026/7/11 16:16,0.331349,997,0,30.545258,0.325883,555.6
2026/7/11 16:16,0.331342,997,0,30.527172,0.325883,555.8
2026/7/11 16:16,0.331349,997,0,30.518129,0.325883,556
2026/7/11 16:16,0.331346,997,0,30.468395,0.325883,556.2
2026/7/11 16:16,0.331342,997,0,30.540737,0.325883,556.4
2026/7/11 16:16,0.331349,997,0,30.427706,0.325883,556.6
2026/7/11 16:16,0.331346,998,0,30.540737,0.325883,556.8
2026/7/11 16:16,0.331349,998,0,30.527172,0.325883,557
2026/7/11 16:16,0.331346,998,0,30.468395,0.325883,557.2
2026/7/11 16:16,0.331352,998,0,30.545258,0.325883,557.4
2026/7/11 16:16,0.331349,997,0,30.509087,0.325955,557.6
2026/7/11 16:16,0.331346,997,0,30.409622,0.325883,557.8
2026/7/11 16:16,0.331349,998,0,30.540737,0.325883,558
2026/7/11 16:16,0.331349,997,0,30.531693,0.325883,558.2
2026/7/11 16:16,0.331342,997,0,30.468395,0.325883,558.4
2026/7/11 16:16,0.331349,997,0,30.540737,0.325883,558.6
2026/7/11 16:16,0.331349,998,0,30.468395,0.327112,558.8
2026/7/11 16:16,0.331346,998,0,30.427706,0.325883,559
2026/7/11 16:16,0.331346,998,0,30.540737,0.326027,559.2
2026/7/11 16:16,0.331346,998,0,30.396057,0.325883,559.4
2026/7/11 16:16,0.331349,998,0,30.545258,0.325883,559.6
2026/7/11 16:16,0.331346,997,0,30.545258,0.325883,559.8
2026/7/11 16:16,0.331346,997,0,30.409622,0.325883,560
2026/7/11 16:16,0.331346,997,0,30.545258,0.325883,560.2
2026/7/11 16:16,0.331349,997,0,30.536213,0.325883,560.4
2026/7/11 16:16,0.331349,998,0,30.400579,0.325883,560.6
2026/7/11 16:16,0.331342,997,0,30.545258,0.325883,560.8
2026/7/11 16:16,0.331346,998,0,30.536213,0.325955,561
2026/7/11 16:16,0.331346,998,0,30.427706,0.325883,561.2
2026/7/11 16:16,0.331346,997,0,30.545258,0.325883,561.4
2026/7/11 16:16,0.331346,997,0,30.527172,0.325883,561.6
2026/7/11 16:16,0.331349,999,0,30.468395,0.325883,561.8
2026/7/11 16:16,0.331346,998,0,30.545258,0.325883,562
2026/7/11 16:16,0.331352,998,0,30.513609,0.325883,562.2
2026/7/11 16:16,0.331349,998,0,30.545258,0.325883,562.4
2026/7/11 16:16,0.331352,998,0,30.540737,0.325883,562.6
2026/7/11 16:16,0.331349,998,0,30.396057,0.325883,562.8
2026/7/11 16:16,0.331349,999,0,30.468395,0.325883,563
2026/7/11 16:16,0.331352,998,0,30.540737,0.325883,563.2
2026/7/11 16:16,0.331349,998,0,30.486483,0.325883,563.4
2026/7/11 16:16,0.331346,997,0,30.545258,0.325883,563.6
2026/7/11 16:16,0.331356,997,0,30.536213,0.325883,563.8
2026/7/11 16:16,0.331346,997,0,30.513609,0.325883,564
2026/7/11 16:16,0.331352,997,0,30.545258,0.325883,564.2
2026/7/11 16:16,0.331349,997,0,30.540737,0.325883,564.4
2026/7/11 16:16,0.331349,997,0,30.409622,0.325883,564.6
2026/7/11 16:16,0.331346,997,0,30.545258,0.325883,564.8
2026/7/11 16:16,0.331346,997,0,30.509087,0.326317,565
2026/7/11 16:16,0.331352,997,0,30.486483,0.325883,565.2
2026/7/11 16:16,0.331346,997,0,30.540737,0.327112,565.4
2026/7/11 16:16,0.331346,997,0,30.472919,0.325883,565.6
2026/7/11 16:16,0.331349,996,0,30.409622,0.325883,565.8
2026/7/11 16:16,0.331349,997,0,30.545258,0.325883,566
2026/7/11 16:16,0.331349,997,0,30.391535,0.325883,566.2
2026/7/11 16:16,0.331349,996,0,30.427706,0.325883,566.4
2026/7/11 16:16,0.331349,997,0,30.536213,0.325883,566.6
2026/7/11 16:16,0.331346,996,0,30.47744,0.325883,566.8
2026/7/11 16:16,0.331346,997,0,30.427706,0.325883,567
2026/7/11 16:16,0.331349,996,0,30.536213,0.325883,567.2
2026/7/11 16:16,0.331349,996,0,30.427706,0.325883,567.4
2026/7/11 16:16,0.331359,995,0,30.545258,0.325883,567.6
2026/7/11 16:16,0.331356,995,0,30.527172,0.325883,567.8
2026/7/11 16:16,0.331352,995,0,30.400579,0.326172,568
2026/7/11 16:16,0.331349,995,0,30.545258,0.325883,568.2
2026/7/11 16:16,0.331352,995,0,30.536213,0.325883,568.4
2026/7/11 16:16,0.331359,995,0,30.427706,0.325883,568.6
2026/7/11 16:16,0.331356,994,0,30.545258,0.325883,568.8
2026/7/11 16:16,0.331349,994,0,30.527172,0.325883,569
2026/7/11 16:16,0.331352,994,0,30.468395,0.325883,569.2
2026/7/11 16:16,0.331356,993,0,30.545258,0.325883,569.4
2026/7/11 16:16,0.331349,993,0,30.527172,0.325883,569.6
2026/7/11 16:16,0.331349,992,0,30.468395,0.325883,569.8
2026/7/11 16:16,0.331356,992,0,30.545258,0.325883,570
2026/7/11 16:16,0.331349,992,0,30.531693,0.325883,570.2
2026/7/11 16:16,0.331352,992,0,30.427706,0.325883,570.4
2026/7/11 16:16,0.331356,991,0,30.545258,0.325883,570.6
2026/7/11 16:16,0.331352,991,0,30.396057,0.325883,570.8
2026/7/11 16:16,0.331349,991,0,30.427706,0.325883,571
2026/7/11 16:16,0.331356,991,0,30.536213,0.326172,571.2
2026/7/11 16:16,0.331349,991,0,30.409622,0.325883,571.4
2026/7/11 16:16,0.331352,991,0,30.545258,0.325883,571.6
2026/7/11 16:16,0.331349,990,0,30.527172,0.325883,571.8
2026/7/11 16:16,0.331356,990,0,30.427706,0.325883,572
2026/7/11 16:16,0.331349,990,0,30.468395,0.326172,572.2
2026/7/11 16:16,0.331349,990,0,30.536213,0.325883,572.4
2026/7/11 16:16,0.331352,989,0,30.427706,0.325955,572.6
2026/7/11 16:16,0.331349,989,0,30.540737,0.326027,572.8
2026/7/11 16:16,0.331349,989,0,30.509087,0.325883,573
2026/7/11 16:16,0.331356,989,0,30.468395,0.325883,573.2
2026/7/11 16:16,0.331352,989,0,30.540737,0.325883,573.4
2026/7/11 16:16,0.331349,989,0,30.472919,0.325883,573.6
2026/7/11 16:16,0.331356,989,0,30.468395,0.326172,573.8
2026/7/11 16:16,0.331346,988,0,30.545258,0.325883,574
2026/7/11 16:16,0.331349,988,0,30.427706,0.325883,574.2
2026/7/11 16:16,0.331349,988,0,30.545258,0.325883,574.4
2026/7/11 16:16,0.331356,987,0,30.536213,0.325883,574.6
2026/7/11 16:16,0.331356,987,0,30.47744,0.325883,574.8
2026/7/11 16:16,0.331356,987,0,30.545258,0.325883,575
2026/7/11 16:16,0.331356,987,0,30.527172,0.325883,575.2
2026/7/11 16:16,0.331349,986,0,30.400579,0.325883,575.4
2026/7/11 16:16,0.331349,986,0,30.540737,0.325883,575.6
2026/7/11 16:16,0.331356,986,0,30.527172,0.325883,575.8
2026/7/11 16:16,0.331356,985,0,30.468395,0.325883,576
2026/7/11 16:16,0.331356,985,0,30.545258,0.325883,576.2
2026/7/11 16:16,0.331356,984,0,30.513609,0.325883,576.4
2026/7/11 16:16,0.331356,984,0,30.468395,0.325883,576.6
2026/7/11 16:16,0.331352,984,0,30.545258,0.325883,576.8
2026/7/11 16:16,0.331352,984,0,30.396057,0.325883,577
2026/7/11 16:16,0.331356,983,0,30.545258,0.325883,577.2
2026/7/11 16:16,0.331349,983,0,30.536213,0.325883,577.4
2026/7/11 16:16,0.331349,983,0,30.409622,0.325883,577.6
2026/7/11 16:16,0.331356,983,0,30.545258,0.325883,577.8
2026/7/11 16:16,0.331356,983,0,30.527172,0.325883,578
2026/7/11 16:16,0.331346,983,0,30.427706,0.325883,578.2
2026/7/11 16:16,0.331349,981,0,30.545258,0.325883,578.4
2026/7/11 16:16,0.331352,981,0,30.536213,0.325883,578.6
2026/7/11 16:16,0.331352,981,0,30.409622,0.325883,578.8
2026/7/11 16:16,0.331349,981,0,30.545258,0.325883,579
2026/7/11 16:16,0.331356,981,0,30.509087,0.325883,579.2
2026/7/11 16:16,0.331349,981,0,30.468395,0.327112,579.4
2026/7/11 16:16,0.331349,980,0,30.536213,0.326823,579.6
2026/7/11 16:16,0.331349,980,0,30.396057,0.325883,579.8
2026/7/11 16:16,0.331352,980,0,30.545258,0.325883,580
2026/7/11 16:16,0.331356,980,0,30.536213,0.325883,580.2
2026/7/11 16:16,0.331349,980,0,30.409622,0.325883,580.4
2026/7/11 16:16,0.331356,978,0,30.545258,0.325883,580.6
2026/7/11 16:16,0.331349,978,0,30.527172,0.325883,580.8
2026/7/11 16:16,0.331356,978,0,30.518129,0.326172,581
2026/7/11 16:16,0.331356,978,0,30.468395,0.325883,581.2
2026/7/11 16:16,0.331356,978,0,30.472919,0.325883,581.4
2026/7/11 16:16,0.331349,977,0,30.427706,0.325883,581.6
2026/7/11 16:16,0.331352,977,0,30.545258,0.325883,581.8
2026/7/11 16:16,0.331349,977,0,30.472919,0.325883,582
2026/7/11 16:16,0.331352,977,0,30.545258,0.325883,582.2
2026/7/11 16:16,0.331349,977,0,30.545258,0.326823,582.4
2026/7/11 16:16,0.331349,975,0,30.513609,0.325883,582.6
2026/7/11 16:16,0.331349,975,0,30.545258,0.325883,582.8
2026/7/11 16:16,0.331349,974,0,30.536213,0.325883,583
2026/7/11 16:16,0.331349,975,0,30.400579,0.325883,583.2
2026/7/11 16:16,0.331352,975,0,30.545258,0.325955,583.4
2026/7/11 16:16,0.331349,975,0,30.540737,0.325883,583.6
2026/7/11 16:16,0.331342,974,0,30.409622,0.325883,583.8
2026/7/11 16:16,0.331349,974,0,30.545258,0.325883,584
2026/7/11 16:16,0.331346,974,0,30.509087,0.326534,584.2
2026/7/11 16:16,0.331346,974,0,30.427706,0.325883,584.4
2026/7/11 16:16,0.331349,974,0,30.545258,0.325883,584.6
2026/7/11 16:16,0.331352,974,0,30.396057,0.325883,584.8
2026/7/11 16:16,0.331349,973,0,30.545258,0.325883,585
2026/7/11 16:16,0.331346,974,0,30.527172,0.327185,585.2
2026/7/11 16:16,0.331349,974,0,30.472919,0.326172,585.4
2026/7/11 16:16,0.331349,974,0,30.545258,0.325883,585.6
2026/7/11 16:16,0.331346,974,0,30.536213,0.327112,585.8
2026/7/11 16:16,0.331349,974,0,30.400579,0.325883,586
2026/7/11 16:16,0.331346,974,0,30.545258,0.325883,586.2
2026/7/11 16:16,0.331346,973,0,30.536213,0.325883,586.4
2026/7/11 16:16,0.331342,973,0,30.47744,0.325883,586.6
2026/7/11 16:16,0.331352,973,0,30.545258,0.326027,586.8
2026/7/11 16:16,0.331346,973,0,30.527172,0.326027,587
2026/7/11 16:17,0.331352,973,0,30.409622,0.325955,587.2
2026/7/11 16:17,0.331349,973,0,30.540737,0.325883,587.4
2026/7/11 16:17,0.331349,972,0,30.513609,0.325883,587.6
2026/7/11 16:17,0.331349,972,0,30.545258,0.326534,587.8
2026/7/11 16:17,0.331349,973,0,30.545258,0.325883,588
2026/7/11 16:17,0.331346,973,0,30.527172,0.325883,588.2
2026/7/11 16:17,0.331349,972,0,30.468395,0.325883,588.4
2026/7/11 16:17,0.331349,972,0,30.545258,0.325883,588.6
2026/7/11 16:17,0.331346,972,0,30.400579,0.325883,588.8
2026/7/11 16:17,0.331346,972,0,30.545258,0.325883,589
2026/7/11 16:17,0.331342,972,0,30.527172,0.325883,589.2
2026/7/11 16:17,0.331346,972,0,30.518129,0.325955,589.4
2026/7/11 16:17,0.331349,973,0,30.545258,0.325883,589.6
2026/7/11 16:17,0.331346,972,0,30.540737,0.325883,589.8
2026/7/11 16:17,0.331349,972,0,30.396057,0.325883,590
2026/7/11 16:17,0.331349,972,0,30.545258,0.325883,590.2
2026/7/11 16:17,0.331349,973,0,30.540737,0.327112,590.4
2026/7/11 16:17,0.331346,973,0,30.486483,0.325883,590.6
2026/7/11 16:17,0.331342,972,0,30.545258,0.325883,590.8
2026/7/11 16:17,0.331342,972,0,30.509087,0.326534,591
2026/7/11 16:17,0.331346,973,0,30.409622,0.325883,591.2
2026/7/11 16:17,0.331346,973,0,30.545258,0.325883,591.4
2026/7/11 16:17,0.331349,973,0,30.472919,0.325883,591.6
2026/7/11 16:17,0.331346,972,0,30.427706,0.325883,591.8
2026/7/11 16:17,0.331342,973,0,30.468395,0.325883,592
2026/7/11 16:17,0.331352,973,0,30.536213,0.325883,592.2
2026/7/11 16:17,0.331346,973,0,30.409622,0.325883,592.4
2026/7/11 16:17,0.331346,974,0,30.545258,0.325883,592.6
2026/7/11 16:17,0.331346,974,0,30.531693,0.325883,592.8
2026/7/11 16:17,0.331342,974,0,30.409622,0.325883,593
2026/7/11 16:17,0.331346,973,0,30.545258,0.325883,593.2
2026/7/11 16:17,0.331346,973,0,30.509087,0.325883,593.4
2026/7/11 16:17,0.331346,974,0,30.468395,0.325883,593.6
2026/7/11 16:17,0.331349,974,0,30.545258,0.325883,593.8
2026/7/11 16:17,0.331346,973,0,30.527172,0.3261,594
2026/7/11 16:17,0.331346,973,0,30.409622,0.325883,594.2
2026/7/11 16:17,0.331349,974,0,30.545258,0.325883,594.4
2026/7/11 16:17,0.331342,974,0,30.509087,0.325883,594.6
2026/7/11 16:17,0.331346,974,0,30.54978,0.325883,594.8
2026/7/11 16:17,0.331342,974,0,30.590469,0.325883,595
2026/7/11 16:17,0.331346,974,0,30.545258,0.325883,595.2
2026/7/11 16:17,0.331346,974,0,30.5543,0.325883,595.4
2026/7/11 16:17,0.331339,974,0,30.680895,0.325883,595.6
2026/7/11 16:17,0.331346,975,0,30.545258,0.325883,595.8
2026/7/11 16:17,0.331339,975,0,30.5543,0.325883,596
2026/7/11 16:17,0.331342,975,0,30.662807,0.325883,596.2
2026/7/11 16:17,0.331339,975,0,30.545258,0.325883,596.4
2026/7/11 16:17,0.331339,975,0,30.558821,0.325883,596.6
2026/7/11 16:17,0.331335,976,0,30.680895,0.325883,596.8
2026/7/11 16:17,0.331342,976,0,30.545258,0.325883,597
2026/7/11 16:17,0.331339,977,0,30.563343,0.325883,597.2
2026/7/11 16:17,0.331342,977,0,30.680895,0.325883,597.4
2026/7/11 16:17,0.331335,977,0,30.54978,0.325883,597.6
2026/7/11 16:17,0.331335,977,0,30.590469,0.325883,597.8
2026/7/11 16:17,0.331335,977,0,30.662807,0.325883,598
2026/7/11 16:17,0.331335,978,0,30.54978,0.325883,598.2
2026/7/11 16:17,0.331335,978,0,30.604033,0.325883,598.4
2026/7/11 16:17,0.331342,979,0,30.545258,0.325883,598.6
2026/7/11 16:17,0.331335,979,0,30.563343,0.325883,598.8
2026/7/11 16:17,0.331342,979,0,30.689938,0.325883,599
2026/7/11 16:17,0.331342,980,0,30.545258,0.325883,599.2
2026/7/11 16:17,0.331346,980,0,30.5543,0.327112,599.4
2026/7/11 16:17,0.331346,981,0,30.680895,0.325883,599.6
2026/7/11 16:17,0.331346,981,0,30.545258,0.325883,599.8
2026/7/11 16:17,0.331342,981,0,30.576906,0.327112,600
2026/7/11 16:17,0.331342,981,0,30.680895,0.325883,600.2
2026/7/11 16:17,0.331342,981,0,30.545258,0.325883,600.4
2026/7/11 16:17,0.331342,982,0,30.563343,0.325883,600.6
2026/7/11 16:17,0.331346,981,0,30.545258,0.325883,600.8
2026/7/11 16:17,0.331339,982,0,30.54978,0.325883,601
2026/7/11 16:17,0.331339,983,0,30.689938,0.325883,601.2
2026/7/11 16:17,0.331342,983,0,30.545258,0.325883,601.4
2026/7/11 16:17,0.331342,983,0,30.5543,0.325883,601.6
2026/7/11 16:17,0.331342,983,0,30.689938,0.325883,601.8
2026/7/11 16:17,0.331342,983,0,30.545258,0.325883,602
2026/7/11 16:17,0.331346,983,0,30.581427,0.327185,602.2
2026/7/11 16:17,0.331342,984,0,30.622118,0.325883,602.4
2026/7/11 16:17,0.331342,984,0,30.545258,0.325883,602.6
2026/7/11 16:17,0.331342,984,0,30.567863,0.325883,602.8
2026/7/11 16:17,0.331339,984,0,30.680895,0.326172,603
2026/7/11 16:17,0.331342,984,0,30.54978,0.325883,603.2
2026/7/11 16:17,0.331342,984,0,30.694458,0.325883,603.4
2026/7/11 16:17,0.331342,985,0,30.622118,0.325883,603.6
2026/7/11 16:17,0.331346,986,0,30.54978,0.325883,603.8
2026/7/11 16:17,0.331342,986,0,30.680895,0.325955,604
2026/7/11 16:17,0.331342,986,0,30.545258,0.325883,604.2
2026/7/11 16:17,0.331342,987,0,30.5543,0.325883,604.4
2026/7/11 16:17,0.331342,987,0,30.689938,0.325883,604.6
2026/7/11 16:17,0.331346,988,0,30.545258,0.325883,604.8
2026/7/11 16:17,0.331346,988,0,30.581427,0.325883,605
2026/7/11 16:17,0.331342,988,0,30.545258,0.325883,605.2
2026/7/11 16:17,0.331342,988,0,30.545258,0.326534,605.4
2026/7/11 16:17,0.331339,989,0,30.563343,0.327257,605.6
2026/7/11 16:17,0.331342,988,0,30.622118,0.325883,605.8
2026/7/11 16:17,0.331346,989,0,30.545258,0.325883,606
2026/7/11 16:17,0.331339,989,0,30.581427,0.325955,606.2
2026/7/11 16:17,0.331349,989,0,30.622118,0.325883,606.4
2026/7/11 16:17,0.331346,990,0,30.5543,0.325883,606.6
2026/7/11 16:17,0.331346,990,0,30.617598,0.325883,606.8
2026/7/11 16:17,0.331342,990,0,30.545258,0.326534,607
2026/7/11 16:17,0.331339,990,0,30.5543,0.325883,607.2
2026/7/11 16:17,0.331346,990,0,30.613077,0.325883,607.4
2026/7/11 16:17,0.331342,990,0,30.545258,0.325883,607.6
2026/7/11 16:17,0.331342,990,0,30.563343,0.325883,607.8
2026/7/11 16:17,0.331342,990,0,30.662807,0.325883,608
2026/7/11 16:17,0.331342,991,0,30.545258,0.325883,608.2
2026/7/11 16:17,0.331346,991,0,30.563343,0.325883,608.4
2026/7/11 16:17,0.331342,990,0,30.680895,0.325883,608.6
2026/7/11 16:17,0.331346,990,0,30.545258,0.325955,608.8
2026/7/11 16:17,0.331349,991,0,30.617598,0.325955,609
2026/7/11 16:17,0.331342,991,0,30.662807,0.325883,609.2
2026/7/11 16:17,0.331346,991,0,30.54978,0.325883,609.4
2026/7/11 16:17,0.331352,991,0,30.689938,0.325883,609.6
2026/7/11 16:17,0.331352,992,0,30.545258,0.326027,609.8
2026/7/11 16:17,0.331346,992,0,30.54978,0.325883,610
2026/7/11 16:17,0.331346,991,0,30.662807,0.325883,610.2
2026/7/11 16:17,0.331346,991,0,30.545258,0.325883,610.4
2026/7/11 16:17,0.331349,992,0,30.563343,0.325883,610.6
2026/7/11 16:17,0.331349,991,0,30.604033,0.325883,610.8
2026/7/11 16:17,0.331346,991,0,30.622118,0.325883,611
2026/7/11 16:17,0.331349,991,0,30.54978,0.325883,611.2
2026/7/11 16:17,0.331349,992,0,30.662807,0.325883,611.4
2026/7/11 16:17,0.331349,992,0,30.545258,0.325883,611.6
2026/7/11 16:17,0.331346,992,0,30.563343,0.325883,611.8
2026/7/11 16:17,0.331346,992,0,30.689938,0.325883,612
2026/7/11 16:17,0.331349,992,0,30.545258,0.325883,612.2
2026/7/11 16:17,0.331349,992,0,30.5543,0.325883,612.4
2026/7/11 16:17,0.331349,992,0,30.680895,0.325883,612.6
2026/7/11 16:17,0.331346,991,0,30.545258,0.325883,612.8
2026/7/11 16:17,0.331346,991,0,30.563343,0.326027,613
2026/7/11 16:17,0.331346,991,0,30.680895,0.325883,613.2
2026/7/11 16:17,0.331346,991,0,30.545258,0.325883,613.4
2026/7/11 16:17,0.331352,991,0,30.563343,0.326172,613.6
2026/7/11 16:17,0.331349,991,0,30.622118,0.325883,613.8
2026/7/11 16:17,0.331349,992,0,30.545258,0.325883,614
2026/7/11 16:17,0.331356,992,0,30.581427,0.325883,614.2
2026/7/11 16:17,0.331349,991,0,30.680895,0.325883,614.4
2026/7/11 16:17,0.331349,991,0,30.545258,0.325883,614.6
2026/7/11 16:17,0.331349,991,0,30.576906,0.325883,614.8
2026/7/11 16:17,0.331349,991,0,30.680895,0.325883,615
2026/7/11 16:17,0.331349,991,0,30.54978,0.325883,615.2
2026/7/11 16:17,0.331346,991,0,30.563343,0.325883,615.4
2026/7/11 16:17,0.331349,991,0,30.662807,0.325883,615.6
2026/7/11 16:17,0.331352,991,0,30.545258,0.326534,615.8
2026/7/11 16:17,0.331352,991,0,30.581427,0.3261,616
2026/7/11 16:17,0.331349,991,0,30.689938,0.326027,616.2
2026/7/11 16:17,0.331352,990,0,30.54978,0.327112,616.4
2026/7/11 16:17,0.331346,990,0,30.563343,0.325955,616.6
2026/7/11 16:17,0.331352,990,0,30.622118,0.325883,616.8
2026/7/11 16:17,0.331349,990,0,30.54978,0.325883,617
2026/7/11 16:17,0.331346,990,0,30.613077,0.325883,617.2
2026/7/11 16:17,0.331349,991,0,30.662807,0.325883,617.4
2026/7/11 16:17,0.331349,990,0,30.54978,0.325883,617.6
2026/7/11 16:17,0.331346,989,0,30.5543,0.325883,617.8
2026/7/11 16:17,0.331346,990,0,30.622118,0.325883,618
2026/7/11 16:17,0.331346,990,0,30.545258,0.325883,618.2
2026/7/11 16:17,0.331349,990,0,30.613077,0.325883,618.4
2026/7/11 16:17,0.331349,990,0,30.622118,0.325883,618.6
2026/7/11 16:17,0.331349,990,0,30.545258,0.325883,618.8
2026/7/11 16:17,0.331352,991,0,30.572384,0.325883,619
2026/7/11 16:17,0.331349,991,0,30.622118,0.325883,619.2
2026/7/11 16:17,0.331349,989,0,30.545258,0.325883,619.4
2026/7/11 16:17,0.331349,989,0,30.613077,0.325883,619.6
2026/7/11 16:17,0.331349,989,0,30.545258,0.325883,619.8
2026/7/11 16:17,0.331352,989,0,30.5543,0.325883,620
2026/7/11 16:17,0.331352,989,0,30.613077,0.326027,620.2
2026/7/11 16:17,0.331346,989,0,30.545258,0.326027,620.4
2026/7/11 16:17,0.331346,989,0,30.54978,0.325955,620.6
2026/7/11 16:17,0.331349,988,0,30.689938,0.325883,620.8
2026/7/11 16:17,0.331346,988,0,30.545258,0.325883,621
2026/7/11 16:17,0.331349,988,0,30.5543,0.327112,621.2
2026/7/11 16:17,0.331349,988,0,30.604033,0.325883,621.4
2026/7/11 16:17,0.331356,988,0,30.545258,0.325883,621.6
2026/7/11 16:17,0.331349,988,0,30.54978,0.325883,621.8
2026/7/11 16:17,0.331349,988,0,30.680895,0.327112,622
2026/7/11 16:17,0.331352,987,0,30.545258,0.325955,622.2
2026/7/11 16:17,0.331346,987,0,30.563343,0.325883,622.4
2026/7/11 16:17,0.331349,987,0,30.572384,0.325883,622.6
2026/7/11 16:17,0.331349,987,0,30.545258,0.325883,622.8
2026/7/11 16:17,0.331356,986,0,30.5543,0.325883,623
2026/7/11 16:17,0.331349,986,0,30.662807,0.326172,623.2
2026/7/11 16:17,0.331349,986,0,30.54978,0.325883,623.4
2026/7/11 16:17,0.331352,986,0,30.581427,0.325883,623.6
2026/7/11 16:17,0.331352,986,0,30.545258,0.325883,623.8
2026/7/11 16:17,0.331349,986,0,30.54978,0.325883,624
2026/7/11 16:17,0.331356,986,0,30.613077,0.325883,624.2
2026/7/11 16:17,0.331349,986,0,30.545258,0.325883,624.4
2026/7/11 16:17,0.331352,985,0,30.54978,0.325883,624.6
2026/7/11 16:17,0.331359,985,0,30.689938,0.325883,624.8
2026/7/11 16:17,0.331356,984,0,30.545258,0.325883,625
2026/7/11 16:17,0.331356,984,0,30.5543,0.325883,625.2
2026/7/11 16:17,0.331356,983,0,30.680895,0.325883,625.4
2026/7/11 16:17,0.331356,983,0,30.545258,0.326027,625.6
2026/7/11 16:17,0.331349,983,0,30.563343,0.325883,625.8
2026/7/11 16:17,0.331352,983,0,30.662807,0.325883,626
2026/7/11 16:17,0.331356,983,0,30.545258,0.325883,626.2
2026/7/11 16:17,0.331356,982,0,30.617598,0.325883,626.4
2026/7/11 16:17,0.331352,982,0,30.662807,0.325883,626.6
2026/7/11 16:17,0.331352,981,0,30.545258,0.325883,626.8
2026/7/11 16:17,0.331356,981,0,30.581427,0.325883,627
2026/7/11 16:17,0.331352,981,0,30.622118,0.327763,627.2
2026/7/11 16:17,0.331346,981,0,30.5543,0.327112,627.4
2026/7/11 16:17,0.331349,981,0,30.689938,0.325883,627.6
2026/7/11 16:17,0.331356,981,0,30.545258,0.326317,627.8
2026/7/11 16:17,0.331349,980,0,30.54978,0.325883,628
2026/7/11 16:17,0.331349,980,0,30.680895,0.325883,628.2
2026/7/11 16:17,0.331356,980,0,30.54978,0.325883,628.4
2026/7/11 16:17,0.331349,979,0,30.581427,0.325883,628.6
2026/7/11 16:17,0.331349,980,0,30.680895,0.325883,628.8
2026/7/11 16:17,0.331349,980,0,30.545258,0.325883,629
2026/7/11 16:17,0.331352,979,0,30.563343,0.325883,629.2
2026/7/11 16:17,0.331352,978,0,30.622118,0.325955,629.4
2026/7/11 16:17,0.331352,978,0,30.545258,0.325883,629.6
2026/7/11 16:17,0.331346,978,0,30.617598,0.325883,629.8
2026/7/11 16:17,0.331342,978,0,30.545258,0.325883,630
2026/7/11 16:17,0.331342,978,0,30.54978,0.325883,630.2
2026/7/11 16:17,0.331352,978,0,30.5543,0.325883,630.4
2026/7/11 16:17,0.331346,978,0,30.545258,0.325883,630.6
2026/7/11 16:17,0.331349,978,0,30.5543,0.325883,630.8
2026/7/11 16:17,0.331346,978,0,30.689938,0.325883,631
2026/7/11 16:17,0.331346,978,0,30.545258,0.325883,631.2
2026/7/11 16:17,0.331349,978,0,30.54978,0.325883,631.4
2026/7/11 16:17,0.331346,978,0,30.662807,0.325883,631.6
2026/7/11 16:17,0.331346,978,0,30.545258,0.325883,631.8
2026/7/11 16:17,0.331352,977,0,30.576906,0.325883,632
2026/7/11 16:17,0.331356,977,0,30.680895,0.325883,632.2
2026/7/11 16:17,0.331346,977,0,30.545258,0.325883,632.4
2026/7/11 16:17,0.331356,978,0,30.576906,0.325883,632.6
2026/7/11 16:17,0.331352,977,0,30.545258,0.325883,632.8
2026/7/11 16:17,0.331349,977,0,30.545258,0.325883,633
2026/7/11 16:17,0.331352,977,0,30.694458,0.325883,633.2
2026/7/11 16:17,0.331356,977,0,30.545258,0.325883,633.4
2026/7/11 16:17,0.331349,976,0,30.5543,0.325883,633.6
2026/7/11 16:17,0.331349,975,0,30.617598,0.325955,633.8
2026/7/11 16:17,0.331349,975,0,30.545258,0.325883,634
2026/7/11 16:17,0.331352,975,0,30.563343,0.325883,634.2
2026/7/11 16:17,0.331349,975,0,30.680895,0.326027,634.4
2026/7/11 16:17,0.331349,975,0,30.545258,0.325883,634.6
2026/7/11 16:17,0.331349,975,0,30.581427,0.325955,634.8
2026/7/11 16:17,0.331349,975,0,30.662807,0.325883,635
2026/7/11 16:17,0.331352,975,0,30.545258,0.325883,635.2
2026/7/11 16:17,0.331346,975,0,30.694458,0.325883,635.4
2026/7/11 16:17,0.331349,975,0,30.622118,0.325883,635.6
2026/7/11 16:17,0.331349,975,0,30.545258,0.325883,635.8
2026/7/11 16:17,0.331346,974,0,30.613077,0.325883,636
2026/7/11 16:17,0.331346,975,0,30.545258,0.325883,636.2
2026/7/11 16:17,0.331346,975,0,30.563343,0.325883,636.4
2026/7/11 16:17,0.331346,975,0,30.680895,0.325883,636.6
2026/7/11 16:17,0.331349,975,0,30.545258,0.325883,636.8
2026/7/11 16:17,0.331349,974,0,30.5543,0.325883,637
2026/7/11 16:17,0.331349,975,0,30.680895,0.327185,637.2
2026/7/11 16:17,0.331349,975,0,30.545258,0.325883,637.4
2026/7/11 16:17,0.331349,975,0,30.617598,0.325883,637.6
2026/7/11 16:17,0.331349,974,0,30.622118,0.325883,637.8
2026/7/11 16:17,0.331356,974,0,30.545258,0.325883,638
2026/7/11 16:17,0.331349,974,0,30.622118,0.325883,638.2
2026/7/11 16:17,0.331349,974,0,30.662807,0.325883,638.4
2026/7/11 16:17,0.331349,974,0,30.54978,0.325955,638.6
2026/7/11 16:17,0.331349,974,0,30.613077,0.325883,638.8
2026/7/11 16:17,0.331346,974,0,30.545258,0.325883,639
2026/7/11 16:17,0.331346,973,0,30.545258,0.325883,639.2
2026/7/11 16:17,0.331356,973,0,30.680895,0.325955,639.4
2026/7/11 16:17,0.331349,972,0,30.545258,0.325883,639.6
2026/7/11 16:17,0.331349,972,0,30.581427,0.325883,639.8
2026/7/11 16:17,0.331352,972,0,30.622118,0.325883,640
2026/7/11 16:17,0.331346,972,0,30.545258,0.325883,640.2
2026/7/11 16:17,0.331349,972,0,30.617598,0.325883,640.4
2026/7/11 16:17,0.331346,972,0,30.662807,0.325883,640.6
2026/7/11 16:17,0.331349,973,0,30.54978,0.325883,640.8
2026/7/11 16:17,0.331346,972,0,30.617598,0.325883,641
2026/7/11 16:17,0.331349,972,0,30.545258,0.325883,641.2
2026/7/11 16:17,0.331346,972,0,30.5543,0.325883,641.4
2026/7/11 16:17,0.331349,972,0,30.680895,0.325883,641.6
2026/7/11 16:17,0.331349,972,0,30.545258,0.325883,641.8
2026/7/11 16:17,0.331346,972,0,30.563343,0.325883,642
2026/7/11 16:17,0.331346,971,0,30.680895,0.325883,642.2
2026/7/11 16:17,0.331349,972,0,30.545258,0.325883,642.4
2026/7/11 16:17,0.331346,972,0,30.563343,0.325955,642.6
2026/7/11 16:17,0.331346,972,0,30.662807,0.325883,642.8
2026/7/11 16:17,0.331346,972,0,30.54978,0.327112,643
2026/7/11 16:17,0.331346,972,0,30.581427,0.326317,643.2
2026/7/11 16:17,0.331346,972,0,30.622118,0.325883,643.4
2026/7/11 16:17,0.331342,972,0,30.5543,0.325883,643.6
2026/7/11 16:17,0.331346,972,0,30.698978,0.325883,643.8
2026/7/11 16:17,0.331339,972,0,30.698978,0.325955,644
2026/7/11 16:17,0.331346,972,0,30.622118,0.325883,644.2
2026/7/11 16:17,0.331349,973,0,30.698978,0.325883,644.4
2026/7/11 16:17,0.331346,973,0,30.698978,0.325883,644.6
2026/7/11 16:17,0.331346,973,0,30.698978,0.327112,644.8
2026/7/11 16:17,0.331349,973,0,30.739668,0.326027,645
2026/7/11 16:17,0.331346,973,0,30.698978,0.325883,645.2
2026/7/11 16:17,0.331349,972,0,30.698978,0.325883,645.4
2026/7/11 16:17,0.331346,972,0,30.698978,0.325883,645.6
2026/7/11 16:17,0.331349,972,0,30.698978,0.326534,645.8
2026/7/11 16:17,0.331346,972,0,30.698978,0.325883,646
2026/7/11 16:17,0.331349,973,0,30.698978,0.325883,646.2
2026/7/11 16:17,0.331346,972,0,30.698978,0.325883,646.4
2026/7/11 16:17,0.331342,972,0,30.698978,0.326027,646.6
2026/7/11 16:17,0.331342,973,0,30.685415,0.325883,646.8
2026/7/11 16:17,0.331342,972,0,30.698978,0.325883,647
2026/7/11 16:18,0.331346,973,0,30.698978,0.325883,647.2
2026/7/11 16:18,0.331346,973,0,30.698978,0.325955,647.4
2026/7/11 16:18,0.331342,974,0,30.698978,0.325883,647.6
2026/7/11 16:18,0.331346,974,0,30.698978,0.325883,647.8
2026/7/11 16:18,0.331346,974,0,30.67185,0.325883,648
2026/7/11 16:18,0.331339,974,0,30.698978,0.325883,648.2
2026/7/11 16:18,0.331342,974,0,30.698978,0.325883,648.4
2026/7/11 16:18,0.331342,974,0,30.698978,0.325883,648.6
2026/7/11 16:18,0.331335,974,0,30.698978,0.325955,648.8
2026/7/11 16:18,0.331342,975,0,30.698978,0.325883,649
2026/7/11 16:18,0.331342,975,0,30.698978,0.325883,649.2
2026/7/11 16:18,0.331342,975,0,30.698978,0.325883,649.4
2026/7/11 16:18,0.331342,975,0,30.689938,0.325883,649.6
2026/7/11 16:18,0.331346,975,0,30.698978,0.325883,649.8
2026/7/11 16:18,0.331342,976,0,30.698978,0.325883,650
2026/7/11 16:18,0.331346,976,0,30.698978,0.325883,650.2
2026/7/11 16:18,0.331349,976,0,30.698978,0.325883,650.4
2026/7/11 16:18,0.331342,977,0,30.698978,0.325883,650.6
2026/7/11 16:18,0.331342,977,0,30.698978,0.325883,650.8
2026/7/11 16:18,0.331339,977,0,30.563343,0.325883,651
2026/7/11 16:18,0.331342,977,0,30.680895,0.326172,651.2
2026/7/11 16:18,0.331342,978,0,30.545258,0.325883,651.4
2026/7/11 16:18,0.331335,978,0,30.581427,0.325883,651.6
2026/7/11 16:18,0.331342,978,0,30.622118,0.325883,651.8
2026/7/11 16:18,0.331339,978,0,30.545258,0.325883,652
2026/7/11 16:18,0.331342,978,0,30.581427,0.325883,652.2
2026/7/11 16:18,0.331346,979,0,30.622118,0.325883,652.4
2026/7/11 16:18,0.331346,979,0,30.545258,0.325883,652.6
2026/7/11 16:18,0.331346,980,0,30.617598,0.325883,652.8
2026/7/11 16:18,0.331346,979,0,30.622118,0.325883,653
2026/7/11 16:18,0.331342,980,0,30.545258,0.326027,653.2
2026/7/11 16:18,0.331346,980,0,30.694458,0.325883,653.4
2026/7/11 16:18,0.331339,980,0,30.545258,0.325883,653.6
2026/7/11 16:18,0.331346,980,0,30.54978,0.325883,653.8
2026/7/11 16:18,0.331339,980,0,30.689938,0.325883,654
2026/7/11 16:18,0.331346,980,0,30.545258,0.326534,654.2
2026/7/11 16:18,0.331346,980,0,30.563343,0.325883,654.4
2026/7/11 16:18,0.331342,981,0,30.662807,0.325883,654.6
2026/7/11 16:18,0.331346,981,0,30.545258,0.325883,654.8
2026/7/11 16:18,0.331346,981,0,30.5543,0.325883,655
2026/7/11 16:18,0.331349,981,0,30.622118,0.325883,655.2
2026/7/11 16:18,0.331346,981,0,30.545258,0.325883,655.4
2026/7/11 16:18,0.331342,981,0,30.581427,0.325883,655.6
2026/7/11 16:18,0.331346,981,0,30.622118,0.325883,655.8
2026/7/11 16:18,0.331342,982,0,30.545258,0.325883,656
2026/7/11 16:18,0.331342,982,0,30.563343,0.325883,656.2
2026/7/11 16:18,0.331342,981,0,30.545258,0.325883,656.4
2026/7/11 16:18,0.331346,982,0,30.545258,0.325883,656.6
2026/7/11 16:18,0.331342,983,0,30.581427,0.325883,656.8
2026/7/11 16:18,0.331339,984,0,30.545258,0.325883,657
2026/7/11 16:18,0.331342,984,0,30.545258,0.326317,657.2
2026/7/11 16:18,0.331342,983,0,30.617598,0.327112,657.4
2026/7/11 16:18,0.331346,983,0,30.662807,0.325883,657.6
2026/7/11 16:18,0.331342,984,0,30.545258,0.325883,657.8
2026/7/11 16:18,0.331342,984,0,30.576906,0.325883,658
2026/7/11 16:18,0.331346,984,0,30.622118,0.325883,658.2
2026/7/11 16:18,0.331342,984,0,30.54978,0.325883,658.4
2026/7/11 16:18,0.331352,984,0,30.576906,0.325883,658.6
2026/7/11 16:18,0.331346,984,0,30.622118,0.325883,658.8
2026/7/11 16:18,0.331346,984,0,30.54978,0.325883,659
2026/7/11 16:18,0.331346,984,0,30.604033,0.325883,659.2
2026/7/11 16:18,0.331346,984,0,30.622118,0.325883,659.4
2026/7/11 16:18,0.331342,984,0,30.54978,0.325883,659.6
2026/7/11 16:18,0.331346,984,0,30.662807,0.325883,659.8
2026/7/11 16:18,0.331346,984,0,30.545258,0.325883,660
2026/7/11 16:18,0.331342,985,0,30.54978,0.325883,660.2
2026/7/11 16:18,0.331349,984,0,30.680895,0.325883,660.4
2026/7/11 16:18,0.331349,985,0,30.622118,0.325883,660.6
2026/7/11 16:18,0.331349,985,0,30.545258,0.325883,660.8
2026/7/11 16:18,0.331349,984,0,30.613077,0.326027,661
2026/7/11 16:18,0.331349,985,0,30.545258,0.325883,661.2
2026/7/11 16:18,0.331342,985,0,30.563343,0.325955,661.4
2026/7/11 16:18,0.331346,986,0,30.680895,0.325883,661.6
2026/7/11 16:18,0.331346,985,0,30.622118,0.325883,661.8
2026/7/11 16:18,0.331342,984,0,30.5543,0.325883,662
2026/7/11 16:18,0.331342,985,0,30.694458,0.325883,662.2
2026/7/11 16:18,0.331346,985,0,30.545258,0.328053,662.4
2026/7/11 16:18,0.331346,985,0,30.54978,0.325883,662.6
2026/7/11 16:18,0.331342,985,0,30.680895,0.325883,662.8
2026/7/11 16:18,0.331346,985,0,30.545258,0.325883,663
2026/7/11 16:18,0.331346,986,0,30.5543,0.325883,663.2
2026/7/11 16:18,0.331346,986,0,30.680895,0.325883,663.4
2026/7/11 16:18,0.331346,986,0,30.545258,0.325883,663.6
2026/7/11 16:18,0.331342,986,0,30.563343,0.325883,663.8
2026/7/11 16:18,0.331346,986,0,30.604033,0.325883,664
2026/7/11 16:18,0.331346,986,0,30.545258,0.325883,664.2
2026/7/11 16:18,0.331349,986,0,30.5543,0.325883,664.4
2026/7/11 16:18,0.331349,986,0,30.680895,0.327763,664.6
2026/7/11 16:18,0.331346,986,0,30.545258,0.325883,664.8
2026/7/11 16:18,0.331349,986,0,30.563343,0.327112,665
2026/7/11 16:18,0.331346,986,0,30.689938,0.325883,665.2
2026/7/11 16:18,0.331349,987,0,30.545258,0.325883,665.4
2026/7/11 16:18,0.331342,987,0,30.563343,0.325883,665.6
2026/7/11 16:18,0.331346,986,0,30.680895,0.325883,665.8
2026/7/11 16:18,0.331349,986,0,30.54978,0.325883,666
2026/7/11 16:18,0.331346,987,0,30.5543,0.325883,666.2
2026/7/11 16:18,0.331342,987,0,30.622118,0.325883,666.4
2026/7/11 16:18,0.331342,987,0,30.545258,0.325883,666.6
2026/7/11 16:18,0.331352,987,0,30.581427,0.325955,666.8
2026/7/11 16:18,0.331346,987,0,30.585947,0.325883,667
2026/7/11 16:18,0.331352,987,0,30.545258,0.327112,667.2
2026/7/11 16:18,0.331352,987,0,30.5543,0.325883,667.4
2026/7/11 16:18,0.331349,987,0,30.680895,0.325883,667.6
2026/7/11 16:18,0.331349,987,0,30.545258,0.325883,667.8
2026/7/11 16:18,0.331349,987,0,30.563343,0.325883,668
2026/7/11 16:18,0.331346,987,0,30.545258,0.325883,668.2
2026/7/11 16:18,0.331352,987,0,30.54978,0.325883,668.4
2026/7/11 16:18,0.331352,986,0,30.572384,0.325883,668.6
2026/7/11 16:18,0.331349,986,0,30.622118,0.325883,668.8
2026/7/11 16:18,0.331346,986,0,30.545258,0.325883,669
2026/7/11 16:18,0.331346,986,0,30.563343,0.325883,669.2
2026/7/11 16:18,0.331346,987,0,30.680895,0.325883,669.4
2026/7/11 16:18,0.331349,987,0,30.545258,0.325883,669.6
2026/7/11 16:18,0.331349,986,0,30.581427,0.325883,669.8
2026/7/11 16:18,0.331346,986,0,30.622118,0.325883,670
2026/7/11 16:18,0.331349,986,0,30.545258,0.325883,670.2
2026/7/11 16:18,0.331352,986,0,30.563343,0.325883,670.4
2026/7/11 16:18,0.331349,986,0,30.680895,0.325883,670.6
2026/7/11 16:18,0.331346,986,0,30.54978,0.325883,670.8
2026/7/11 16:18,0.331349,986,0,30.558821,0.325883,671
2026/7/11 16:18,0.331346,986,0,30.662807,0.325883,671.2
2026/7/11 16:18,0.331346,986,0,30.545258,0.325883,671.4
2026/7/11 16:18,0.331346,986,0,30.581427,0.325883,671.6
2026/7/11 16:18,0.331346,986,0,30.662807,0.325883,671.8
2026/7/11 16:18,0.331349,986,0,30.545258,0.325883,672
2026/7/11 16:18,0.331346,986,0,30.572384,0.325883,672.2
2026/7/11 16:18,0.331349,986,0,30.680895,0.325883,672.4
2026/7/11 16:18,0.331349,986,0,30.545258,0.325883,672.6
2026/7/11 16:18,0.331349,986,0,30.581427,0.325883,672.8
2026/7/11 16:18,0.331349,986,0,30.662807,0.326172,673
2026/7/11 16:18,0.331356,986,0,30.545258,0.325883,673.2
2026/7/11 16:18,0.331352,986,0,30.581427,0.325883,673.4
2026/7/11 16:18,0.331349,986,0,30.680895,0.325883,673.6
2026/7/11 16:18,0.331349,986,0,30.545258,0.325883,673.8
2026/7/11 16:18,0.331356,986,0,30.563343,0.325883,674
2026/7/11 16:18,0.331352,986,0,30.622118,0.325883,674.2
2026/7/11 16:18,0.331349,986,0,30.545258,0.325883,674.4
2026/7/11 16:18,0.331349,986,0,30.576906,0.325883,674.6
2026/7/11 16:18,0.331346,986,0,30.662807,0.325883,674.8
2026/7/11 16:18,0.331349,985,0,30.545258,0.325883,675
2026/7/11 16:18,0.331346,985,0,30.563343,0.325883,675.2
2026/7/11 16:18,0.331349,985,0,30.662807,0.325883,675.4
2026/7/11 16:18,0.331352,984,0,30.545258,0.325883,675.6
2026/7/11 16:18,0.331346,984,0,30.563343,0.325883,675.8
2026/7/11 16:18,0.331346,985,0,30.622118,0.325883,676
2026/7/11 16:18,0.331349,985,0,30.545258,0.325883,676.2
2026/7/11 16:18,0.331349,985,0,30.581427,0.325883,676.4
2026/7/11 16:18,0.331349,985,0,30.662807,0.325883,676.6
2026/7/11 16:18,0.331342,985,0,30.545258,0.325883,676.8
2026/7/11 16:18,0.331349,984,0,30.563343,0.325883,677
2026/7/11 16:18,0.331346,985,0,30.662807,0.325883,677.2
2026/7/11 16:18,0.331352,985,0,30.545258,0.325883,677.4
2026/7/11 16:18,0.331346,985,0,30.54978,0.325883,677.6
2026/7/11 16:18,0.331349,984,0,30.662807,0.325883,677.8
2026/7/11 16:18,0.331346,984,0,30.545258,0.325883,678
2026/7/11 16:18,0.331349,985,0,30.581427,0.325883,678.2
2026/7/11 16:18,0.331349,984,0,30.662807,0.325883,678.4
2026/7/11 16:18,0.331349,984,0,30.545258,0.325883,678.6
2026/7/11 16:18,0.331346,984,0,30.581427,0.325883,678.8
2026/7/11 16:18,0.331349,984,0,30.622118,0.325883,679
2026/7/11 16:18,0.331346,984,0,30.54978,0.325883,679.2
2026/7/11 16:18,0.331349,984,0,30.54978,0.325883,679.4
2026/7/11 16:18,0.331352,984,0,30.622118,0.325883,679.6
2026/7/11 16:18,0.331346,984,0,30.54978,0.325955,679.8
2026/7/11 16:18,0.331349,984,0,30.576906,0.325883,680
2026/7/11 16:18,0.331356,984,0,30.662807,0.325883,680.2
2026/7/11 16:18,0.331352,983,0,30.5543,0.325883,680.4
2026/7/11 16:18,0.331349,984,0,30.563343,0.325883,680.6
2026/7/11 16:18,0.331356,984,0,30.545258,0.325883,680.8
2026/7/11 16:18,0.331349,984,0,30.545258,0.325883,681
2026/7/11 16:18,0.331349,983,0,30.617598,0.325883,681.2
2026/7/11 16:18,0.331352,983,0,30.680895,0.325883,681.4
2026/7/11 16:18,0.331349,982,0,30.54978,0.325883,681.6
2026/7/11 16:18,0.331349,982,0,30.617598,0.325883,681.8
2026/7/11 16:18,0.331352,983,0,30.545258,0.325883,682
2026/7/11 16:18,0.331349,982,0,30.54978,0.326027,682.2
2026/7/11 16:18,0.331352,982,0,30.576906,0.325883,682.4
2026/7/11 16:18,0.331352,982,0,30.680895,0.325883,682.6
2026/7/11 16:18,0.331352,982,0,30.545258,0.326823,682.8
2026/7/11 16:18,0.331356,981,0,30.576906,0.325883,683
2026/7/11 16:18,0.331346,981,0,30.680895,0.327112,683.2
2026/7/11 16:18,0.331349,981,0,30.54978,0.325883,683.4
2026/7/11 16:18,0.331349,981,0,30.694458,0.325883,683.6
2026/7/11 16:18,0.331349,981,0,30.698978,0.325883,683.8
2026/7/11 16:18,0.331346,981,0,30.698978,0.325883,684
2026/7/11 16:18,0.331349,980,0,30.698978,0.325883,684.2
2026/7/11 16:18,0.331349,980,0,30.698978,0.325883,684.4
2026/7/11 16:18,0.331349,980,0,30.698978,0.325883,684.6
2026/7/11 16:18,0.331349,980,0,30.698978,0.325883,684.8
2026/7/11 16:18,0.331352,980,0,30.545258,0.325883,685
2026/7/11 16:18,0.331352,980,0,30.54978,0.325883,685.2
2026/7/11 16:18,0.331346,980,0,30.617598,0.326172,685.4
2026/7/11 16:18,0.331349,980,0,30.545258,0.326172,685.6
2026/7/11 16:18,0.331346,979,0,30.54978,0.325883,685.8
2026/7/11 16:18,0.331356,980,0,30.694458,0.325883,686
2026/7/11 16:18,0.331349,980,0,30.545258,0.325883,686.2
2026/7/11 16:18,0.331356,979,0,30.563343,0.325883,686.4
2026/7/11 16:18,0.331356,978,0,30.617598,0.327763,686.6
2026/7/11 16:18,0.331356,978,0,30.545258,0.325883,686.8
2026/7/11 16:18,0.331356,978,0,30.5543,0.325883,687
2026/7/11 16:18,0.331356,977,0,30.680895,0.325883,687.2
2026/7/11 16:18,0.331356,977,0,30.622118,0.327763,687.4
2026/7/11 16:18,0.331356,978,0,30.5543,0.325883,687.6
2026/7/11 16:18,0.331359,977,0,30.689938,0.325883,687.8
2026/7/11 16:18,0.331359,977,0,30.545258,0.325883,688
2026/7/11 16:18,0.331356,975,0,30.5543,0.325883,688.2
2026/7/11 16:18,0.331349,975,0,30.680895,0.327112,688.4
2026/7/11 16:18,0.331349,975,0,30.545258,0.325883,688.6
2026/7/11 16:18,0.331356,975,0,30.5543,0.325883,688.8
2026/7/11 16:18,0.331346,975,0,30.590469,0.325883,689
2026/7/11 16:18,0.331349,975,0,30.545258,0.325883,689.2
2026/7/11 16:18,0.331349,975,0,30.563343,0.325883,689.4
2026/7/11 16:18,0.331349,974,0,30.604033,0.325883,689.6
2026/7/11 16:18,0.331352,974,0,30.545258,0.325883,689.8
2026/7/11 16:18,0.331352,974,0,30.5543,0.325883,690
2026/7/11 16:18,0.331346,974,0,30.694458,0.325883,690.2
2026/7/11 16:18,0.331356,973,0,30.545258,0.326027,690.4
2026/7/11 16:18,0.331349,973,0,30.54978,0.325883,690.6
2026/7/11 16:18,0.331356,973,0,30.617598,0.325883,690.8
2026/7/11 16:18,0.331349,974,0,30.545258,0.325883,691
2026/7/11 16:18,0.331346,974,0,30.54978,0.325883,691.2
2026/7/11 16:18,0.331352,974,0,30.689938,0.325883,691.4
2026/7/11 16:18,0.331349,973,0,30.545258,0.325883,691.6
2026/7/11 16:18,0.331346,972,0,30.5543,0.325883,691.8
2026/7/11 16:18,0.331346,972,0,30.689938,0.325883,692
2026/7/11 16:18,0.331342,972,0,30.545258,0.325883,692.2
2026/7/11 16:18,0.331349,972,0,30.5543,0.325883,692.4
2026/7/11 16:18,0.331349,972,0,30.680895,0.325883,692.6
2026/7/11 16:18,0.331346,972,0,30.545258,0.325883,692.8
2026/7/11 16:18,0.331346,972,0,30.563343,0.325883,693
2026/7/11 16:18,0.331346,972,0,30.680895,0.325883,693.2
2026/7/11 16:18,0.331349,972,0,30.545258,0.325883,693.4
2026/7/11 16:18,0.331346,972,0,30.5543,0.325883,693.6
2026/7/11 16:18,0.331339,972,0,30.689938,0.325883,693.8
2026/7/11 16:18,0.331346,972,0,30.545258,0.325883,694
2026/7/11 16:18,0.331349,972,0,30.576906,0.325883,694.2
2026/7/11 16:18,0.331349,972,0,30.680895,0.325883,694.4
2026/7/11 16:18,0.331349,972,0,30.545258,0.325883,694.6
2026/7/11 16:18,0.331346,972,0,30.617598,0.325883,694.8
2026/7/11 16:18,0.331356,972,0,30.689938,0.325883,695
2026/7/11 16:18,0.331346,972,0,30.545258,0.325955,695.2
2026/7/11 16:18,0.331349,971,0,30.558821,0.325883,695.4
2026/7/11 16:18,0.331346,971,0,30.662807,0.325883,695.6
2026/7/11 16:18,0.331349,970,0,30.54978,0.327112,695.8
2026/7/11 16:18,0.331346,970,0,30.563343,0.325883,696
2026/7/11 16:18,0.331342,970,0,30.662807,0.326172,696.2
2026/7/11 16:18,0.331352,970,0,30.545258,0.325883,696.4
2026/7/11 16:18,0.331349,970,0,30.617598,0.325955,696.6
2026/7/11 16:18,0.331356,970,0,30.622118,0.325883,696.8
2026/7/11 16:18,0.331349,970,0,30.698978,0.325883,697
2026/7/11 16:18,0.331346,970,0,30.698978,0.325883,697.2
2026/7/11 16:18,0.331346,970,0,30.698978,0.325883,697.4
2026/7/11 16:18,0.331346,970,0,30.698978,0.325883,697.6
2026/7/11 16:18,0.331346,970,0,30.698978,0.325883,697.8
2026/7/11 16:18,0.331346,970,0,30.698978,0.325955,698
2026/7/11 16:18,0.331349,970,0,30.698978,0.325883,698.2
2026/7/11 16:18,0.331346,970,0,30.698978,0.325883,698.4
2026/7/11 16:18,0.331346,969,0,30.698978,0.327112,698.6
2026/7/11 16:18,0.331346,969,0,30.698978,0.325883,698.8
2026/7/11 16:18,0.331346,970,0,30.698978,0.325883,699
2026/7/11 16:18,0.331346,970,0,30.698978,0.325883,699.2
2026/7/11 16:18,0.331342,970,0,30.698978,0.325883,699.4
2026/7/11 16:18,0.331346,970,0,30.698978,0.325883,699.6
2026/7/11 16:18,0.331342,970,0,30.698978,0.325883,699.8
2026/7/11 16:18,0.331349,970,0,30.698978,0.325955,700
2026/7/11 16:18,0.331349,970,0,30.698978,0.325883,700.2
2026/7/11 16:18,0.331342,970,0,30.698978,0.325883,700.4
2026/7/11 16:18,0.331346,970,0,30.698978,0.325883,700.6
2026/7/11 16:18,0.331349,970,0,30.698978,0.325883,700.8
2026/7/11 16:18,0.331352,970,0,30.698978,0.325883,701
2026/7/11 16:18,0.331346,970,0,30.698978,0.325955,701.2
2026/7/11 16:18,0.331346,970,0,30.698978,0.325883,701.4
2026/7/11 16:18,0.331335,970,0,30.685415,0.325883,701.6
2026/7/11 16:18,0.331339,970,0,30.622118,0.325883,701.8
2026/7/11 16:18,0.331335,970,0,30.698978,0.325883,702
2026/7/11 16:18,0.331342,970,0,30.698978,0.325883,702.2
2026/7/11 16:18,0.331339,971,0,30.698978,0.325883,702.4
2026/7/11 16:18,0.331342,972,0,30.698978,0.325883,702.6
2026/7/11 16:18,0.331342,971,0,30.698978,0.325883,702.8
2026/7/11 16:18,0.331342,971,0,30.698978,0.325883,703
2026/7/11 16:18,0.331339,972,0,30.694458,0.326534,703.2
2026/7/11 16:18,0.331346,972,0,30.698978,0.325883,703.4
2026/7/11 16:18,0.331342,972,0,30.698978,0.325883,703.6
2026/7/11 16:18,0.331342,972,0,30.698978,0.325883,703.8
2026/7/11 16:18,0.331342,972,0,30.698978,0.325883,704
2026/7/11 16:18,0.331342,972,0,30.698978,0.325883,704.2
2026/7/11 16:18,0.331342,973,0,30.698978,0.325883,704.4
2026/7/11 16:18,0.331339,973,0,30.698978,0.325883,704.6
2026/7/11 16:18,0.331335,973,0,30.698978,0.325883,704.8
2026/7/11 16:18,0.331339,974,0,30.698978,0.325883,705
2026/7/11 16:18,0.331342,974,0,30.698978,0.325883,705.2
2026/7/11 16:18,0.331342,975,0,30.698978,0.325883,705.4
2026/7/11 16:18,0.331342,974,0,30.698978,0.325883,705.6
2026/7/11 16:18,0.331342,975,0,30.698978,0.325883,705.8
2026/7/11 16:18,0.331335,975,0,30.62664,0.325955,706
2026/7/11 16:18,0.331342,975,0,30.698978,0.325883,706.2
2026/7/11 16:18,0.331335,975,0,30.698978,0.325883,706.4
2026/7/11 16:18,0.331342,975,0,30.698978,0.327112,706.6
2026/7/11 16:18,0.331342,975,0,30.698978,0.325883,706.8
2026/7/11 16:18,0.331342,976,0,30.698978,0.325883,707
2026/7/11 16:19,0.331342,977,0,30.698978,0.325883,707.2
2026/7/11 16:19,0.331342,977,0,30.698978,0.325883,707.4
2026/7/11 16:19,0.331342,977,0,30.698978,0.325883,707.6
2026/7/11 16:19,0.331339,977,0,30.698978,0.325883,707.8
2026/7/11 16:19,0.331346,978,0,30.698978,0.325883,708
2026/7/11 16:19,0.331339,978,0,30.698978,0.326027,708.2
2026/7/11 16:19,0.331339,978,0,30.698978,0.327112,708.4
2026/7/11 16:19,0.331335,978,0,30.698978,0.325883,708.6
2026/7/11 16:19,0.331342,978,0,30.698978,0.325883,708.8
2026/7/11 16:19,0.331339,979,0,30.698978,0.325883,709
2026/7/11 16:19,0.331342,979,0,30.698978,0.325883,709.2
2026/7/11 16:19,0.331349,979,0,30.67185,0.325883,709.4
2026/7/11 16:19,0.331342,980,0,30.698978,0.325883,709.6
2026/7/11 16:19,0.331342,980,0,30.698978,0.325883,709.8
2026/7/11 16:19,0.331346,980,0,30.698978,0.325883,710
2026/7/11 16:19,0.331349,980,0,30.698978,0.327112,710.2
2026/7/11 16:19,0.331342,980,0,30.698978,0.325883,710.4
2026/7/11 16:19,0.331346,980,0,30.698978,0.325883,710.6
2026/7/11 16:19,0.331342,980,0,30.698978,0.325883,710.8
2026/7/11 16:19,0.331342,980,0,30.698978,0.325883,711
2026/7/11 16:19,0.331342,981,0,30.698978,0.325883,711.2
2026/7/11 16:19,0.331342,981,0,30.698978,0.325883,711.4
2026/7/11 16:19,0.331346,981,0,30.698978,0.325883,711.6
2026/7/11 16:19,0.331342,981,0,30.698978,0.325883,711.8
2026/7/11 16:19,0.331342,981,0,30.698978,0.325883,712
2026/7/11 16:19,0.331342,981,0,30.698978,0.325955,712.2
2026/7/11 16:19,0.331346,981,0,30.698978,0.325883,712.4
2026/7/11 16:19,0.331346,981,0,30.698978,0.325883,712.6
2026/7/11 16:19,0.331342,981,0,30.689938,0.327112,712.8
2026/7/11 16:19,0.331346,982,0,30.698978,0.325883,713
2026/7/11 16:19,0.331342,982,0,30.698978,0.326172,713.2
2026/7/11 16:19,0.331346,983,0,30.698978,0.327112,713.4
2026/7/11 16:19,0.331342,983,0,30.581427,0.325883,713.6
2026/7/11 16:19,0.331346,983,0,30.698978,0.325955,713.8
2026/7/11 16:19,0.331346,983,0,30.67185,0.325883,714
2026/7/11 16:19,0.331346,983,0,30.622118,0.325883,714.2
2026/7/11 16:19,0.331342,983,0,30.698978,0.325883,714.4
2026/7/11 16:19,0.331342,983,0,30.698978,0.325883,714.6
2026/7/11 16:19,0.331346,983,0,30.698978,0.327112,714.8
2026/7/11 16:19,0.331346,984,0,30.698978,0.325883,715
2026/7/11 16:19,0.331346,983,0,30.698978,0.325883,715.2
2026/7/11 16:19,0.331342,983,0,30.698978,0.325883,715.4
2026/7/11 16:19,0.331342,984,0,30.698978,0.325883,715.6
2026/7/11 16:19,0.331342,984,0,30.698978,0.326172,715.8
2026/7/11 16:19,0.331342,984,0,30.698978,0.325883,716
2026/7/11 16:19,0.331342,984,0,30.698978,0.326027,716.2
2026/7/11 16:19,0.331346,984,0,30.698978,0.325883,716.4
2026/7/11 16:19,0.331349,984,0,30.698978,0.326027,716.6
2026/7/11 16:19,0.331342,984,0,30.694458,0.325883,716.8
2026/7/11 16:19,0.331349,985,0,30.698978,0.325883,717
2026/7/11 16:19,0.331349,985,0,30.698978,0.325883,717.2
2026/7/11 16:19,0.331346,985,0,30.698978,0.325883,717.4
2026/7/11 16:19,0.331342,986,0,30.698978,0.325883,717.6
2026/7/11 16:19,0.331349,986,0,30.698978,0.325883,717.8
2026/7/11 16:19,0.331346,985,0,30.689938,0.325883,718
2026/7/11 16:19,0.331349,985,0,30.698978,0.326027,718.2
2026/7/11 16:19,0.331346,985,0,30.698978,0.325883,718.4
2026/7/11 16:19,0.331346,985,0,30.689938,0.325883,718.6
2026/7/11 16:19,0.331349,985,0,30.698978,0.325883,718.8
2026/7/11 16:19,0.331346,986,0,30.698978,0.325955,719
2026/7/11 16:19,0.331346,986,0,30.698978,0.326027,719.2
2026/7/11 16:19,0.331352,986,0,30.698978,0.325883,719.4
2026/7/11 16:19,0.331346,986,0,30.698978,0.326534,719.6
2026/7/11 16:19,0.331346,986,0,30.698978,0.325883,719.8
2026/7/11 16:19,0.331346,986,0,30.631161,0.325883,720
2026/7/11 16:19,0.331346,986,0,30.698978,0.326317,720.2
2026/7/11 16:19,0.331346,986,0,30.698978,0.325883,720.4
2026/7/11 16:19,0.331346,986,0,30.698978,0.325883,720.6
2026/7/11 16:19,0.331349,986,0,30.698978,0.325955,720.8
2026/7/11 16:19,0.331349,986,0,30.698978,0.325883,721
2026/7/11 16:19,0.331349,986,0,30.698978,0.325883,721.2
2026/7/11 16:19,0.331346,986,0,30.698978,0.325955,721.4
2026/7/11 16:19,0.331346,986,0,30.698978,0.325883,721.6
2026/7/11 16:19,0.331346,986,0,30.698978,0.325883,721.8
2026/7/11 16:19,0.331346,986,0,30.698978,0.325883,722
2026/7/11 16:19,0.331346,986,0,30.698978,0.325883,722.2
2026/7/11 16:19,0.331346,986,0,30.698978,0.325883,722.4
2026/7/11 16:19,0.331342,986,0,30.698978,0.325883,722.6
2026/7/11 16:19,0.331346,986,0,30.698978,0.325883,722.8
2026/7/11 16:19,0.331342,986,0,30.698978,0.326027,723
2026/7/11 16:19,0.331349,986,0,30.698978,0.325883,723.2
2026/7/11 16:19,0.331349,986,0,30.698978,0.325883,723.4
2026/7/11 16:19,0.331356,987,0,30.698978,0.325955,723.6
2026/7/11 16:19,0.331352,986,0,30.717064,0.325883,723.8
2026/7/11 16:19,0.331352,986,0,30.698978,0.326027,724
2026/7/11 16:19,0.331359,986,0,30.698978,0.325883,724.2
2026/7/11 16:19,0.331352,986,0,30.698978,0.325955,724.4
2026/7/11 16:19,0.331349,986,0,30.698978,0.325883,724.6
2026/7/11 16:19,0.331349,986,0,30.698978,0.325883,724.8
2026/7/11 16:19,0.331349,985,0,30.698978,0.325883,725
2026/7/11 16:19,0.331349,985,0,30.698978,0.325883,725.2
2026/7/11 16:19,0.331352,985,0,30.698978,0.325883,725.4
2026/7/11 16:19,0.331346,985,0,30.698978,0.327112,725.6
2026/7/11 16:19,0.331349,985,0,30.698978,0.325883,725.8
2026/7/11 16:19,0.331349,985,0,30.698978,0.325883,726
2026/7/11 16:19,0.331352,985,0,30.698978,0.325883,726.2
2026/7/11 16:19,0.331349,985,0,30.698978,0.325883,726.4
2026/7/11 16:19,0.331349,985,0,30.698978,0.325883,726.6
2026/7/11 16:19,0.331349,985,0,30.698978,0.325883,726.8
2026/7/11 16:19,0.331349,985,0,30.689938,0.325883,727
2026/7/11 16:19,0.331346,985,0,30.640203,0.325883,727.2
2026/7/11 16:19,0.331349,985,0,30.698978,0.325955,727.4
2026/7/11 16:19,0.331346,984,0,30.698978,0.325883,727.6
2026/7/11 16:19,0.331346,984,0,30.698978,0.325955,727.8
2026/7/11 16:19,0.331346,984,0,30.698978,0.327112,728
2026/7/11 16:19,0.331349,984,0,30.698978,0.325883,728.2
2026/7/11 16:19,0.331352,985,0,30.698978,0.325955,728.4
2026/7/11 16:19,0.331346,985,0,30.698978,0.325883,728.6
2026/7/11 16:19,0.331349,984,0,30.698978,0.325883,728.8
2026/7/11 16:19,0.331349,984,0,30.698978,0.325883,729
2026/7/11 16:19,0.331352,984,0,30.698978,0.325883,729.2
2026/7/11 16:19,0.331346,984,0,30.698978,0.325883,729.4
2026/7/11 16:19,0.331356,984,0,30.622118,0.325883,729.6
2026/7/11 16:19,0.331356,983,0,30.698978,0.325883,729.8
2026/7/11 16:19,0.331352,984,0,30.698978,0.325883,730
2026/7/11 16:19,0.331346,984,0,30.698978,0.325883,730.2
2026/7/11 16:19,0.331349,983,0,30.698978,0.325883,730.4
2026/7/11 16:19,0.331356,983,0,30.698978,0.325883,730.6
2026/7/11 16:19,0.331352,983,0,30.698978,0.327112,730.8
2026/7/11 16:19,0.331346,983,0,30.698978,0.325883,731
2026/7/11 16:19,0.331352,982,0,30.698978,0.325883,731.2
2026/7/11 16:19,0.331349,981,0,30.698978,0.325883,731.4
2026/7/11 16:19,0.331352,981,0,30.698978,0.325883,731.6
2026/7/11 16:19,0.331356,981,0,30.698978,0.325883,731.8
2026/7/11 16:19,0.331352,981,0,30.698978,0.326534,732
2026/7/11 16:19,0.331352,981,0,30.698978,0.325883,732.2
2026/7/11 16:19,0.331356,980,0,30.698978,0.325883,732.4
2026/7/11 16:19,0.331352,981,0,30.698978,0.325883,732.6
2026/7/11 16:19,0.331349,980,0,30.698978,0.325883,732.8
2026/7/11 16:19,0.331356,980,0,30.685415,0.325883,733
2026/7/11 16:19,0.331349,980,0,30.698978,0.325883,733.2
2026/7/11 16:19,0.331356,980,0,30.698978,0.325883,733.4
2026/7/11 16:19,0.331346,980,0,30.698978,0.325883,733.6
2026/7/11 16:19,0.331352,979,0,30.698978,0.326534,733.8
2026/7/11 16:19,0.331352,979,0,30.698978,0.325883,734
2026/7/11 16:19,0.331346,979,0,30.698978,0.325883,734.2
2026/7/11 16:19,0.331356,979,0,30.698978,0.325883,734.4
2026/7/11 16:19,0.331349,979,0,30.698978,0.325883,734.6
2026/7/11 16:19,0.331346,979,0,30.698978,0.325883,734.8
2026/7/11 16:19,0.331346,978,0,30.698978,0.327112,735
2026/7/11 16:19,0.331352,978,0,30.698978,0.325883,735.2
2026/7/11 16:19,0.331352,978,0,30.698978,0.325955,735.4
2026/7/11 16:19,0.331349,978,0,30.698978,0.325883,735.6
2026/7/11 16:19,0.331349,978,0,30.698978,0.325883,735.8
2026/7/11 16:19,0.331346,978,0,30.698978,0.325883,736
2026/7/11 16:19,0.331346,978,0,30.581427,0.325883,736.2
2026/7/11 16:19,0.331346,978,0,30.717064,0.325955,736.4
2026/7/11 16:19,0.331349,978,0,30.698978,0.325883,736.6
2026/7/11 16:19,0.331346,978,0,30.698978,0.325883,736.8
2026/7/11 16:19,0.331349,978,0,30.698978,0.325883,737
2026/7/11 16:19,0.331349,978,0,30.698978,0.325883,737.2
2026/7/11 16:19,0.331346,977,0,30.698978,0.325883,737.4
2026/7/11 16:19,0.331356,977,0,30.698978,0.325883,737.6
2026/7/11 16:19,0.331352,977,0,30.698978,0.326172,737.8
2026/7/11 16:19,0.331349,977,0,30.698978,0.326027,738
2026/7/11 16:19,0.331356,977,0,30.698978,0.325883,738.2
2026/7/11 16:19,0.331356,976,0,30.698978,0.326027,738.4
2026/7/11 16:19,0.331352,976,0,30.698978,0.325883,738.6
2026/7/11 16:19,0.331352,975,0,30.698978,0.325883,738.8
2026/7/11 16:19,0.331356,975,0,30.698978,0.325883,739
2026/7/11 16:19,0.331349,975,0,30.698978,0.327112,739.2
2026/7/11 16:19,0.331346,975,0,30.698978,0.325883,739.4
2026/7/11 16:19,0.331349,975,0,30.698978,0.325883,739.6
2026/7/11 16:19,0.331356,974,0,30.698978,0.326027,739.8
2026/7/11 16:19,0.331352,974,0,30.698978,0.325883,740
2026/7/11 16:19,0.331349,974,0,30.698978,0.325883,740.2
2026/7/11 16:19,0.331349,974,0,30.698978,0.325883,740.4
2026/7/11 16:19,0.331352,974,0,30.775839,0.325883,740.6
2026/7/11 16:19,0.331349,974,0,30.839136,0.325883,740.8
2026/7/11 16:19,0.331349,974,0,30.717064,0.325883,741
2026/7/11 16:19,0.331352,973,0,30.85722,0.325883,741.2
2026/7/11 16:19,0.331352,974,0,30.839136,0.325955,741.4
2026/7/11 16:19,0.331349,974,0,30.708021,0.325883,741.6
2026/7/11 16:19,0.331346,974,0,30.85722,0.325883,741.8
2026/7/11 16:19,0.331349,973,0,30.780359,0.325955,742
2026/7/11 16:19,0.331352,973,0,30.703501,0.325883,742.2
2026/7/11 16:19,0.331346,973,0,30.85722,0.325883,742.4
2026/7/11 16:19,0.331349,973,0,30.816528,0.325883,742.6
2026/7/11 16:19,0.331349,973,0,30.708021,0.325883,742.8
2026/7/11 16:19,0.331349,973,0,30.698978,0.327257,743
2026/7/11 16:19,0.331346,973,0,30.698978,0.325883,743.2
2026/7/11 16:19,0.331349,972,0,30.698978,0.325883,743.4
2026/7/11 16:19,0.331349,973,0,30.698978,0.325883,743.6
2026/7/11 16:19,0.331346,973,0,30.698978,0.325883,743.8
2026/7/11 16:19,0.331349,973,0,30.698978,0.325955,744
2026/7/11 16:19,0.331349,973,0,30.698978,0.325883,744.2
2026/7/11 16:19,0.331349,972,0,30.698978,0.325955,744.4
2026/7/11 16:19,0.331346,973,0,30.698978,0.325883,744.6
2026/7/11 16:19,0.331346,972,0,30.698978,0.325883,744.8
2026/7/11 16:19,0.331346,973,0,30.698978,0.325883,745
2026/7/11 16:19,0.331346,973,0,30.698978,0.325883,745.2
2026/7/11 16:19,0.331352,972,0,30.698978,0.325883,745.4
2026/7/11 16:19,0.331349,972,0,30.698978,0.326534,745.6
2026/7/11 16:19,0.331346,972,0,30.698978,0.325883,745.8
2026/7/11 16:19,0.331346,973,0,30.708021,0.325883,746
2026/7/11 16:19,0.331346,973,0,30.698978,0.325883,746.2
2026/7/11 16:19,0.331346,973,0,30.698978,0.325883,746.4
2026/7/11 16:19,0.331349,972,0,30.698978,0.325883,746.6
2026/7/11 16:19,0.331349,972,0,30.698978,0.325883,746.8
2026/7/11 16:19,0.331342,972,0,30.698978,0.325883,747
2026/7/11 16:19,0.331349,972,0,30.698978,0.325883,747.2
2026/7/11 16:19,0.331346,973,0,30.698978,0.326027,747.4
2026/7/11 16:19,0.331346,972,0,30.698978,0.325883,747.6
2026/7/11 16:19,0.331349,972,0,30.698978,0.325883,747.8
2026/7/11 16:19,0.331349,972,0,30.698978,0.325883,748
2026/7/11 16:19,0.331349,972,0,30.698978,0.325883,748.2
2026/7/11 16:19,0.331349,972,0,30.698978,0.325883,748.4
2026/7/11 16:19,0.331349,972,0,30.698978,0.325883,748.6
2026/7/11 16:19,0.331346,971,0,30.698978,0.326172,748.8
2026/7/11 16:19,0.331349,971,0,30.698978,0.325883,749
2026/7/11 16:19,0.331346,971,0,30.698978,0.325883,749.2
2026/7/11 16:19,0.331349,971,0,30.698978,0.325883,749.4
2026/7/11 16:19,0.331349,971,0,30.698978,0.325883,749.6
2026/7/11 16:19,0.331346,972,0,30.698978,0.325883,749.8
2026/7/11 16:19,0.331349,971,0,30.698978,0.325883,750
2026/7/11 16:19,0.331342,972,0,30.85722,0.325883,750.2
2026/7/11 16:19,0.331349,972,0,30.821053,0.325883,750.4
2026/7/11 16:19,0.331346,972,0,30.739668,0.325883,750.6
2026/7/11 16:19,0.331349,972,0,30.852699,0.325883,750.8
2026/7/11 16:19,0.331349,972,0,30.839136,0.325883,751
2026/7/11 16:19,0.331346,972,0,30.717064,0.326172,751.2
2026/7/11 16:19,0.331349,972,0,30.698978,0.325883,751.4
2026/7/11 16:19,0.331346,972,0,30.698978,0.325883,751.6
2026/7/11 16:19,0.331346,972,0,30.698978,0.325883,751.8
2026/7/11 16:19,0.331346,971,0,30.698978,0.326027,752
2026/7/11 16:19,0.331342,972,0,30.698978,0.326534,752.2
2026/7/11 16:19,0.331349,972,0,30.698978,0.326027,752.4
2026/7/11 16:19,0.331346,972,0,30.698978,0.327112,752.6
2026/7/11 16:19,0.331349,971,0,30.698978,0.325883,752.8
2026/7/11 16:19,0.331349,972,0,30.698978,0.325883,753
2026/7/11 16:19,0.331346,972,0,30.698978,0.325883,753.2
2026/7/11 16:19,0.331346,972,0,30.698978,0.325955,753.4
2026/7/11 16:19,0.331349,972,0,30.698978,0.325955,753.6
2026/7/11 16:19,0.331346,972,0,30.698978,0.325883,753.8
2026/7/11 16:19,0.331352,972,0,30.698978,0.325883,754
2026/7/11 16:19,0.331346,972,0,30.698978,0.325883,754.2
2026/7/11 16:19,0.331349,972,0,30.698978,0.325883,754.4
2026/7/11 16:19,0.331346,971,0,30.698978,0.326534,754.6
2026/7/11 16:19,0.331349,970,0,30.698978,0.325883,754.8
2026/7/11 16:19,0.331349,970,0,30.698978,0.325883,755
2026/7/11 16:19,0.331349,971,0,30.698978,0.326172,755.2
2026/7/11 16:19,0.331349,971,0,30.698978,0.325955,755.4
2026/7/11 16:19,0.331349,971,0,30.698978,0.325883,755.6
2026/7/11 16:19,0.331349,971,0,30.698978,0.325883,755.8
2026/7/11 16:19,0.331342,971,0,30.703501,0.325883,756
2026/7/11 16:19,0.331349,971,0,30.698978,0.325883,756.2
2026/7/11 16:19,0.331349,971,0,30.698978,0.325883,756.4
2026/7/11 16:19,0.331346,971,0,30.698978,0.326534,756.6
2026/7/11 16:19,0.331346,970,0,30.698978,0.325883,756.8
2026/7/11 16:19,0.331349,971,0,30.698978,0.325883,757
2026/7/11 16:19,0.331346,971,0,30.698978,0.325883,757.2
2026/7/11 16:19,0.331346,971,0,30.698978,0.325883,757.4
2026/7/11 16:19,0.331346,971,0,30.698978,0.325883,757.6
2026/7/11 16:19,0.331342,971,0,30.698978,0.325883,757.8
2026/7/11 16:19,0.331346,971,0,30.698978,0.326172,758
2026/7/11 16:19,0.331346,971,0,30.698978,0.325883,758.2
2026/7/11 16:19,0.331342,971,0,30.698978,0.325883,758.4
2026/7/11 16:19,0.331346,971,0,30.698978,0.325883,758.6
2026/7/11 16:19,0.331346,972,0,30.698978,0.325883,758.8
2026/7/11 16:19,0.331346,972,0,30.698978,0.325883,759
2026/7/11 16:19,0.331339,972,0,30.694458,0.325883,759.2
2026/7/11 16:19,0.331339,972,0,30.698978,0.325883,759.4
2026/7/11 16:19,0.331342,971,0,30.698978,0.325883,759.6
2026/7/11 16:19,0.331339,972,0,30.689938,0.325883,759.8
2026/7/11 16:19,0.331342,972,0,30.698978,0.325883,760
2026/7/11 16:19,0.331342,973,0,30.698978,0.325883,760.2
2026/7/11 16:19,0.331342,973,0,30.698978,0.325883,760.4
2026/7/11 16:19,0.331342,974,0,30.698978,0.325883,760.6
2026/7/11 16:19,0.331335,974,0,30.698978,0.325883,760.8
2026/7/11 16:19,0.331342,974,0,30.698978,0.325883,761
2026/7/11 16:19,0.331342,974,0,30.698978,0.325883,761.2
2026/7/11 16:19,0.331346,974,0,30.698978,0.325883,761.4
2026/7/11 16:19,0.331346,974,0,30.698978,0.325883,761.6
2026/7/11 16:19,0.331346,975,0,30.698978,0.326027,761.8
2026/7/11 16:19,0.331346,975,0,30.698978,0.325883,762
2026/7/11 16:19,0.331346,975,0,30.698978,0.326534,762.2
2026/7/11 16:19,0.331346,975,0,30.698978,0.325883,762.4
2026/7/11 16:19,0.331342,975,0,30.739668,0.325883,762.6
2026/7/11 16:19,0.331342,975,0,30.698978,0.325883,762.8
2026/7/11 16:19,0.331346,975,0,30.698978,0.325883,763
2026/7/11 16:19,0.331342,975,0,30.698978,0.325883,763.2
2026/7/11 16:19,0.331346,975,0,30.780359,0.326317,763.4
2026/7/11 16:19,0.331346,975,0,30.775839,0.325883,763.6
2026/7/11 16:19,0.331346,976,0,30.852699,0.325883,763.8
2026/7/11 16:19,0.331346,975,0,30.821053,0.326172,764
2026/7/11 16:19,0.331346,976,0,30.775839,0.325955,764.2
2026/7/11 16:19,0.331342,977,0,30.852699,0.325883,764.4
2026/7/11 16:19,0.331346,977,0,30.703501,0.325883,764.6
2026/7/11 16:19,0.331346,977,0,30.85722,0.325883,764.8
2026/7/11 16:19,0.331342,977,0,30.816528,0.325955,765
2026/7/11 16:19,0.331346,977,0,30.708021,0.325883,765.2
2026/7/11 16:19,0.331349,977,0,30.85722,0.325883,765.4
2026/7/11 16:19,0.331342,977,0,30.839136,0.325883,765.6
2026/7/11 16:19,0.331346,978,0,30.717064,0.325883,765.8
2026/7/11 16:19,0.331342,978,0,30.852699,0.327112,766
2026/7/11 16:19,0.331342,977,0,30.821053,0.325883,766.2
2026/7/11 16:19,0.331346,978,0,30.708021,0.325883,766.4
2026/7/11 16:19,0.331342,977,0,30.85722,0.325883,766.6
2026/7/11 16:19,0.331342,978,0,30.848179,0.325883,766.8
2026/7/11 16:19,0.331342,978,0,30.717064,0.325883,767
2026/7/11 16:20,0.331342,978,0,30.698978,0.326027,767.2
2026/7/11 16:20,0.331349,978,0,30.698978,0.325883,767.4
2026/7/11 16:20,0.331342,978,0,30.698978,0.325955,767.6
2026/7/11 16:20,0.331342,979,0,30.698978,0.326172,767.8
2026/7/11 16:20,0.331335,979,0,30.67185,0.325883,768
2026/7/11 16:20,0.331346,979,0,30.698978,0.327112,768.2
2026/7/11 16:20,0.331346,980,0,30.698978,0.325883,768.4
2026/7/11 16:20,0.331346,980,0,30.698978,0.325883,768.6
2026/7/11 16:20,0.331349,980,0,30.698978,0.325883,768.8
2026/7/11 16:20,0.331346,980,0,30.698978,0.325883,769
2026/7/11 16:20,0.331346,980,0,30.698978,0.325883,769.2
2026/7/11 16:20,0.331342,980,0,30.698978,0.325883,769.4
2026/7/11 16:20,0.331346,980,0,30.698978,0.326172,769.6
2026/7/11 16:20,0.331346,980,0,30.698978,0.325883,769.8
2026/7/11 16:20,0.331346,980,0,30.698978,0.325883,770
2026/7/11 16:20,0.331349,979,0,30.698978,0.325883,770.2
2026/7/11 16:20,0.331349,980,0,30.698978,0.325883,770.4
2026/7/11 16:20,0.331349,980,0,30.698978,0.325883,770.6
2026/7/11 16:20,0.331346,981,0,30.848179,0.325883,770.8
2026/7/11 16:20,0.331349,980,0,30.717064,0.326317,771
2026/7/11 16:20,0.331346,980,0,30.775839,0.325883,771.2
2026/7/11 16:20,0.331342,980,0,30.839136,0.325883,771.4
2026/7/11 16:20,0.331346,981,0,30.703501,0.325883,771.6
2026/7/11 16:20,0.331346,980,0,30.85722,0.325883,771.8
2026/7/11 16:20,0.331346,980,0,30.816528,0.325883,772
2026/7/11 16:20,0.331346,981,0,30.717064,0.325883,772.2
2026/7/11 16:20,0.331346,981,0,30.717064,0.325883,772.4
2026/7/11 16:20,0.331346,981,0,30.839136,0.325883,772.6
2026/7/11 16:20,0.331346,981,0,30.708021,0.325883,772.8
2026/7/11 16:20,0.331349,980,0,30.85722,0.325883,773
2026/7/11 16:20,0.331346,980,0,30.698978,0.325883,773.2
2026/7/11 16:20,0.331349,980,0,30.585947,0.325883,773.4
2026/7/11 16:20,0.331346,980,0,30.698978,0.328053,773.6
2026/7/11 16:20,0.331346,980,0,30.698978,0.326172,773.8
2026/7/11 16:20,0.331346,981,0,30.698978,0.325883,774
2026/7/11 16:20,0.331342,981,0,30.698978,0.325883,774.2
2026/7/11 16:20,0.331342,981,0,30.689938,0.325883,774.4
2026/7/11 16:20,0.331342,981,0,30.698978,0.325883,774.6
2026/7/11 16:20,0.331346,981,0,30.698978,0.325883,774.8
2026/7/11 16:20,0.331346,981,0,30.698978,0.325883,775
2026/7/11 16:20,0.331349,981,0,30.698978,0.325883,775.2
2026/7/11 16:20,0.331349,981,0,30.698978,0.325883,775.4
2026/7/11 16:20,0.331346,981,0,30.698978,0.325883,775.6
2026/7/11 16:20,0.331342,981,0,30.698978,0.325883,775.8
2026/7/11 16:20,0.331349,981,0,30.698978,0.325883,776
2026/7/11 16:20,0.331349,981,0,30.698978,0.325883,776.2
2026/7/11 16:20,0.331349,981,0,30.698978,0.325883,776.4
2026/7/11 16:20,0.331349,981,0,30.698978,0.325883,776.6
2026/7/11 16:20,0.331356,981,0,30.780359,0.325883,776.8
2026/7/11 16:20,0.331349,981,0,30.739668,0.325883,777
2026/7/11 16:20,0.331346,980,0,30.85722,0.325883,777.2
2026/7/11 16:20,0.331349,981,0,30.780359,0.325883,777.4
2026/7/11 16:20,0.331349,981,0,30.739668,0.328053,777.6
2026/7/11 16:20,0.331349,981,0,30.852699,0.325883,777.8
2026/7/11 16:20,0.331346,980,0,30.821053,0.325883,778
2026/7/11 16:20,0.331352,980,0,30.708021,0.325883,778.2
2026/7/11 16:20,0.331346,981,0,30.852699,0.325883,778.4
2026/7/11 16:20,0.331349,981,0,30.780359,0.325883,778.6
2026/7/11 16:20,0.331349,981,0,30.739668,0.325883,778.8
2026/7/11 16:20,0.331349,980,0,30.852699,0.325883,779
2026/7/11 16:20,0.331352,980,0,30.698978,0.325883,779.2
2026/7/11 16:20,0.331346,980,0,30.698978,0.325883,779.4
2026/7/11 16:20,0.331356,980,0,30.698978,0.327112,779.6
2026/7/11 16:20,0.331349,979,0,30.698978,0.325883,779.8
2026/7/11 16:20,0.331346,980,0,30.698978,0.325883,780
2026/7/11 16:20,0.331349,980,0,30.698978,0.325883,780.2
2026/7/11 16:20,0.331349,980,0,30.698978,0.325883,780.4
2026/7/11 16:20,0.331352,980,0,30.698978,0.325883,780.6
2026/7/11 16:20,0.331346,980,0,30.698978,0.326534,780.8
2026/7/11 16:20,0.331346,978,0,30.698978,0.325883,781
2026/7/11 16:20,0.331349,979,0,30.698978,0.325883,781.2
2026/7/11 16:20,0.331346,980,0,30.698978,0.325883,781.4
2026/7/11 16:20,0.331346,979,0,30.698978,0.327112,781.6
2026/7/11 16:20,0.331349,980,0,30.698978,0.325883,781.8
2026/7/11 16:20,0.331349,980,0,30.698978,0.325883,782
2026/7/11 16:20,0.331346,979,0,30.698978,0.325955,782.2
2026/7/11 16:20,0.331349,979,0,30.698978,0.325883,782.4
2026/7/11 16:20,0.331349,979,0,30.698978,0.325883,782.6
2026/7/11 16:20,0.331349,979,0,30.698978,0.325883,782.8
2026/7/11 16:20,0.331346,979,0,30.698978,0.325883,783
2026/7/11 16:20,0.331356,978,0,30.698978,0.325883,783.2
2026/7/11 16:20,0.331346,978,0,30.698978,0.325883,783.4
2026/7/11 16:20,0.331359,934,1,30.698978,0.325883,783.6
2026/7/11 16:20,0.333934,801,26,30.698978,0.325883,783.8
2026/7/11 16:20,0.333881,447,2,30.816528,0.327185,784
